frame_idx,filename,dioptra_abs_rel,dioptra_rmse,dioptra_delta1,dioptra_scale,unidepth_abs_rel,unidepth_rmse,unidepth_delta1,unidepth_scale,m3d_direct_abs_rel,m3d_direct_rmse,m3d_direct_delta1,m3d_direct_scale,m3d_median_abs_rel,m3d_median_rmse,m3d_median_delta1,da_outdoor_abs_rel,da_outdoor_rmse,da_outdoor_delta1,da_outdoor_scale,da_indoor_abs_rel,da_indoor_rmse,da_indoor_delta1,da_indoor_scale,zoe_abs_rel,zoe_rmse,zoe_delta1,zoe_scale,da_midas_abs_rel,da_midas_rmse,da_midas_delta1,da_median_abs_rel,da_median_rmse,da_median_delta1
0,000000_left.png,0.0825421065092086,2.527168035507202,95.29955641066752,1.0433067083358765,0.1287856996059417,10.66179084777832,78.71925142554038,0.9422101974487304,0.210453987121582,6.390754699707031,46.41874419838218,0.784302294254303,0.0854057744145393,5.420809268951416,94.9165395836096,2.7084293365478516,12.864182472229004,1.3161384431772976,3.838348388671875,0.2254215329885482,6.820596218109131,54.18918246916854,1.3125091791152954,2.0760881900787354,9.773516654968262,0.9050523803209124,3.250455617904663,0.11204670369625092,6.900064945220947,90.27954546396752,0.11321444064378738,2.2730588912963867,89.05241425627972
1,000001_left.png,0.0868695229291915,2.483406782150269,94.2299349240781,1.0210343599319458,0.1417851150035858,10.53457260131836,67.16168849682191,0.9530260562896729,0.2136826962232589,5.906782627105713,56.30628742012846,0.7767284512519836,0.10219506919384,4.819751262664795,94.73350998708638,2.686253786087036,12.47489070892334,1.3668304627098462,3.75960111618042,0.192264050245285,6.76737117767334,62.11992889127409,1.2660207748413086,2.184013843536377,10.124829292297363,0.9018565414996562,3.311150550842285,0.0832943469285965,4.003432750701904,92.33372899199315,0.07525340467691422,1.842890977859497,92.81019708834373
2,000002_left.png,0.0906916558742523,2.4684364795684814,93.2864044168392,1.0084917545318604,0.1163814961910247,11.146163940429688,87.61731668801954,0.9608691334724426,0.2105621397495269,5.924064636230469,55.59736274213526,0.7871959209442139,0.1001631766557693,4.964662075042725,93.64521305349002,2.681978464126587,12.421981811523438,1.3671517529933046,3.779136657714844,0.2322829961776733,6.810585021972656,54.48474297802427,1.327137470245361,2.2434170246124268,9.974534034729004,0.8985234590812161,3.3730826377868652,0.07370195537805557,2.00217604637146,95.57499137736484,0.06887003779411316,1.8034530878067017,95.39657734610194
3,000003_left.png,0.0909724608063697,2.477914333343506,92.62813276134568,1.016927719116211,0.1130731031298637,10.21526336669922,91.05825406945728,0.961695671081543,0.2871446013450622,7.985471725463867,15.902220255986538,0.7275095582008362,0.1071688830852508,7.012426376342773,90.50915383914746,2.5947153568267822,12.052282333374023,1.5687958396766122,3.771934747695923,0.2499189227819442,6.95290470123291,51.25586075581522,1.3332093954086304,2.2215497493743896,9.89895725250244,0.9620097241920722,3.270641326904297,0.08058301359415054,2.8101437091827393,93.74411367710182,0.07522090524435043,1.820733904838562,95.09042694015373
4,000004_left.png,0.089876964688301,2.6262829303741455,91.2974040304315,1.0049976110458374,0.1047409623861312,9.832886695861816,90.66790608307352,0.99322247505188,0.3093231618404388,9.054346084594728,20.027842392488783,0.7225693464279175,0.1387032717466354,8.25273609161377,86.92119179672385,2.455339193344116,11.05767822265625,1.6976743151705456,3.5023996829986572,0.297707200050354,7.240930557250977,37.39019823249732,1.32429301738739,2.1916182041168213,9.913689613342283,0.9495768045295035,3.1726067066192627,0.08520010858774185,3.2205970287323,92.3214198297308,0.08014204353094101,2.2219655513763428,93.81138658584888
5,000005_left.png,0.0920027568936348,2.587772846221924,88.03580547295064,0.999814748764038,0.0955286547541618,9.823478698730469,91.25270027931552,1.0088547468185425,0.2610737085342407,9.11281394958496,36.36284415661849,0.7961747050285339,0.1836888045072555,8.461774826049805,78.85641164410892,2.0857012271881104,10.176283836364746,1.9625469539014735,3.18054723739624,0.3484614789485931,7.548068523406982,29.368031444781295,1.370618462562561,1.6437000036239624,8.771638870239258,0.9471043374168132,2.738481283187866,0.09594198316335678,2.7114572525024414,91.33369739299629,0.1010778546333313,3.3758270740509033,89.8854129859164
6,000006_left.png,0.0854174569249153,2.7500221729278564,90.6563297839218,1.0099307298660278,0.0874982476234436,11.112536430358888,92.8416804429897,0.9869651198387146,0.2612493634223938,8.938780784606934,38.0079673726144,0.7548737525939941,0.1756865084171295,7.889928817749023,75.12161848506236,1.9018086194992063,9.874629974365234,2.2964222612748744,2.882643222808838,0.3609728813171386,7.88699197769165,28.21643590338731,1.3781877756118774,1.3876549005508425,8.107317924499512,1.303105949003131,2.34623122215271,0.09461065381765366,4.084320068359375,90.23920813857575,0.08969192951917648,3.306668281555176,91.16835588254814
7,000007_left.png,0.0775164887309074,2.907933473587036,92.4759545790845,0.990351676940918,0.0809342265129089,14.76222324371338,94.26841338020272,1.0219731330871582,0.2759603261947632,8.896366119384766,34.843424715639,0.7826194763183594,0.1991622000932693,7.864869594573975,72.33812265673374,1.7887288331985474,9.822318077087402,2.71757943337445,2.8425042629241943,0.345630407333374,8.189282417297363,25.639538001745414,1.3585244417190552,1.3809081315994265,8.58806037902832,1.6298650961196242,2.451049327850342,0.10814009606838226,5.956809043884277,86.96488273909753,0.08720757812261581,3.1145079135894775,91.92278595309564
8,000008_left.png,0.0712135806679725,2.9039433002471924,93.62319796786858,1.0047571659088137,0.1021436601877212,14.902066230773926,90.2385771113526,0.9811334013938904,0.3174519836902618,9.404611587524414,25.09047585814981,0.7374910116195679,0.167231485247612,8.119122505187988,75.52715272723647,1.679479956626892,9.510809898376465,2.8154691285405224,2.818791389465332,0.3377416729927063,8.409035682678223,27.913920819915656,1.3000171184539795,1.220893621444702,8.307051658630371,1.416707376648754,2.275954246520996,0.07778637856245041,3.247323989868164,94.62055955363469,0.07639889419078827,2.6574344635009766,93.86347530118678
9,000009_left.png,0.0746118947863578,2.8397183418273926,96.08431703204047,0.9953984022140504,0.1017588078975677,14.141331672668455,90.12422833625486,0.9561026096343994,0.2657443284988403,8.911307334899902,30.478368010568303,0.781086266040802,0.1812317371368408,7.826930999755859,71.74453166679369,1.7153712511062622,9.48939323425293,2.995198536696898,2.8351409435272217,0.347486138343811,8.54751205444336,22.89307217437695,1.3176246881484983,1.114388942718506,7.850363731384277,1.718364962020171,2.180206298828125,0.09675842523574829,4.197996616363525,91.39610967797739,0.07986363023519516,2.2698593139648438,94.84020983112767
10,000010_left.png,0.0627307593822479,3.0562474727630615,95.74526773092438,0.970339834690094,0.1104746311902999,15.763243675231934,89.57896752094297,0.9647834300994872,0.3245233595371246,11.021811485290527,26.863393406911825,0.7445381283760071,0.2121899276971817,10.12047004699707,67.66013153060855,1.6462830305099487,9.309048652648926,2.2616848543176915,2.7171630859375,0.3529146015644073,8.781413078308105,20.99936356157154,1.3133583068847656,1.0620602369308472,8.001758575439453,1.738563511898294,2.1168806552886963,0.11286953836679459,3.8884594440460205,82.16653888393874,0.10415663570165634,2.2657113075256348,86.73459872769847
11,000011_left.png,0.0691589191555976,3.1249969005584717,95.80825678386654,0.9706323742866516,0.1306662559509277,16.48857879638672,86.61988895561386,0.908113658428192,0.308863878250122,10.414074897766112,24.486656763277388,0.764896035194397,0.2035163789987564,9.375892639160156,69.98272174636789,1.6217738389968872,8.922444343566895,2.0733904358544835,2.6315488815307617,0.3348019421100616,9.091805458068848,36.448686747368754,1.3178279399871826,0.998786449432373,7.468161582946777,1.9543390541209689,1.995598554611206,0.1456746608018875,5.21035623550415,82.08693909622575,0.10639383643865585,2.4992167949676514,86.92063893854778
12,000012_left.png,0.0644797682762146,2.985640287399292,96.56822187848483,0.9824127554893494,0.1141929402947425,15.593084335327148,93.07573100826322,0.9180843234062196,0.2899098694324493,10.089407920837402,21.927298661047033,0.8112161755561829,0.1993592381477356,9.19176197052002,75.71706642214822,1.6260826587677002,9.075486183166504,2.505241596019068,2.7087254524230957,0.2730036675930023,9.249493598937988,53.089458359474285,1.2771872282028198,0.9133808612823486,7.634241104125977,1.8194102601225808,1.970351219177246,0.10215622186660767,4.6637067794799805,86.74667740636328,0.08594033867120743,2.5274009704589844,89.66626392804403
13,000013_left.png,0.0677237585186958,3.0093679428100586,95.55775650196252,0.9495252370834352,0.1191954910755157,16.3856258392334,91.87522155264092,0.922935962677002,0.3005149662494659,9.920416831970217,21.706977885637933,0.8151480555534363,0.2012635469436645,8.957521438598633,74.95159926921714,1.68257474899292,9.422449111938477,3.2694352793608377,2.801463842391968,0.2283815294504165,9.485527992248535,62.98257573691816,1.265776753425598,0.8259940147399902,7.375734806060791,3.2268971723066016,1.90584397315979,0.07621058821678162,4.347469329833984,94.34611414809436,0.06631887704133987,2.49695086479187,95.53281307170982
14,000014_left.png,0.0621734336018562,3.2349202632904053,96.86997494484125,0.965463161468506,0.1211115047335624,20.17694854736328,92.02156244632934,0.9327630996704102,0.2917838096618652,9.866294860839844,20.23556917212838,0.7817575931549072,0.1943868994712829,8.683006286621094,69.24304289774459,1.7527036666870115,9.486631393432615,3.783954481742281,2.897437334060669,0.2244780510663986,10.015985488891602,67.13222787937883,1.2571882009506226,0.7669705748558044,7.303929805755615,2.5451664552158184,1.9297460317611697,0.07675836235284805,3.7542293071746826,94.49655861456483,0.08026625216007233,2.923353910446167,93.25377442273535
15,000015_left.png,0.0527795143425464,3.280988931655884,97.15580261955527,0.9578812122344972,0.1244962364435195,19.60135269165039,91.95541909871004,0.9639820456504822,0.3015255630016327,11.148040771484377,18.26703555000731,0.7856890559196472,0.2076720744371414,10.208584785461426,62.44812578022201,1.7516909837722778,9.493249893188477,3.051160070627664,2.893974542617798,0.2351492643356323,10.205378532409668,65.6117502839727,1.271265983581543,0.7590066194534302,7.237931251525879,4.375991092816896,1.8834916353225708,0.08077244460582733,4.006176471710205,93.42765577565378,0.08253241330385208,2.969195604324341,94.06804958686995
16,000016_left.png,0.0459717251360416,3.1456198692321777,97.52990824267296,0.9864730834960938,0.1168213412165641,19.7424259185791,91.35260550573776,0.9796690940856934,0.279010146856308,10.753965377807615,17.419064286813708,0.8117914199829102,0.1921439170837402,9.877660751342772,65.34258367205003,1.75663423538208,9.300374031066896,3.2442693695593925,2.8710641860961914,0.2099653482437133,10.197508811950684,68.22257819937634,1.224698543548584,0.6856981515884399,7.35813570022583,4.162082352337572,1.8030943870544431,0.09559833258390427,4.8862080574035645,91.35214468867606,0.09625282138586044,3.3061747550964355,88.99472893716414
17,000017_left.png,0.0499177724123001,3.168998956680298,97.3271925680995,0.9824334979057312,0.1221695765852928,20.346811294555664,92.8493509641746,0.9959991574287416,0.2843169867992401,10.567468643188477,17.168137506709684,0.7870572805404663,0.181632325053215,9.489160537719728,70.4075448611023,1.7554383277893066,9.454298973083496,2.8408664584980694,2.8851468563079834,0.2341255992650985,9.964694023132324,61.77816769308022,1.2830108404159546,0.6670238971710205,7.559035301208496,3.8226449724975033,1.8138797283172607,0.11366549879312515,4.757897853851318,89.67403244643332,0.11922459304332733,3.286771059036255,92.49777407754306
18,000018_left.png,0.0510264933109283,3.4190714359283447,97.22255524917075,0.997133493423462,0.1275340616703033,20.21910858154297,91.54654444522194,1.0136889219284058,0.2835234403610229,10.708715438842772,16.429920929256177,0.7670718431472778,0.1587676256895065,9.58006191253662,75.26881720430107,1.721904158592224,9.403196334838867,2.714995451682878,2.877793312072754,0.2264602035284042,9.894221305847168,63.71667483031278,1.2829948663711548,0.6703688502311707,7.471646308898926,4.746577099806405,1.7791311740875244,0.09465675055980682,3.1548635959625244,93.83789655655748,0.11022312194108963,3.4789814949035645,89.92197355510909
19,000019_left.png,0.0574351102113723,3.4882891178131104,97.36352608168217,0.9763392806053162,0.1351322084665298,21.962684631347656,92.01616978271856,1.0334631204605105,0.2938185036182403,10.803961753845217,15.19560031493472,0.7534428238868713,0.1619397103786468,9.570806503295898,73.38272794575602,1.7245419025421145,9.544478416442873,2.941936848537551,2.8632235527038574,0.2215957343578338,10.160944938659668,64.25843449240278,1.2804458141326904,0.662058413028717,7.505471706390381,4.914979376476256,1.7422274351119995,0.10606389492750168,3.4613397121429443,92.50004414855104,0.11734020709991455,3.3146865367889404,90.90068930604365
20,000020_left.png,0.082678698003292,3.5123276710510254,95.17547430990962,1.0575125217437744,0.1163712218403816,20.86152076721191,94.5060263720178,1.012361764907837,0.295062392950058,10.31295394897461,14.760774869851614,0.745598554611206,0.1516186147928238,8.873910903930664,75.82958529588836,1.672801494598389,9.265606880187988,3.0722102206325035,2.8221652507781982,0.1950239688158035,10.378551483154297,65.73231339495462,1.2611428499221802,0.6863691806793213,7.60487174987793,4.780370908146522,1.7351949214935305,0.09982600063085556,3.1555299758911133,94.04600651828017,0.11197561770677567,3.5648505687713623,89.42524384401082
21,000021_left.png,0.0619630254805088,3.768033504486084,96.6975926758491,0.9861166477203368,0.1418979316949844,20.930356979370117,93.0314721052103,1.0583696365356443,0.3046288788318634,10.170930862426758,17.627214774815226,0.7263757586479187,0.1458394527435302,8.586519241333008,74.91093636454941,1.6205322742462158,8.764914512634277,3.883351746710701,2.7435710430145264,0.2187198847532272,10.350523948669434,65.21821329189831,1.268304467201233,0.6900350451469421,7.108016490936279,6.469889696976858,1.7765320539474487,0.1132325530052185,3.5510456562042236,92.13087387376721,0.13409864902496338,3.8398830890655518,85.81923445769152
22,000022_left.png,0.0523839853703975,3.9417262077331543,96.30901287553648,0.9912320375442504,0.1337534040212631,22.517398834228516,92.42307216093675,1.0574135780334473,0.26607745885849,9.686325073242188,22.11937007316915,0.7824066281318665,0.160228818655014,8.459461212158203,76.05464397106252,1.629808783531189,9.062640190124512,3.1118998626235945,2.7538530826568604,0.2573153674602508,10.2173490524292,61.78990253939991,1.2677513360977173,0.7222390174865723,7.253008365631104,5.236812159875477,1.8111205101013184,0.09115204960107803,4.349059104919434,94.09012776665307,0.10003024339675903,3.561483383178711,89.66643629683449
23,000023_left.png,0.0586538016796112,4.0560455322265625,96.42406223272106,0.989836037158966,0.1395314335823059,21.73272132873535,91.8615226639284,1.0820062160491943,0.2389790415763855,9.129034996032717,30.89511515329324,0.8091843724250793,0.1630468815565109,8.144217491149902,70.98547748276368,1.5417031049728394,8.792631149291992,3.320522223852134,2.6156439781188965,0.2394226938486099,10.229074478149414,61.88176617280329,1.2944414615631104,0.7204698920249939,7.46100378036499,4.900689452838492,1.8147906064987185,0.0997643917798996,3.9442784786224365,93.16693511409996,0.12133223563432693,4.053037166595459,89.04264199301645
24,000024_left.png,0.0684006437659263,4.361507415771484,95.5059812479793,0.9785539507865906,0.1403523683547973,21.532697677612305,92.8791398149927,1.102829933166504,0.2597067356109619,10.304951667785645,21.94705926870303,0.8308195471763611,0.1615835428237915,9.438311576843262,74.3557053621847,1.6147234439849854,9.213825225830078,3.523754635370276,2.7292187213897705,0.2327869534492492,10.337471961975098,59.1109403470779,1.217645525932312,0.7114753723144531,7.655147552490234,6.567235427327291,1.705744981765747,0.10068261623382568,4.574520587921143,90.98785817224942,0.11244816333055496,3.982588768005371,88.35061350946081
25,000025_left.png,0.0793023258447647,4.422366619110107,96.1364455298875,0.960536777973175,0.1442943215370178,23.586347579956055,91.65795417131172,1.073175311088562,0.2782459855079651,10.852006912231444,16.41953986472046,0.8254325985908508,0.1804847866296768,10.015066146850586,71.45266660120261,1.5463829040527344,8.757047653198242,5.891187190610144,2.6355955600738525,0.2939319014549255,10.062335968017578,48.286478399750465,1.2948371171951294,0.7549848556518555,7.953847408294678,4.907493516170583,1.718220591545105,0.08662141114473343,4.547962665557861,90.77534146638025,0.08349699527025223,3.4271984100341797,92.18173712154987
26,000026_left.png,0.068897470831871,4.354680061340332,95.58893093661304,0.9486877918243408,0.1449164003133773,21.17694091796875,92.7284408827292,1.074577808380127,0.2499901801347732,10.969877243041992,37.68865840996312,0.8359704613685608,0.1655357629060745,10.279638290405272,81.97828169547334,1.4997628927230835,8.575898170471191,7.68573280634225,2.570688247680664,0.2538558542728424,10.127389907836914,65.48533469479071,1.190732479095459,0.7978439331054688,8.191688537597656,6.502297459314033,1.763730525970459,0.09335709363222122,4.724886894226074,89.97958655587821,0.09493234008550644,3.5623691082000732,91.92030131393577
27,000027_left.png,0.067672275006771,4.153539180755615,95.46335037966836,0.9524292945861816,0.116472378373146,20.23249626159668,94.64773037387428,1.0289442539215088,0.2666969299316406,10.776684761047363,32.36320840534886,0.802317202091217,0.1595721542835235,9.910239219665527,79.75757300100064,1.46484637260437,8.589920997619629,9.784635677249158,2.5685441493988037,0.2773482501506805,9.977060317993164,57.992586191212595,1.190073013305664,0.8243939280509949,8.2455472946167,7.405280633130173,1.8262790441513064,0.09463633596897125,4.638776779174805,88.80782056032149,0.09489812701940536,3.63413405418396,89.50893493316613
28,000028_left.png,0.0668274313211441,4.217145919799805,95.45161412692993,0.9553478956222534,0.1340423226356506,21.876575469970703,93.74374486938724,1.0554274320602417,0.2747006118297577,11.236584663391112,41.49583366131771,0.8318533897399902,0.1639077514410019,10.443225860595703,77.53381987472872,1.4448981285095217,8.46622085571289,11.40654694299819,2.602384328842163,0.2825202941894531,9.914426803588867,55.94588820043407,1.237403154373169,0.8824098110198975,8.526779174804688,8.866261090557423,1.9650962352752688,0.09482678771018982,4.338298797607422,90.35873427717299,0.10400955379009247,4.034280776977539,87.15268768684076
29,000029_left.png,0.0674744248390197,4.343282699584961,94.06294174540584,0.9171615839004515,0.1309974491596222,22.346494674682617,94.0777380435146,1.051632285118103,0.264089971780777,11.272083282470703,47.25666477279057,0.8292975425720215,0.1934118568897247,10.58084201812744,71.4709847041654,1.3701225519180298,8.268806457519531,12.980292548154583,2.5277531147003174,0.3080178201198578,9.912554740905762,51.510087675322794,1.2472140789031982,0.8602622151374817,8.30433177947998,11.960384568251952,1.9629517793655396,0.11047828942537308,5.579764366149902,87.85869498427523,0.0960739329457283,3.953674077987671,88.47930643458443
30,000030_left.png,0.0723425149917602,4.353612422943115,93.54720975218072,0.9879571795463562,0.1486003398895263,22.891157150268555,90.8976558664026,1.082053780555725,0.3084068298339844,12.005128860473633,35.860996022310374,0.8709455132484436,0.2303759902715683,11.470072746276855,61.80866264668076,1.3402256965637207,8.511605262756348,13.15340862071819,2.5252928733825684,0.2715006470680237,10.181849479675291,54.319461991272256,1.1659001111984253,0.9050078392028807,8.849028587341309,11.677636115877103,2.0186996459960938,0.10772334784269333,4.932493209838867,90.93863495438038,0.10812899470329285,4.078826904296875,86.94027371777837
31,000031_left.png,0.0762406811118125,4.177844047546387,93.76185533803373,1.028578281402588,0.1511028259992599,24.17484474182129,90.32588847518412,1.0131330490112305,0.3702861964702606,12.777820587158203,24.513744564412736,0.7270664572715759,0.2584273517131805,11.623812675476074,52.021517522743096,1.2830088138580322,8.457201957702637,11.08064684173873,2.3309435844421387,0.2667650580406189,10.075979232788086,55.36155908819224,1.085025668144226,0.9124298095703124,8.600651741027832,12.242615004140092,1.9303654432296753,0.12561853229999542,6.073697090148926,83.3268256735428,0.11180251836776733,4.725579738616943,82.67294335036324
32,000032_left.png,0.073539949953556,4.359045505523682,93.78836238644732,1.003260612487793,0.1382782310247421,23.90164375305176,92.97321804108788,1.0094536542892456,0.3576492667198181,11.874058723449709,21.855454987409257,0.6587153673171997,0.2726018130779266,10.020353317260742,53.84413697417941,1.2762211561203003,8.662653923034668,10.17310223902202,2.1807920932769775,0.3314132392406463,10.149441719055176,40.439501614127856,1.0189533233642578,0.861790657043457,8.557701110839844,13.473461116178967,1.7900234460830688,0.15333595871925354,5.983520030975342,72.10983846318176,0.16639907658100128,4.654290199279785,78.56966788818957
33,000033_left.png,0.069912776350975,4.344955921173096,94.4211178414097,1.0060189962387085,0.1614789217710495,22.033557891845703,88.9891530741973,0.920419216156006,0.4291958212852478,12.419187545776367,8.079201493142904,0.5329532623291016,0.3422175645828247,9.76179313659668,27.944494035543293,1.2658339738845823,8.89799976348877,11.795828937758662,2.088057041168213,0.3202690482139587,9.952795028686523,44.360410073304664,0.9519844651222228,0.9130820035934448,8.907333374023438,14.562471259704076,1.7345455884933472,0.1783425509929657,6.327013969421387,69.05407898592405,0.2102528214454651,4.469020366668701,66.79671814462303
34,000034_left.png,0.0758350491523742,4.302770614624023,94.45834460373275,0.9870873689651488,0.1855840384960174,23.163429260253903,81.15996078765664,0.8859971165657043,0.4802956879138946,13.9120512008667,7.621899241326401,0.5368243455886841,0.4536511600017547,12.04180908203125,5.525424090017901,1.261781096458435,8.94409465789795,11.34174409683744,2.089212656021118,0.3107493817806244,10.116482734680176,38.61456823800187,0.8881537914276123,0.8798120617866516,8.571100234985352,16.137264512829255,1.7269527912139893,0.17549166083335876,6.557309150695801,68.99727896247748,0.20319201052188873,5.633519649505615,70.70153586263305
35,000035_left.png,0.0689162239432334,4.1187357902526855,94.68078024099594,0.9736721515655518,0.1566757261753082,22.372791290283203,89.572785142545,0.9163875579833984,0.4830366373062134,13.349145889282228,7.543750919136957,0.52420973777771,0.3840866684913635,11.008554458618164,20.749910712409925,1.2421571016311646,8.84157657623291,13.279165528687578,2.0454792976379395,0.3038991689682007,10.123793601989746,40.01186999726885,0.9259956479072572,0.8888153433799744,8.836885452270508,14.33696086052228,1.7406580448150637,0.1706557720899582,6.72276496887207,69.61771895810503,0.1953250765800476,4.997463226318359,76.78654219000252
36,000036_left.png,0.0679183900356292,3.897656202316284,93.87312844759651,0.95672345161438,0.1607773154973983,22.32757568359375,86.40904093106239,0.9382284283638,0.5095459818840027,13.371684074401855,7.078397610107255,0.5131995677947998,0.3700451254844665,10.955145835876465,31.171296392340725,1.2660731077194214,9.22880744934082,13.027716117254112,2.0452821254730225,0.2868855595588684,9.693807601928713,38.77352032031202,0.9135309457778932,0.8185264468193054,8.259818077087402,20.163682758334545,1.7025041580200195,0.16710399091243744,6.713045597076416,70.08138113933595,0.1790642887353897,4.976941108703613,82.41855385975404
37,000037_left.png,0.0729482397437095,3.943780660629273,94.47522763358285,1.0274277925491333,0.1403455436229705,24.622941970825195,92.30859974047422,0.974519431591034,0.4939318299293518,12.753721237182615,6.128603741069185,0.5189786553382874,0.2652939558029175,10.049358367919922,55.03998030476327,1.1617331504821775,8.899943351745605,13.30043955254884,1.88508141040802,0.2530608475208282,10.67531681060791,45.3416149068323,0.8902397751808167,0.8211997151374817,8.470261573791504,15.458709243938843,1.6916933059692385,0.16279341280460358,6.597908020019531,70.78797357644106,0.15890301764011383,4.883881092071533,87.12211635420739
38,000038_left.png,0.0672206878662109,3.967329740524292,94.36962934461972,1.019261598587036,0.1547591388225555,24.23348617553711,90.61062922707154,0.9283978343009948,0.495107501745224,12.805039405822754,4.864403420783853,0.4986750781536102,0.2676986753940582,9.93052864074707,56.2178285238088,1.1519614458084106,9.28372287750244,14.768517812771536,1.7515804767608645,0.2431463450193405,10.150482177734377,47.54188326041556,0.832205593585968,0.7764288187026978,8.415070533752441,14.235989369756652,1.5611963272094729,0.1721166968345642,7.549196720123291,68.6846960723351,0.18200933933258057,4.986721515655518,86.5182111948134
39,000039_left.png,0.0703979060053825,3.91306471824646,92.09220985691574,1.0140167474746704,0.1420414000749588,23.99041748046875,91.13104185793122,0.9414123296737672,0.531158983707428,12.822001457214355,2.658367046337305,0.445498377084732,0.2304250001907348,9.394475936889648,64.5014679028662,1.1143964529037476,9.281577110290527,14.101451760979003,1.6404032707214355,0.2285370379686355,9.355629920959473,54.2644848215817,0.8775027394294739,0.6877826452255249,8.228456497192383,14.703745926695657,1.4415762424468994,0.15581625699996948,6.831911563873291,73.08208120568632,0.20349246263504028,4.966245174407959,78.0335733842113
40,000040_left.png,0.0747880190610885,3.6817939281463623,93.1665245000474,1.040332555770874,0.1558786928653717,24.654829025268555,89.23774471653302,0.9190822243690492,0.5672064423561096,13.184891700744627,1.4400554330961692,0.4109926521778106,0.233536958694458,9.503599166870115,61.223444584477726,1.0119028091430664,9.083358764648438,14.67320080940354,1.497502326965332,0.1831856071949005,9.283221244812012,64.98024191726208,0.8278404474258423,0.6185239553451538,8.03901481628418,16.781064375699817,1.3395519256591797,0.11843668669462204,6.145037651062012,87.53770919474816,0.14255940914154053,5.185765266418457,89.83123404126732
41,000041_left.png,0.0667012855410575,3.5730347633361816,93.15331778940072,1.0257903337478638,0.1590925604104995,24.9681453704834,88.58061157057892,0.9172507524490356,0.5819284915924072,12.93448257446289,0.2663355828343713,0.3784054517745971,0.2549935281276703,8.563214302062988,53.031820093317585,0.8715624809265137,8.574915885925293,18.167891543344613,1.3516901731491089,0.2040807008743286,9.378589630126951,56.02158719987184,0.7337248921394348,0.5908188819885254,7.763331890106201,23.85055169513587,1.2567594051361084,0.12769579887390137,6.047998428344727,83.94738823765657,0.1824195384979248,5.54388952255249,80.57782574863826
42,000042_left.png,0.0670184344053268,3.5484187602996826,93.5913964969655,1.0443600416183472,0.1581924259662628,23.519996643066406,88.63914548788226,0.8902363181114197,0.5703281164169312,13.094240188598633,0.203336314267015,0.4038675129413605,0.2312410622835159,9.310931205749512,67.90983258476926,0.9105775356292723,8.705137252807617,16.1724811526721,1.3659372329711914,0.1830587089061737,9.266009330749512,63.26057523693427,0.731131374835968,0.5441868305206299,7.6051344871521,22.326027547824,1.1594842672348022,0.11255042254924774,5.622859954833984,89.85446256356305,0.14633168280124664,5.295944690704346,87.11405024924225
43,000043_left.png,0.0632100403308868,3.608748197555542,93.71460928652324,1.0152829885482788,0.1656570732593536,25.120861053466797,86.8415794101191,0.8872134685516357,0.5564360618591309,12.640698432922363,0.1823395412037407,0.3922710120677948,0.2788780033588409,8.593785285949707,50.38765886020302,0.9202398657798768,9.085797309875488,14.424806170569898,1.3599706888198853,0.207621082663536,9.80454921722412,57.46343217968188,0.6963781118392944,0.5270390510559082,7.511393070220947,22.57413476140996,1.1618109941482544,0.1267327219247818,5.929414749145508,81.47490939713379,0.1901700347661972,5.48756742477417,78.17962174869798
44,000044_left.png,0.0646919682621955,3.4691715240478516,94.20838459354594,1.0033005475997925,0.1494350582361221,25.62260055541992,90.40016016416828,0.9228871464729308,0.568368673324585,12.73893928527832,0.2017067494181535,0.4257724583148956,0.1704379171133041,8.788655281066895,78.60707224905528,0.9379841685295104,8.88956069946289,14.35921819865362,1.3532748222351074,0.2811112701892853,10.583908081054688,39.72121424460072,0.6254343390464783,0.519990086555481,7.787312984466553,17.118045997147075,1.228447437286377,0.11786416172981262,5.45994758605957,88.89223555870143,0.14618074893951416,5.26952600479126,85.82451067504003
45,000045_left.png,0.0697004124522209,3.5885860919952393,95.21018785440492,1.0115458965301514,0.1462619006633758,25.272489547729492,90.6275890117946,0.9136963486671448,0.6031143665313721,13.410832405090332,0.2455324640111669,0.3618766069412231,0.2477831393480301,9.311259269714355,55.63193227521729,0.9517281651496888,9.144835472106934,13.16284978333894,1.3620986938476562,0.258611261844635,9.707609176635742,50.163939365029954,0.6128066182136536,0.5955259203910828,7.966583728790283,16.013838189587215,1.2374197244644165,0.11144210398197174,5.405468940734863,90.17467688805165,0.1451050490140915,5.599551200866699,83.97737460838731
46,000046_left.png,0.0688726082444191,3.6464240550994873,94.99808965868569,1.017835021018982,0.1662870198488235,26.08329200744629,87.90824300478951,0.8774821758270264,0.5609123706817627,13.012894630432127,0.2142677085959163,0.3995029628276825,0.2501102685928345,9.351508140563965,57.756995210486515,0.934451699256897,8.919315338134766,16.93370305016385,1.3371217250823977,0.2503005266189575,10.186023712158203,48.814721451978826,0.6470319628715515,0.6186929941177368,8.011847496032715,14.309049659692462,1.2697876691818235,0.1085813045501709,5.568784236907959,91.14366504964869,0.1261189579963684,5.493236064910889,90.85938013748867
47,000047_left.png,0.0672748908400535,3.527505397796631,95.29945959773607,1.0118929147720337,0.1480547487735748,25.22572135925293,88.50692792728965,0.898945689201355,0.5736200213432312,13.060272216796877,0.2439197190368713,0.4306802749633789,0.1384407430887222,9.49083137512207,85.95234962501138,0.9670650362968444,9.19914722442627,16.014695910043216,1.3332090377807615,0.2191280573606491,9.738512992858888,52.97814843678835,0.6695305109024048,0.6478498578071594,7.862888813018799,12.96316913454045,1.3196479082107544,0.11048511415719986,5.744042873382568,90.54411309514748,0.15491542220115662,5.4546308517456055,89.59624098684243
48,000048_left.png,0.0679010152816772,3.5187902450561523,94.97836885114565,0.9783918261528016,0.1486585140228271,25.295915603637695,90.74277072358738,0.9425055980682372,0.5572323799133301,12.963810920715332,0.2283730702475564,0.3822855949401855,0.2926987707614898,9.075200080871582,34.41937415628838,0.9881558418273926,8.838581085205078,15.303533185144586,1.3429657220840454,0.2424026280641555,10.10769748687744,50.418683962120525,0.6232631206512451,0.6893559098243713,8.009085655212402,7.375942673284411,1.4148870706558228,0.1336434781551361,6.091508388519287,83.85612565338437,0.20772704482078552,5.956693649291992,70.61080940771693
49,000049_left.png,0.0663098245859146,3.4291090965270996,95.56169310809943,0.9990097284317015,0.1384430825710296,25.09441566467285,90.79358774583194,0.9629366397857666,0.5475857853889465,12.384235382080078,0.2561438887021703,0.401664525270462,0.2497498989105224,8.422688484191895,54.86418772342571,1.0600168704986572,9.203520774841309,11.06460122012079,1.3947765827178955,0.2383138984441757,9.847840309143066,52.56347581655413,0.6588669419288635,0.6760944128036499,7.84662389755249,12.700764867039425,1.2685974836349487,0.12055287510156631,6.435817241668701,88.89928138448485,0.18048913776874542,5.965934753417969,82.39545319799237
50,000050_left.png,0.0715125054121017,3.367452621459961,95.72878080206152,0.988353967666626,0.1337370574474334,22.980480194091797,91.94114277531146,0.9474079608917236,0.5771479606628418,12.982498168945312,0.298173114297989,0.4149715602397918,0.1605729758739471,9.684188842773438,80.29653648656942,1.076778769493103,9.339049339294434,16.338147746568197,1.3235771656036377,0.2698822021484375,10.046278953552246,43.06530144636975,0.6241243481636047,0.7082262635231018,8.19575023651123,10.359342075653116,1.3176640272140503,0.09219804406166077,5.569519996643066,92.16274375869878,0.12966425716876984,5.484781742095947,92.06362249693136
51,000051_left.png,0.0724489241838455,3.455803871154785,95.1717464925012,1.0222299098968506,0.1368729174137115,24.034000396728516,91.3976507310662,0.9568886756896972,0.5362058281898499,12.491617202758787,0.2782569410218498,0.4537641704082489,0.1653153747320175,9.453469276428224,81.87736159027436,1.1117993593215942,9.064010620117188,11.60464925250534,1.4031422138214111,0.2309167385101318,9.80930519104004,54.72882782980122,0.6926949620246887,0.7135338187217712,8.379122734069824,11.77971496632167,1.26423180103302,0.09610941261053085,5.837087631225586,91.25409312766439,0.1311635673046112,5.074582099914551,92.85633379327388
52,000052_left.png,0.0749591737985611,3.80136775970459,95.25548624802045,1.0031230449676514,0.1299690455198288,24.03668975830078,91.49358040078074,0.9351383447647096,0.5247726440429688,12.588350296020508,0.3090059792656988,0.4569211304187774,0.1879457831382751,9.704310417175291,70.1222118647996,1.1473201513290403,9.174498558044434,11.652100468144058,1.3724595308303833,0.1874619573354721,9.777440071105955,60.97460485860401,0.7560406923294067,0.7663403749465942,8.649114608764648,9.323225404411575,1.278470754623413,0.10779274255037308,6.12296199798584,90.88004797253986,0.18340221047401428,5.7363152503967285,87.12237133227188
53,000053_left.png,0.0625955611467361,3.91821551322937,95.415073553237,0.9801644682884216,0.130045935511589,26.1804141998291,92.05945719732784,0.963907778263092,0.472093403339386,12.287583351135254,0.3223956476587566,0.5482591390609741,0.1423804610967636,10.157164573669434,85.82595801623344,1.1689717769622805,9.344861030578612,11.142282912514014,1.3566250801086426,0.1837821453809738,9.380097389221191,60.642931320427174,0.7528505921363831,0.7989782691001892,8.819900512695312,11.468295178015095,1.287671446800232,0.10122028738260269,5.809292316436768,88.72310390998827,0.1520097255706787,5.583917140960693,89.78908690823411
54,000054_left.png,0.0654962137341499,3.787982225418091,95.87534968447076,0.9661468863487244,0.1369668543338775,26.661584854125977,92.86532669048002,0.9312310814857484,0.5328947305679321,12.728582382202148,0.3743085401448501,0.4094749689102173,0.2716612219810486,9.709370613098145,51.5192675580256,1.2620935440063477,9.559247016906738,8.267449154695187,1.396697998046875,0.1997544318437576,9.728888511657717,65.73780775471903,0.7309513688087463,0.8395654559135437,8.695944786071777,8.829948830674637,1.3273801803588867,0.09903409332036972,5.277101039886475,90.56071648264573,0.18437640368938446,5.836599349975586,74.06503810745154
55,000055_left.png,0.066365048289299,3.6837196350097656,95.75280752154607,0.9627261757850648,0.1365796476602554,25.80519676208496,90.99377912782955,0.9178355932235718,0.5110056400299072,12.247732162475586,0.3755409454061251,0.4310447871685028,0.2602290213108063,9.40246868133545,56.52931507989347,1.3361704349517822,9.495805740356444,8.143829061251665,1.4331568479537964,0.2236324250698089,9.920820236206056,58.20156458055925,0.628192663192749,0.856571614742279,8.726865768432617,9.586176764314247,1.3373616933822632,0.12226802110671997,5.983785629272461,84.95191075640535,0.22732271254062653,5.964856147766113,68.16173048057864
56,000056_left.png,0.0632094070315361,3.592711925506592,96.02822911537832,0.9846799373626708,0.1301872730255127,24.098735809326172,92.22618898492632,0.9404719471931458,0.5168325304985046,12.514402389526367,0.3998079251743287,0.4366545677185058,0.2438576519489288,9.802046775817873,54.79143179255919,1.3605817556381226,9.363462448120115,7.983631884421061,1.4460734128952026,0.2584737837314605,10.069208145141602,42.94542569627124,0.6287825703620911,0.8857716917991638,8.811294555664062,8.78690133199716,1.3729689121246338,0.10409782826900482,6.007589817047119,88.52550121634091,0.15107271075248718,5.887836933135986,90.42079104102004
57,000057_left.png,0.0636612102389335,3.6378002166748047,95.45034337031169,0.9758519530296326,0.1157052516937255,23.069774627685547,92.91115757699625,0.9660160541534424,0.4553867280483246,11.936960220336914,0.591653958421767,0.5021227598190308,0.2238721251487732,9.613659858703612,62.72632467076475,1.354602336883545,9.677942276000977,8.502732927717599,1.4277971982955933,0.2199146896600723,9.866616249084473,56.26110333768296,0.7049205899238586,0.8906094431877136,8.658479690551758,8.090828577567459,1.4403836727142334,0.11197398602962494,6.1255388259887695,87.2908854728184,0.13454598188400269,5.823522567749023,88.32166692085596
58,000058_left.png,0.0559112541377544,3.57295823097229,95.84026069029726,0.9715691208839417,0.1253365874290466,23.383031845092773,90.32585700603089,0.9952832460403442,0.4402226209640503,11.603105545043944,1.5071939038637632,0.4784588515758514,0.3026318252086639,9.316017150878906,38.838134531791056,1.4142282009124756,9.761822700500488,10.029365020892318,1.403244137763977,0.2365106046199798,9.772377014160156,52.31183757670165,0.6851462125778198,0.959278404712677,8.813765525817871,8.484280767490079,1.4785906076431274,0.12710867822170258,6.013168811798096,87.82171107520409,0.1419094204902649,5.091214179992676,91.17901762612341
59,000059_left.png,0.0483063273131847,3.5564544200897217,96.27395791448868,0.991622269153595,0.1243809685111045,21.594661712646484,92.38163649039782,0.977156400680542,0.4267197847366333,11.863593101501465,3.238755202501426,0.487075001001358,0.3326552212238312,9.836992263793944,41.16842372129381,1.3710455894470217,9.723965644836426,8.932457270825852,1.4391984939575195,0.2185054868459701,9.353718757629396,62.697800688737246,0.757956862449646,0.977989375591278,8.727581977844238,9.243551010922612,1.605801343917847,0.1290309578180313,6.2234039306640625,87.77196963270846,0.13869121670722961,5.372952938079834,91.54614471117142
60,000060_left.png,0.0592669136822223,3.7874763011932377,95.94125770487386,0.9847145080566406,0.1674856543540954,22.68353843688965,89.56966258837475,0.9524351358413696,0.4487341642379761,12.010544776916504,11.800939841666311,0.452616423368454,0.3897342681884765,9.701026916503906,47.319122814444775,1.4497175216674805,10.566454887390137,8.91632445705093,1.484877109527588,0.342898279428482,9.529677391052246,29.877545404512933,0.5644485354423523,0.9794586300849916,8.625500679016113,10.365776216078912,1.6073867082595823,0.16948316991329193,6.656118392944336,71.72478243093278,0.19198356568813324,5.553618431091309,81.08702231709066
61,000061_left.png,0.0584710016846656,3.874934196472168,95.76506431956668,0.9753184914588928,0.1811234205961227,24.32009506225586,90.8968432175406,0.9467074871063232,0.39758962392807,10.959080696105955,15.180029058248582,0.495132178068161,0.3844792544841766,8.77470874786377,32.081363096024305,1.396824836730957,9.999415397644045,12.862765816933033,1.408843755722046,0.2595943510532379,8.465592384338379,36.09562805441818,0.7667209506034851,0.973704993724823,8.47924518585205,10.09800554748382,1.5708733797073364,0.12928922474384308,6.19976282119751,86.89614935822637,0.1341601014137268,5.399886131286621,89.38792829107881
62,000062_left.png,0.0580714866518974,3.7720654010772705,95.57621196186858,0.9819514155387878,0.1414305418729782,22.751070022583008,93.63326960650434,0.9585517048835754,0.3378027677536011,10.310028076171877,45.24359755457048,0.4812021255493164,0.5236949920654297,9.889607429504396,40.477741129015314,1.426693081855774,10.382375717163086,11.576923884955566,1.4339791536331177,0.2410337328910827,8.305602073669434,42.845963150486355,0.8065636157989502,0.948789358139038,8.525057792663574,9.2102775268388,1.602835774421692,0.1491101235151291,6.057616710662842,83.54598631777161,0.14791950583457947,5.444702625274658,87.60898575339286
63,000063_left.png,0.0570294633507728,4.490105152130127,95.41989904807072,0.96185040473938,0.1424829512834549,25.485315322875977,92.97506896372248,0.9731067419052124,0.3288367390632629,9.4884614944458,44.28720137406964,0.4986593723297119,0.5735676884651184,9.713294982910156,43.09113620985791,1.3750914335250854,11.098133087158203,9.1713943683964,1.4854034185409546,0.2655412554740906,8.193486213684082,33.94992973507521,0.772104024887085,0.9068570137023926,8.710882186889648,8.12210482485817,1.5454204082489014,0.1423206776380539,5.83427619934082,86.64647130532143,0.11507974565029144,4.4850311279296875,88.24797392391686
64,000064_left.png,0.057149264961481,4.105099201202393,95.47599784250272,0.97436261177063,0.1506910920143127,25.824613571166992,91.7404722527062,0.9692009091377258,0.3112050890922546,9.232175827026367,42.22658443719698,0.5029615163803101,0.5408154726028442,9.048527717590332,44.57187607874657,1.3139368295669556,11.670531272888184,9.388894899815035,1.495686411857605,0.1969871073961258,8.034530639648438,61.50826158863626,0.891493558883667,0.9152767062187196,9.119305610656738,8.583602536954317,1.5682494640350342,0.13595278561115265,5.786586761474609,86.99597765710175,0.10620550811290741,4.922417640686035,90.60159133617364
65,000065_left.png,0.0645136758685112,4.107429027557373,95.17899920149056,0.9379804730415344,0.1451461762189865,23.937397003173828,91.58116311941346,0.9694245457649232,0.2935959994792938,8.811573028564453,39.55246646803405,0.5624918341636658,0.4278091192245483,8.266524314880371,44.85504225180244,1.276846408843994,13.28559684753418,6.348447716572266,1.6181310415267944,0.139753982424736,7.702136516571045,87.60359572499212,1.0224041938781738,0.8687164783477783,8.836346626281738,9.973154089425355,1.528853178024292,0.12634365260601044,5.687616348266602,89.93075768252704,0.09312355518341064,4.581051826477051,90.8652225864763
66,000066_left.png,0.0679878666996955,3.836573362350464,96.21112641322102,0.922401249408722,0.1479761600494384,26.024463653564453,92.68125889135698,0.9830743074417114,0.270279198884964,7.782385349273682,42.48234207702099,0.6762132048606873,0.3515105843544006,7.344039440155029,51.10390096588214,1.1641687154769895,14.296266555786133,5.194798712157136,1.6912493705749512,0.1344787180423736,7.668430805206299,87.51191753812364,1.0358885526657104,0.7693628072738647,9.235633850097656,9.87446027903262,1.5581244230270386,0.15711192786693573,5.917776584625244,86.68507816533258,0.09939520061016083,4.781548976898193,87.53264198322917
67,000067_left.png,0.0579306632280349,3.7664663791656494,96.65382027283292,0.9622340798377992,0.142346441745758,23.97513008117676,94.8050997198278,0.964058518409729,0.2029538601636886,7.485679626464844,73.36899753018929,0.8891869783401489,0.2402273267507553,7.2587571144104,59.71816823999141,1.101171374320984,14.90855884552002,4.22161914152113,1.774311065673828,0.1287020295858383,7.367321014404297,90.77335337817392,1.0762253999710083,0.7069000601768494,9.426244735717772,9.612249480168298,1.644117832183838,0.11062169075012207,5.043445587158203,89.72395570349381,0.08720599114894867,4.263658046722412,89.63326453877414
68,000068_left.png,0.0486553460359573,3.261357545852661,97.03645193376632,0.979440212249756,0.1323064267635345,24.99830436706543,94.76741464693272,0.9649860858917236,0.2162157446146011,6.348548412322998,63.96588685745313,0.786004364490509,0.2236687988042831,5.605459213256836,64.6202525720598,1.096414566040039,14.475578308105469,4.1035938626300075,1.7891474962234497,0.0993093624711036,6.948492527008057,91.9000009361455,1.0325090885162354,0.7743518948554993,9.146349906921388,3.365443124479269,1.6976720094680786,0.09852650761604309,5.667147159576416,93.75913936025654,0.06932471692562103,4.671388626098633,93.84894606425647
69,000069_left.png,0.0540890395641326,3.2080283164978027,96.88266298373684,0.9752435088157654,0.1298722624778747,26.506420135498047,95.1671156968664,0.9781627058982848,0.1576085090637207,6.400762557983398,80.30414112292033,0.8614915609359741,0.1911482810974121,5.9643025398254395,69.4523030976337,1.0849542617797852,14.318116188049316,3.752063364982841,1.7956620454788208,0.1364830434322357,7.063486099243164,91.9399453967283,1.1117852926254272,0.8038070797920227,9.124589920043944,3.2797945405723903,1.740479826927185,0.07744617760181427,4.950225830078125,92.36686390532545,0.0701761543750763,4.529830455780029,92.42332535344866
70,000070_left.png,0.0453879386186599,2.842088222503662,97.1010136888986,0.9945812225341796,0.1300046592950821,24.77363014221191,94.4136022693653,0.9466869235038756,0.1483446508646011,7.248249053955078,78.88872452620038,0.8513407111167908,0.1522208750247955,6.721222877502441,84.96327944170828,1.1046357154846191,14.255990028381348,2.8332260141661303,1.8391358852386477,0.1587763428688049,6.699169158935547,87.14127843232802,1.1642311811447144,0.811323881149292,9.089656829833984,2.5338925532100034,1.7101771831512451,0.0915459468960762,5.833588600158691,94.7368191073785,0.06426293402910233,4.56797456741333,94.75386053990754
71,000071_left.png,0.0386487245559692,2.5380167961120605,97.24726974641035,0.9948710203170776,0.1197283565998077,25.207902908325195,95.66702792406822,0.968071460723877,0.1187707260251045,6.599978923797607,83.95212774964862,0.8768578767776489,0.1254158914089203,6.142335414886475,88.7766074543207,1.044292449951172,13.072778701782228,2.1374866645217008,1.833231806755066,0.1417614072561264,6.523963451385498,90.99580038270706,1.1324223279953003,0.8233148455619812,9.096118927001951,2.4575381437014205,1.7439805269241333,0.05520143359899521,4.65183162689209,95.96801278808259,0.05915891006588936,4.442804336547852,95.9293254371458
72,000072_left.png,0.040967546403408,2.557631731033325,97.55056408171562,0.9947301745414734,0.1242970526218414,23.182065963745117,95.96553872211524,0.953142523765564,0.0969883203506469,6.371903419494629,84.26971324340721,0.9375592470169068,0.1201234087347984,6.17887020111084,88.12380653803403,1.0774394273757937,13.152395248413086,2.378170181060141,1.8706763982772827,0.1528674513101577,5.997395038604736,88.75000508939004,1.1401004791259766,0.8964204788208008,9.364952087402344,1.8553880354547267,1.7981045246124268,0.06519345194101334,5.410817623138428,95.10718356641213,0.0653112530708313,5.113495349884033,95.30696539974751
73,000073_left.png,0.0379802361130714,2.2842493057250977,97.20663576482067,0.9981061816215516,0.1311770230531692,21.64422607421875,95.60512617957272,0.9355260729789734,0.1413100361824035,6.6497297286987305,81.21482790850466,0.8637892603874207,0.1292468458414077,6.220909595489502,85.38053318837576,1.0121885538101196,12.02028465270996,2.731251002123524,1.8276817798614504,0.1776941120624542,5.865623474121094,80.78073732827025,1.1668843030929563,0.8927270770072937,9.225811004638672,1.6045708564880898,1.799818992614746,0.05806533247232437,4.627453804016113,95.1483442512923,0.06062263250350952,4.478611946105957,95.62483564187
74,000074_left.png,0.0358200259506702,2.2996420860290527,97.7175497155752,0.9904783964157104,0.1314357370138168,20.379514694213867,96.55284172919438,0.9287415742874146,0.1125126108527183,5.926371097564697,82.39789861653898,0.907511591911316,0.1097992658615112,5.624992370605469,86.42730894030126,1.0199236869812012,11.718899726867676,2.577737244157694,1.834905982017517,0.2056739181280136,5.766977310180664,69.79374333425037,1.1890523433685305,0.8809194564819336,8.97465705871582,1.5594556602813652,1.7790716886520386,0.05449133366346359,4.182763576507568,96.35157608284828,0.05724973604083061,4.07704496383667,96.47894776627108
75,000075_left.png,0.0363894179463386,2.1399953365325928,97.64415119152892,1.0119240283966064,0.1254010498523712,20.07399559020996,96.81850152515132,0.9372731447219848,0.1235290318727493,5.988831043243408,80.87493030222413,0.9073202610015868,0.1210396960377693,5.722108840942383,83.98718654222502,0.9721187353134156,10.62167739868164,2.3943235944737404,1.8589212894439695,0.170588731765747,5.215622901916504,77.82754310329119,1.1508877277374268,0.9050588011741638,8.753308296203613,1.4595534240285133,1.8196759223937988,0.055896446108818054,4.151507377624512,96.65282358656309,0.05538974329829216,3.873063325881958,96.6904446222008
76,000076_left.png,0.038004532456398,2.0862035751342773,98.1912087912088,0.9977994561195374,0.1335647702217102,17.412351608276367,96.85489888220546,0.9241889715194702,0.167642742395401,5.767828941345215,79.0433857045359,0.8505468368530273,0.1125800088047981,5.309329509735107,85.79046568289431,0.968876302242279,9.803775787353516,1.717888602456248,1.8959283828735352,0.2280611395835876,5.07600212097168,66.69813889507725,1.204945087432861,0.9421586394309998,8.572924613952637,1.344818928600476,1.8467655181884768,0.05156242474913597,3.908766031265259,97.16168810460294,0.05303780362010002,3.84135365486145,97.25665284717054
77,000077_left.png,0.0373126044869422,2.20006799697876,98.01933607118411,0.9861419200897216,0.1028715744614601,17.586824417114258,96.3198424068768,0.9610831141471864,0.1521705240011215,5.1652445793151855,81.04680956579237,0.8729225397109985,0.0954411476850509,4.7896294593811035,87.59264106237602,0.9693303108215332,9.570493698120115,1.2249972448754685,1.9154608249664309,0.2154828459024429,4.732015609741211,70.05524024685916,1.1979835033416748,1.0064551830291748,8.87942886352539,0.941908199250606,1.9437381029129028,0.0469597764313221,3.0982375144958496,97.63073558277765,0.04819149523973465,3.4749748706817627,97.50585589159616
78,000078_left.png,0.0319719947874546,1.9310370683670044,98.36957659222672,1.0028316974639893,0.117116205394268,14.46900463104248,96.26922583736578,0.9438270926475524,0.1150242090225219,4.41488790512085,85.65426899637586,0.9076594710350036,0.0924729704856872,4.1845383644104,89.23994249964568,0.9109288454055786,8.42600154876709,0.8193125603180066,1.9230092763900757,0.2312017977237701,4.357460975646973,68.0012552894252,1.1997992992401123,1.0534273386001587,8.631105422973633,0.9377551915666148,2.0084404945373535,0.05760783702135086,2.857760429382324,96.52841584693547,0.061028216034173965,3.5548558235168457,95.8595692357583
79,000079_left.png,0.0434793122112751,1.869215965270996,98.5469065162804,0.9990205764770508,0.0964730232954025,11.059320449829102,96.54358236590936,0.9610111117362976,0.1760940849781036,3.9288179874420166,79.40735708434073,0.8271226286888123,0.086527869105339,3.4930319786071777,91.06173530214932,0.9783883094787598,8.904480934143066,0.5711298046502954,1.9896056652069092,0.2523492574691772,4.0550150871276855,62.985460333952744,1.2137131690979004,0.5404606461524963,6.2549519538879395,0.0,0.4540171027183532,0.04715294390916824,2.4626758098602295,97.2972972972973,0.053218305110931396,3.3441359996795654,96.64744892858333
80,000080_left.png,0.0397389344871044,1.5929467678070068,98.53745855454528,1.0011855363845823,0.0678139925003051,8.248065948486328,98.31785949023843,0.9668366312980652,0.1702368706464767,3.632018804550171,80.87717038402215,0.8407798409461975,0.0753829181194305,3.1518964767456055,90.28401190346436,0.942454993724823,8.134865760803223,1.4030498498855564,2.002695798873902,0.2089788615703582,3.709296941757202,69.97975354147881,1.16451895236969,0.5403050780296326,5.81624174118042,0.0,0.4572575092315674,0.04099007323384285,2.009521007537842,98.67933011127347,0.05188737437129021,2.8269712924957275,97.20130381027312
81,000081_left.png,0.0319627411663532,1.5880849361419678,98.7526786075284,1.0097718238830566,0.0562389716506004,6.41262149810791,98.25813642296578,0.9742011427879332,0.1781419813632965,3.57384729385376,81.15216812369927,0.8401132225990295,0.0755331739783287,3.10310959815979,89.48536446637756,0.9640479683876038,8.022704124450684,1.8128795326098033,2.0479674339294434,0.2439404726028442,3.435776948928833,62.117919364012664,1.2402372360229492,0.5327286124229431,5.465561866760254,0.0,0.466165691614151,0.043849844485521317,1.7654997110366821,98.18031403672991,0.052438993006944656,2.546586036682129,97.60583248737656
82,000082_left.png,0.0375660173594951,1.7166807651519775,98.93576280410376,0.9996047019958496,0.0601917430758476,7.429726600646973,98.43320965662492,0.970963180065155,0.1741688847541809,3.3199045658111572,74.04888674559669,0.8291930556297302,0.1086494475603103,2.853447914123535,89.24931190478533,0.9875870943069458,7.997586727142334,1.6399465926574746,2.0976102352142334,0.3068920373916626,3.4167420864105225,42.37157469646718,1.2962477207183838,0.5209372043609619,5.070642471313477,0.0,0.4810422658920288,0.06338419020175934,2.6726536750793457,97.0900478915247,0.07170097529888153,4.26364278793335,97.17479421097235
83,000083_left.png,0.0385409109294414,1.4606587886810305,99.16634783834397,1.0065854787826538,0.0778625234961509,8.0097074508667,98.64607032566435,0.9517918229103088,0.1328777074813842,2.7468864917755127,77.30381132842466,0.8739767074584961,0.0999439433217048,2.42244815826416,90.53822802404946,1.0062861442565918,7.942887783050537,1.3519627062857742,2.1721813678741455,0.317526251077652,3.0697133541107178,33.048013690097626,1.308640956878662,0.5170735716819763,4.728633403778076,0.0,0.4852331280708313,0.06102980300784111,1.9711531400680542,97.59261810571618,0.0685773640871048,3.2428205013275146,97.62771687430704
84,000084_left.png,0.0369004644453525,1.2586561441421509,99.077617110404,1.002089500427246,0.0872522667050361,7.323127746582031,95.44344222250638,0.9444124698638916,0.1977017968893051,3.0475454330444336,71.23010993839122,0.7912349700927734,0.1380307525396347,2.5562825202941895,88.76385705713976,1.0345107316970823,8.109501838684082,0.9426569482833806,2.225052833557129,0.3508454263210296,3.0743119716644287,27.583289889143543,1.3514503240585327,0.5194008350372314,4.514375686645508,0.0,0.484978049993515,0.04770391061902046,1.2928719520568848,98.67247785550079,0.050600986927747726,1.553464412689209,98.34715622325197
85,000085_left.png,0.0412665791809558,1.0761020183563232,99.5947335524326,1.0004979372024536,0.0690317600965499,7.64013147354126,98.52161785216178,0.9603255391120912,0.0897851139307022,2.208116292953491,90.83107720075478,0.9184982776641846,0.0834924727678299,2.0642569065093994,93.8203298055624,1.0614582300186155,8.363091468811035,0.6920994339158257,2.222259759902954,0.3503159284591675,2.9823429584503174,32.94544261219132,1.346390724182129,0.50859135389328,4.309109687805176,0.0,0.4963805079460144,0.04010870307683945,1.5824092626571655,99.0843441578069,0.05897786468267441,3.9474761486053467,99.03571944856951
86,000086_left.png,0.0416947416961193,0.9244462251663208,99.74305541505656,1.0104707479476929,0.0505708418786525,9.274224281311035,98.91854200517048,0.9847130179405212,0.0804704129695892,2.027601480484009,91.5769288961103,0.9198092222213744,0.0805523246526718,1.8998693227767944,94.26873310221885,1.1206108331680298,8.81782341003418,0.4719866856996256,2.27839732170105,0.3177909255027771,2.7100279331207275,36.20614799660565,1.3104304075241089,0.4982124269008636,4.102848052978516,0.0,0.5042545199394226,0.03747841715812683,1.1198498010635376,98.94732334893465,0.06671909987926483,2.988582134246826,98.67921358861949
87,000087_left.png,0.0370931774377822,0.9244199991226196,99.78246726843946,0.9829326868057252,0.0492474809288978,7.394866466522217,99.06045940431936,0.9736775755882264,0.0970688909292221,1.950695514678955,89.26031811009065,0.9044929146766664,0.0926306024193763,1.814299464225769,95.03489439246783,1.2017145156860352,9.38763427734375,0.2489155337818654,2.4507389068603516,0.3080768585205078,2.5912556648254395,38.91335494562813,1.286249756813049,0.4881580471992492,3.9103033542633057,0.0,0.5161445736885071,0.04781723394989967,1.3522334098815918,98.10781710329886,0.05266536772251129,1.4648853540420532,98.10022062806337
88,000088_left.png,0.0287465266883373,0.935366988182068,99.77494527078176,0.996078610420227,0.0387890040874481,7.536774158477783,99.40600897128988,0.9891133904457092,0.0773728489875793,1.6921665668487549,94.7609924862957,1.0066232681274414,0.0760106071829795,1.6927303075790403,94.66802575178544,1.2430413961410522,9.637052536010742,0.1268331877961239,2.46633243560791,0.3810457289218902,2.85198712348938,10.658968135651746,1.3630080223083496,0.4765443801879883,3.737710952758789,0.0,0.5238580107688904,0.03603672608733177,1.2140132188796997,98.53306581272672,0.0394553542137146,1.3226109743118286,98.51977836537823
89,000089_left.png,0.0390650480985641,0.9969990253448486,99.70955382523792,0.971036732196808,0.0370343998074531,9.469724655151367,99.36326831063673,1.0164029598236084,0.0703995674848556,1.7058485746383667,95.83330545053032,0.9578965902328492,0.0678903982043266,1.6715518236160278,96.94181416669456,1.2794712781906128,9.796709060668944,0.1110850871616421,2.5300700664520264,0.3787052035331726,2.7949960231781006,15.444842239100613,1.3382315635681152,0.4958986043930053,3.5515072345733643,1.9403084953324188,1.50494647026062,0.03797752782702446,1.191669225692749,99.62767026049688,0.03798641264438629,1.2311867475509644,99.59251322574164
90,000090_left.png,0.0180299915373325,0.9757920503616332,99.80898993044742,0.9994500279426576,0.0431841053068637,10.383782386779783,99.37876455176512,0.9971434473991394,0.069870039820671,1.6216554641723633,95.67633633146964,1.0144225358963013,0.0668933391571044,1.6228002309799194,96.33910001890716,1.3421202898025513,10.130304336547852,0.1279609972179456,2.5998787879943848,0.4220422208309173,2.9634525775909424,6.802528158171947,1.3793598413467407,0.4887967109680176,3.457617998123169,2.125368014477487,1.511219501495361,0.029808834195137024,1.046339511871338,99.7001990786276,0.03068935126066208,1.130119800567627,99.67991942216499
91,000091_left.png,0.0185521338135004,0.7950143218040466,99.78271770015044,0.989161491394043,0.0543940439820289,9.812148094177246,99.4661128040995,0.9709154963493348,0.0627016499638557,1.4645891189575195,97.20356151790122,1.0105621814727783,0.0611136630177497,1.4640755653381348,97.45756652309367,1.3542269468307495,9.959755897521973,0.1385791382216244,2.567042589187622,0.4222326874732971,2.8819398880004883,3.442006162856024,1.3481652736663818,1.4596717357635498,9.696617126464844,0.1385791382216244,2.5412962436676025,0.04215351119637489,1.1363123655319214,99.67045063405025,0.044334493577480316,1.0586318969726562,99.64489096244091
92,000092_left.png,0.020454166457057,0.8460215330123901,99.772837221042,0.9884387850761414,0.0554601140320301,6.773195743560791,99.5034674920476,0.9707539081573486,0.131175011396408,1.589439034461975,94.9550650090419,0.8634568452835083,0.0529032126069068,1.3243937492370603,97.92396567165716,1.4278857707977295,10.347469329833984,0.1389741988394796,2.666635513305664,0.4649488925933838,3.022646188735962,6.428843494463337,1.362802028656006,1.386792540550232,9.108826637268066,0.0161278699887791,2.398731231689453,0.043310925364494324,1.1502453088760376,99.64906617952566,0.05060378462076187,1.0355006456375122,99.65215659477445
93,000093_left.png,0.0240394938737154,1.1094155311584473,99.70809095716552,1.0151515007019043,0.0779392793774604,7.145179748535156,99.5203233248387,0.9339826703071594,0.2621046602725982,2.199580430984497,6.0444088872949475,0.7048751711845398,0.0791288316249847,1.3811029195785522,98.16543500225872,1.4772387742996216,10.536437034606934,0.1455237648584247,2.6921238899230957,0.3618683218955993,2.4369254112243652,26.614641345991373,1.258147954940796,1.3986648321151731,9.124072074890137,0.0155179370109694,2.4310736656188965,0.047282781451940536,1.3632686138153076,99.54146008218527,0.06534962356090546,1.19715416431427,99.33513437048231
94,000094_left.png,0.0242053642868995,1.0035072565078735,99.71109317245188,1.0049599409103394,0.0821057260036468,7.931057929992676,99.49006086035354,0.9314783215522766,0.165971890091896,1.7024797201156616,80.61919697567663,0.8420023322105408,0.0572642907500267,1.352748155593872,96.97048376711048,1.5096935033798218,10.630658149719238,0.1592477964951637,2.712311029434204,0.3687089383602142,2.46102237701416,25.52153653352166,1.2529733180999756,1.523589849472046,9.912531852722168,0.0398119491237909,2.5801267623901367,0.03576492518186569,1.4388847351074219,99.61107012859274,0.04946416988968849,1.2764548063278198,99.56847139824272
95,000095_left.png,0.0308019202202558,0.8086555004119873,99.69114107397704,1.0071052312850952,0.0770438387989997,7.149343490600586,99.25562358001352,0.9474397301673888,0.1176201328635215,1.4731993675231934,93.2180578920897,0.902553915977478,0.0633071810007095,1.3114441633224487,95.64716696439412,1.4339419603347778,9.775175094604492,0.0613954456372812,2.6280462741851807,0.3215027749538421,2.182084083557129,40.85572070275239,1.2215274572372437,1.5698069334030151,10.0138521194458,0.0648641148823254,2.603649854660034,0.04742875695228577,1.7868537902832031,99.35775328149559,0.06735877692699432,1.4487580060958862,99.20716707089002
96,000096_left.png,0.0333181396126747,0.8037713170051575,99.7227516894819,1.0015870332717896,0.0856610462069511,6.934206485748291,98.8478144689469,0.950934648513794,0.1416642069816589,1.401069402694702,84.29764851485149,0.8715491890907288,0.0797718688845634,1.153511881828308,94.71900315031505,1.3975231647491455,9.51179027557373,0.0372693519351935,2.6679763793945312,0.3223631978034973,2.1020705699920654,27.345507988298827,1.247252106666565,1.5560038089752195,10.107627868652344,0.3653099684968496,2.652078151702881,0.03877897560596466,1.1757138967514038,98.05477987465622,0.0421830415725708,1.1190180778503418,98.23203370636355
97,000097_left.png,0.0335855670273304,0.7514209151268005,99.68199986749995,1.0017921924591064,0.0716105252504348,4.857889175415039,98.9690205158118,0.9603350162506104,0.1102566644549369,1.183979034423828,80.80073574932992,0.961385190486908,0.0937525033950805,1.122772216796875,91.62118929441785,1.3128557205200195,8.96446704864502,0.0479525341482878,2.5322933197021484,0.3204904794692993,2.05740737915039,25.37082696650122,1.2608357667922974,1.4474607706069946,9.38819694519043,0.3485505094062116,2.4641671180725098,0.04942227527499199,0.9747788906097412,97.5757814373508,0.0485401414334774,1.038655161857605,97.64486074970739
98,000098_left.png,0.0461995527148246,0.8275518417358398,99.26625206925864,1.0115331411361694,0.1005742698907852,7.443087577819824,98.59248720029402,0.94387024641037,0.1454457491636276,1.7162262201309204,81.90174337999571,0.8943637609481812,0.0682607442140579,1.4365463256835938,93.87178824719534,1.2927825450897217,8.965789794921875,0.0334775536641546,2.4697206020355225,0.3253955245018005,2.4108285903930664,19.182274363107737,1.283825159072876,1.2759692668914795,8.389267921447754,0.33877828762313,2.2823326587677,0.04444434121251106,1.5891547203063965,97.16818024641928,0.04585803672671318,1.5278410911560059,97.3927602962855
99,000099_left.png,0.0402121879160404,0.8010861277580261,99.36239486298273,1.006103277206421,0.0707190185785293,5.093976974487305,98.91694092873604,0.9642503261566162,0.1388421207666397,2.2747819423675537,88.65549002716851,0.9105825424194336,0.0764465630054473,1.985307574272156,92.54964327524132,1.2124632596969604,8.739208221435547,1.1456423622615393,2.348804235458374,0.3943287134170532,3.287933111190796,7.038411415192278,1.377729058265686,1.2287108898162842,8.338327407836914,1.257556012045443,2.2587430477142334,0.05338114872574806,2.2029428482055664,95.51994815982091,0.055111657828092575,2.1855227947235107,95.58990294693746
100,000100_left.png,0.0478128530085086,1.0040494203567505,99.1144570042561,1.0064302682876587,0.1086485758423805,7.351189613342285,98.80866385872888,0.9384763240814208,0.1477603316307068,1.917141079902649,91.13721480724136,0.8832547068595886,0.0562032051384449,1.4325165748596191,96.87829923429982,1.0929583311080933,8.154620170593262,2.4793572119178067,2.221640110015869,0.4007276594638824,3.793543815612793,7.048368395511745,1.3782843351364136,1.1276843547821045,7.781149864196777,2.474911927808586,2.1849205493927,0.06119691953063011,2.1619081497192383,94.16461643348352,0.06072356924414635,2.104750871658325,94.45473677970121
101,000101_left.png,0.0420002378523349,1.1708276271820068,98.9260853636197,1.022868514060974,0.0844554081559181,7.974635124206543,98.34458957993172,0.9907374382019044,0.1029066741466522,1.5108870267868042,97.87368264806292,0.9321451783180236,0.0654882714152336,1.429649829864502,98.6336648359804,1.0123811960220337,7.792824268341064,3.8140121715897286,2.196645021438598,0.3086459636688232,4.212759971618652,23.815496511800504,1.2887489795684814,1.0906119346618652,7.700995445251465,3.430681312156746,2.161993980407715,0.051873356103897095,1.781148076057434,98.9203132539064,0.05449000000953674,1.8309184312820435,97.98240730430909
102,000102_left.png,0.0504010878503322,1.184583306312561,98.8269995884209,1.022795796394348,0.1429707407951355,9.128822326660156,98.7005359917334,0.9429352283477784,0.2171821743249893,2.532940626144409,42.86447066170076,0.8133785724639893,0.0659744292497634,1.7029087543487549,96.28299768802457,0.966115415096283,7.946619033813477,4.053019320978017,2.141798973083496,0.3030866980552673,4.674948215484619,23.928202383341883,1.2943845987319946,1.0624125003814695,7.599462032318115,3.6619906777582014,2.1281867027282715,0.06011753901839256,2.202699661254883,96.74665556191765,0.061896417289972305,2.2419867515563965,96.30011079961629
103,000103_left.png,0.0460742861032485,1.339445948600769,98.76121510224527,0.998863160610199,0.1316624730825424,8.975174903869629,97.9930055910721,0.957394003868103,0.2237417995929718,3.241882801055908,36.758143437358456,0.8181503415107727,0.0864955708384513,2.5062079429626465,96.09553085484744,0.9152557253837584,7.463366508483887,4.346631620371402,2.076199531555176,0.3097784221172333,5.172003269195557,24.690560517972365,1.3081129789352417,1.0126053094863892,7.254567623138428,3.5328447642171383,2.0896644592285156,0.06607503443956375,2.511045217514038,95.35990967904866,0.06764033436775208,2.5917162895202637,95.04311785547162
104,000104_left.png,0.0451218672096729,1.2610830068588257,98.76951664438351,1.0112580060958862,0.1374232023954391,9.912313461303713,97.45104858880816,0.9502207040786744,0.2572079002857208,3.472437858581543,18.25632335311617,0.7723569273948669,0.0750892832875251,2.33361554145813,97.61273994701556,0.8831582069396973,7.1497650146484375,5.145633223319076,2.0288054943084717,0.2641911804676056,5.45028829574585,53.868382494412955,1.2589422464370728,0.9793134927749634,7.206188678741455,3.5046694392232896,2.066251516342163,0.05845484510064125,2.3974428176879883,96.04837008220841,0.06111859902739525,2.4688222408294678,95.75114651308266
105,000105_left.png,0.0479807555675506,1.3488116264343262,98.53759661100972,1.0244241952896118,0.1102501451969146,10.319313049316406,96.7218606431853,0.9794802069664,0.3139485120773315,4.798219680786133,9.437949110613737,0.741650402545929,0.1095993742346763,2.997971534729004,85.7613529273177,0.8648471832275391,6.971753120422363,8.223141712804805,2.001850128173828,0.2469549924135208,5.652688026428223,60.94872776534338,1.2364429235458374,0.8982665538787842,6.71079683303833,3.498645305689716,1.970602035522461,0.06551695615053177,2.8943867683410645,93.50128375615631,0.06745649129152298,2.932572364807129,93.21469486387028
106,000106_left.png,0.0417317599058151,1.2919442653656006,98.79079123826553,1.0111979246139526,0.1006402820348739,10.523439407348633,98.3957082454749,0.9847590923309326,0.3161576092243194,4.482653617858887,2.48975847917527,0.7116721272468567,0.0778683722019195,3.0424413681030273,96.68251468164492,0.770725429058075,6.276754379272461,10.4794237705607,1.8785558938980105,0.2419097870588302,5.965085029602051,59.87918477128793,1.246424913406372,0.8800339102745056,6.554127216339111,3.2743631254088386,1.9699221849441528,0.0531962513923645,2.1887192726135254,97.03934981226304,0.06088125705718994,2.444563388824463,95.92828338591917
107,000107_left.png,0.0369274616241455,1.2661463022232056,98.6887860196239,0.9995054006576538,0.1096332743763923,12.19822883605957,98.1738998108682,0.9753422737121582,0.2753700017929077,3.358837127685547,11.991391241965522,0.7335863709449768,0.0725917592644691,2.3548548221588135,97.92281103486256,0.7821173667907715,6.2859883308410645,11.032326321205224,1.9412143230438232,0.2283578664064407,5.87175178527832,65.69540358988108,1.2070118188858032,0.8690138459205627,6.266974449157715,4.75293299226806,1.9684624671936035,0.06779786944389343,2.460801362991333,93.54251767869893,0.06223958358168602,2.311661958694458,94.82850484057455
108,000108_left.png,0.0433527790009975,1.2799452543258667,98.71704899337688,0.989116370677948,0.1042755097150802,11.5283203125,98.13350853007066,0.9900385737419128,0.3121502697467804,4.153204441070557,1.5756936067551266,0.7009474635124207,0.0677647814154625,2.536350727081299,97.97195416164053,0.776620626449585,6.312812328338623,11.410405537365731,1.9508352279663088,0.2599050104618072,5.794384002685547,59.41359354356942,1.2389543056488037,0.8696540594100952,6.311074256896973,4.740364179447412,1.9518139362335205,0.05147166922688484,2.4533443450927734,97.81301630629984,0.053011223673820496,2.478525161743164,97.28970619926729
109,000109_left.png,0.0437459833920002,1.18710196018219,98.79118017275054,0.9850091338157654,0.0984998121857643,11.47570514678955,97.17466301525768,0.9799113869667052,0.3201828598976135,4.485815048217773,1.137034534267525,0.693713903427124,0.0644767507910728,2.500678300857544,97.66760322936302,0.7477920651435852,6.13803243637085,12.764164028879328,1.8981982469558716,0.2852177619934082,5.64253044128418,45.3960237578689,1.2772674560546875,0.8770685195922852,6.452125549316406,3.696340292349824,1.9320122003555296,0.061205267906188965,2.421963691711426,94.48583566381316,0.05546683073043823,2.2487499713897705,95.89515331355094
110,000110_left.png,0.0490704216063022,1.2244278192520142,98.75214776632303,0.9975322484970092,0.1364045292139053,13.014951705932615,97.80179520058618,0.9655405282974244,0.3259729743003845,4.6506733894348145,0.9891921597362154,0.6951285004615784,0.0682192966341972,2.590914726257324,97.25858497611566,0.7177609205245972,5.942102432250977,13.39707187847873,1.9033219814300537,0.2511467039585113,6.049459457397461,59.42621218312737,1.2147166728973389,0.8817268013954163,6.375609397888184,4.044485465075317,1.938246250152588,0.12580394744873047,4.670851230621338,79.85727123751123,0.06987199932336807,2.4017837047576904,89.20970555584924
111,000111_left.png,0.047844473272562,1.2149332761764526,98.64198580354486,1.0015488862991333,0.1355935037136078,13.447305679321287,97.97508983707218,0.988204061985016,0.363345205783844,5.185227870941162,0.7671911523566968,0.6446706652641296,0.0695447474718093,2.877336025238037,96.49059763458116,0.7278184294700623,6.300403594970703,9.97488050797195,1.9265271425247192,0.2201955020427703,5.777083396911621,59.278512367861005,1.176464319229126,0.7949299216270447,5.754056453704834,6.313016781216202,1.8397294282913208,0.12293410301208496,4.543118000030518,81.07354393753774,0.06055848300457001,2.0373570919036865,90.01078500151827
112,000112_left.png,0.0484305471181869,1.253817796707153,98.8902485336934,0.995189607143402,0.1468971073627472,12.248902320861816,95.76707324238664,0.968017876148224,0.3368669748306274,4.740775108337402,0.8661479917187128,0.6849193572998047,0.0773496627807617,2.5986127853393555,96.97193832583892,0.6967352032661438,6.2177581787109375,7.417558679279845,1.8440989255905151,0.2046502530574798,5.4637274742126465,61.240741444801216,1.1639184951782229,0.8548614978790283,6.018375396728516,6.324677613910904,1.859779715538025,0.1350565105676651,4.789703369140625,79.05694171668833,0.06527785211801529,1.9892851114273071,88.20814085364167
113,000113_left.png,0.045534074306488,1.207229495048523,98.37214703460508,1.0134479999542236,0.1486647278070449,11.460970878601074,96.73840775900476,0.9675533771514891,0.3487391173839569,5.002284049987793,0.9229240206998184,0.6920880079269409,0.098908320069313,2.79238224029541,93.37708626066691,0.6725025177001953,5.791299343109131,11.272147777511224,1.8280190229415896,0.188993826508522,5.500094890594482,63.90280681311903,1.0991703271865845,0.8129004836082458,5.713353633880615,6.346344974125227,1.8259035348892212,0.12081720679998398,4.417071342468262,81.84810447745842,0.06785848736763,1.9977704286575317,88.98104306026518
114,000114_left.png,0.0422104410827159,1.197401523590088,99.02302861130497,1.0066958665847778,0.1410776227712631,11.207240104675291,96.53067681912364,0.9838674664497375,0.303596019744873,4.527443885803223,8.379179297697666,0.7326681613922119,0.0854771435260772,2.6824684143066406,96.9348698110704,0.6014572381973267,5.161114692687988,17.527958383091942,1.7020163536071775,0.2254059314727783,5.821626663208008,59.83825475726305,1.1169308423995972,0.7581616044044495,5.445454120635986,6.256485630394769,1.7815325260162354,0.13279280066490173,4.485196590423584,79.22707780273637,0.08392219990491867,2.1284828186035156,86.10509835953985
115,000115_left.png,0.0404893867671489,1.3098922967910769,98.86869710209164,0.9836941957473756,0.1357011646032333,11.528671264648438,96.53702463549864,0.9813411831855774,0.2500238716602325,4.055453300476074,20.4028976540696,0.783799409866333,0.0870441496372222,2.673426628112793,96.65770356495756,0.6370587348937988,5.304864883422852,19.675084730206105,1.7835946083068848,0.2738890349864959,5.862558841705322,47.51622366734768,1.2905913591384888,0.7906159162521362,5.6695966720581055,5.204151355173386,1.8335648775100708,0.11313049495220184,3.9508419036865234,83.80778137869353,0.07196570932865143,1.9812911748886108,94.2379302253614
116,000116_left.png,0.0456245318055152,1.264816164970398,99.04975667058233,0.9943076372146606,0.1357388794422149,11.53703784942627,98.00145497069664,0.9923090934753418,0.2962894439697265,4.004833698272705,11.305598237717737,0.7294608950614929,0.0860311016440391,2.6985092163085938,97.20869990889436,0.6749292612075806,5.512729167938232,17.641859642920277,1.8536659479141235,0.2568697333335876,5.757023334503174,48.94072694143403,1.2599812746047974,0.7943611741065979,5.679468154907227,5.375232863300744,1.8719680309295657,0.11907926946878433,4.11246395111084,82.56107347860387,0.07644806802272797,2.230703353881836,91.92850730433364
117,000117_left.png,0.0477384850382804,1.436030626296997,98.97366220735786,0.9804609417915344,0.1278652250766754,9.67723274230957,97.67992874916716,0.9862954616546632,0.3444718718528747,5.021841049194336,0.535401057884503,0.6843360662460327,0.0747865885496139,2.462455987930298,95.86806358185008,0.7135107517242432,5.651938438415527,16.340100349455422,1.894237995147705,0.2569769918918609,5.626064300537109,51.86149599554002,1.2596242427825928,0.7515087723731995,5.474939346313477,4.829147573528412,1.837066650390625,0.09003867954015732,3.229767322540283,89.50194515479623,0.07229530066251755,2.2263340950012207,96.54224930627346
118,000118_left.png,0.0416255295276641,1.233900785446167,99.13541666666669,0.9834432601928712,0.1096750721335411,9.327577590942385,98.45382705819628,0.9843818545341492,0.3748942911624908,4.451999664306641,1.3054005684808927,0.6480528712272644,0.0959756597876548,2.4236690998077393,95.28982677293703,0.6866115927696228,5.394746780395508,17.87556584903674,1.8747544288635256,0.2674915492534637,5.550072193145752,53.28574484920314,1.3079136610031128,0.7406344413757324,5.4539079666137695,4.856538379252146,1.830002784729004,0.11733617633581161,3.886228084564209,84.13384783657276,0.08878516405820847,2.1617231369018555,94.57869385924985
119,000119_left.png,0.0387300364673137,1.1789170503616333,99.08184461985876,1.005942702293396,0.0924657359719276,6.844110012054443,98.2446687744196,0.9676595330238342,0.4177067279815674,6.087838172912598,0.0555741932423136,0.6218823194503784,0.0986059084534645,3.107102155685425,82.84655084191515,0.7067444324493408,5.431479454040527,17.501126732881282,1.90582275390625,0.2401386797428131,5.729270935058594,58.32545467484014,1.2583943605422974,0.7639601230621338,5.587136268615723,4.612658039112033,1.8307535648345947,0.10608619451522827,3.5171115398406982,86.16832693291937,0.08748365938663483,2.0699658393859863,97.0142323062166
120,000120_left.png,0.0422965474426746,1.168695330619812,99.19721202315016,0.9808799028396606,0.1084305271506309,7.429561138153076,98.47162311322992,0.9519211053848268,0.3927046656608581,5.412538051605225,0.0711030452418519,0.6656339764595032,0.1197885572910308,2.8089487552642822,78.73985088675654,0.6910005807876587,5.416370391845703,18.04290560901451,1.8875757455825808,0.2321081161499023,5.732648849487305,60.24188578819418,1.1927651166915894,0.6933661103248596,5.151284217834473,4.466964170836916,1.7747201919555664,0.12164626270532608,4.007533073425293,82.20632012435696,0.0869615375995636,2.1301567554473877,90.19131059100037
121,000121_left.png,0.0438040420413017,1.229079008102417,99.106441070616,0.9917690753936768,0.0751621052622795,7.063769340515137,98.3742662438432,0.9766407012939452,0.3190853893756866,4.791836261749268,4.850549895418663,0.7230831980705261,0.0886690914630889,2.7757861614227295,96.14971999190338,0.7604772448539734,5.981200695037842,8.379663990284056,1.9586293697357176,0.264015257358551,6.123812675476074,58.52540314418731,1.1691378355026243,0.747921884059906,5.721675395965576,4.951082922879698,1.8371719121932983,0.07840175181627274,3.0267086029052734,92.99486425018728,0.0650523379445076,1.9141780138015747,98.00880028614426
122,000122_left.png,0.0525235496461391,1.3915534019470217,98.98608185685376,0.9682705402374268,0.0786487907171249,6.5336012840271,98.6877540522276,0.9594278931617736,0.3071788847446441,4.500765800476074,6.8860131325459175,0.7301743626594543,0.0898648276925087,2.559415578842163,96.46739221797472,0.802010178565979,6.4700398445129395,5.552921873791728,2.0308852195739746,0.2338000684976577,6.15177583694458,58.60222103426363,1.1939719915390017,0.1943699717521667,4.108657360076904,76.75445232307543,1.1681480407714844,0.06813966482877731,2.597041130065918,96.67060101351464,0.06843742728233337,2.3031039237976074,97.90538063965082
123,000123_left.png,0.0510822758078575,1.5094529390335083,99.01353805514282,0.9809355735778807,0.0995955318212509,8.549241065979004,92.059191399609,0.9570932388305664,0.3410800099372864,5.2851080894470215,2.1692112172597993,0.7087371349334717,0.1033694371581077,2.8509585857391357,92.56184213614829,0.8033088445663452,6.969319820404053,5.904050379083828,2.0909180641174316,0.239268273115158,6.3853888511657715,57.708596702423385,1.178492307662964,0.5976804494857788,9.684735298156738,0.0,0.4274780452251434,0.0781230628490448,3.048229932785034,93.26231619620049,0.06134824454784393,2.0574567317962646,98.72276483846731
124,000124_left.png,0.0561702586710453,1.4606808423995972,98.92077406549784,0.9773316383361816,0.0941911116242408,12.0912504196167,98.08515771063266,0.958098292350769,0.2692547440528869,4.77625036239624,13.56706806317807,0.7689332962036133,0.0806635394692421,2.8879640102386475,95.60608192777543,0.8266547322273254,7.561773777008057,5.71738737108739,2.1569085121154785,0.2579921185970306,6.226504802703857,54.15133787668617,1.3359144926071167,0.5868329405784607,9.871240615844728,0.0006701110373988,0.4418341219425201,0.11447595804929733,4.220799922943115,85.08039921444036,0.06653600186109543,2.1664927005767822,93.99368603084595
125,000125_left.png,0.0656861811876297,1.3709806203842163,98.6588328108456,0.9716033935546876,0.0797695592045784,12.099671363830566,98.7030824459422,0.965327799320221,0.2451356202363968,4.061020374298096,36.234103357142615,0.7918919324874878,0.0927231162786483,2.6877293586730957,96.7959890255656,0.8684169054031372,8.11659049987793,5.308563618473855,2.2011642456054688,0.2402557432651519,6.54102897644043,55.28791099559075,1.256369948387146,0.5841915011405945,9.970314979553224,0.0177981953301565,0.45030277967453,0.12202340364456177,4.4521636962890625,82.78925869690822,0.0677330493927002,2.394662857055664,93.18658210499441
126,000126_left.png,0.0482318550348281,1.1726083755493164,99.12308174130912,0.9865163564682008,0.0796328336000442,12.403297424316406,93.9160709155132,0.9771047234535216,0.2457849830389022,4.3664021492004395,32.77696090858389,0.7901806831359863,0.0912911221385002,2.956728935241699,87.71518869678378,0.8818727731704712,8.866626739501953,3.397049130456827,2.1491148471832275,0.2407281696796417,6.4377055168151855,53.4337237404722,1.2760286331176758,0.5695295929908752,9.91321849822998,0.0280552316246683,0.4639504551887512,0.12553831934928894,4.581960678100586,81.73425807258819,0.06750781089067459,2.467644214630127,91.55425854600419
127,000127_left.png,0.05204638838768,1.1547856330871582,99.16449196060276,0.9718758463859558,0.1040583327412605,12.269021034240724,97.50075956972508,0.9371795654296876,0.1738933473825454,3.308061361312866,67.3391845805639,0.8530644178390503,0.0624930113554,2.2890639305114746,98.15177056556368,0.8813671469688416,9.10375690460205,2.737182047526875,2.130358934402466,0.2410240620374679,6.6554951667785645,54.13359551290586,1.2387707233428955,0.5610536932945251,9.845466613769531,0.0003413796517244,0.4721241891384125,0.14874939620494843,5.118951797485352,77.8523214822507,0.0673365369439125,2.3430988788604736,86.27162298800317
128,000128_left.png,0.0579802766442298,1.105992078781128,99.2781776107679,0.9757962822914124,0.0888024494051933,12.578808784484863,98.87867901063976,0.9459146857261658,0.2249414771795272,3.3725807666778564,48.93429597899682,0.8233233690261841,0.1027467250823974,2.186946392059326,86.0505043526323,0.8950616121292114,9.855308532714844,2.469946110266685,2.0899412631988525,0.2093193382024765,6.757516860961914,58.449979273179494,1.1599249839782717,1.0531582832336426,8.46871566772461,4.154000276357607,2.178354501724243,0.15032251179218292,5.016946315765381,77.63543698048491,0.06864391267299652,2.5265932083129883,86.18037979060344
129,000129_left.png,0.0578210540115833,1.0844924449920654,99.25213217331677,0.976594865322113,0.1232753619551658,14.637957572937012,88.17132890353835,0.9076918959617616,0.225943922996521,3.1607115268707275,53.71435162691852,0.8150938749313354,0.0838967785239219,1.7862917184829712,88.06926419031574,0.9139678478240968,10.768019676208496,1.5729151010335798,2.046664237976074,0.1727627962827682,6.183634281158447,67.03938928949678,1.1232988834381104,1.0380916595458984,8.288145065307617,3.847000800439018,2.188021421432495,0.10907909274101257,3.8586390018463135,86.22363452473026,0.05789158493280411,2.2096683979034424,94.1146414785314
130,000130_left.png,0.0439574010670185,1.0493022203445437,99.1048455101732,0.9952476024627686,0.0894424393773078,13.605106353759766,98.46277717155236,0.9425452947616576,0.1854699850082397,3.076317310333252,64.27378316435536,0.8441158533096313,0.0665001198649406,1.8167901039123535,98.1202303891967,0.9242170453071594,11.4988374710083,1.050947653907682,2.0305581092834473,0.2390028834342956,5.861223220825195,55.25032400687919,1.2606290578842163,1.0278570652008057,8.24716854095459,3.4307649387476915,2.1779167652130127,0.13632626831531525,4.594557285308838,79.71522701242877,0.06424418091773987,2.2765378952026367,88.94489769947542
131,000131_left.png,0.0476477593183517,1.1306334733963013,98.98560209424085,0.9926050901412964,0.0728861987590789,13.274578094482422,98.9543444667692,0.953971266746521,0.2404249608516693,3.389643907546997,21.62437055462569,0.7877170443534851,0.0717954561114311,1.753071665763855,90.20152958348648,0.9282131791114808,11.64894676208496,0.7762118719375319,2.046329975128174,0.2357870638370514,5.891904354095459,57.49428101367917,1.2576006650924685,1.0680917501449585,8.596305847167969,3.1901415739078605,2.2580935955047607,0.16205692291259766,5.105622291564941,76.58972444419038,0.08086051046848297,2.1951680183410645,90.2210377018081
132,000132_left.png,0.0531010702252388,1.0375245809555054,99.04977674152607,0.9823871850967408,0.1015987619757652,12.6531400680542,99.0075174963782,0.9091188907623292,0.2244728803634643,2.9817142486572266,26.444577384084244,0.7647901177406311,0.0606783851981163,2.360944986343384,97.09102441204242,0.9774619340896606,11.68828296661377,0.7996799838550414,2.1291844844818115,0.2335259467363357,5.5829572677612305,55.54334272720065,1.2766201496124268,1.0604878664016724,8.763158798217773,2.830773444426025,2.253427505493164,0.1384429931640625,4.4877519607543945,80.9845183817164,0.08815498650074005,2.582828998565674,89.17332775437178
133,000133_left.png,0.0568047538399696,1.1123696565628052,98.93352844663208,0.9791091680526732,0.0553220845758914,10.205543518066406,99.18652157937052,0.9575504660606384,0.2519168853759765,3.4382517337799072,13.77528931963954,0.761485755443573,0.0613875649869442,1.9756462574005127,98.09254590368502,0.9885693192481996,11.583165168762209,0.8367622394668005,2.1644179821014404,0.1988638043403625,5.8072614669799805,59.01684074959345,1.2032372951507568,1.0202274322509766,8.50113582611084,2.9803288111791435,2.1995346546173096,0.13690203428268433,4.123084545135498,78.17571430131919,0.0943208858370781,2.6549832820892334,90.8694686479342
134,000134_left.png,0.0521301440894603,1.1049882173538208,99.07525296522148,0.9837608337402344,0.0699364840984344,10.47757625579834,99.1175541333882,0.9337483048439026,0.2599745392799377,3.161938428878784,12.565485418702565,0.737782895565033,0.0494009964168071,1.8589251041412351,98.73841835722526,1.0213994979858398,11.504827499389648,0.5492325439569725,2.2265450954437256,0.2355765402317047,5.9298505783081055,53.56358239222918,1.2611936330795288,0.9601126313209534,7.920834541320801,3.2215519585007972,2.128021001815796,0.10429779440164566,3.2162413597106934,91.77354355723551,0.08726111054420471,2.7908124923706055,92.3144239678781
135,000135_left.png,0.0431029871106147,1.0342228412628174,99.47313910028367,0.99853515625,0.0710867270827293,11.956955909729004,99.08141544349428,0.9277132749557496,0.2563615441322326,3.386151075363159,7.521490502644129,0.7449997067451477,0.041831474751234,1.3495162725448608,99.40479280856208,1.0460498332977295,11.105113983154297,1.9955201851261244,2.285723924636841,0.2460326701402664,6.1331095695495605,52.91076713121259,1.2853388786315918,0.9336534738540648,7.8250250816345215,3.5616011629718085,2.103698492050171,0.12320990860462189,3.4877917766571045,83.80215545564906,0.10416891425848007,2.86843204498291,89.15775366327225
136,000136_left.png,0.0487434789538383,1.0029246807098389,99.1198820460474,0.9867777228355408,0.0906394720077514,11.797603607177734,99.19477953722271,0.9092187881469728,0.2433332502841949,3.2706949710845947,18.154503547160775,0.7772737741470337,0.0595316663384437,1.739042043685913,94.87083545364744,1.0474135875701904,11.160951614379885,2.2020085610800133,2.289320945739746,0.2347299456596374,6.302623748779297,50.95451552069925,1.2395031452178955,0.8772010207176208,7.3870086669921875,3.351094082078606,2.037773609161377,0.10312121361494064,2.89157772064209,91.89464537200732,0.09146567434072495,2.650181770324707,92.69656608635724
137,000137_left.png,0.0476441010832786,0.99628084897995,98.19922758746772,0.9907897710800172,0.0973563715815544,12.857095718383787,98.93587315004189,0.9021334052085876,0.2528215646743774,3.5101351737976074,9.82694731440043,0.7586299180984497,0.0508300028741359,1.5884666442871094,99.1309630725342,1.0381141901016235,10.493374824523926,2.4154170094262017,2.3002989292144775,0.2757951319217682,5.397305011749268,51.91240953035026,1.3312426805496216,0.83981853723526,7.1055216789245605,4.939888153475771,1.9974496364593504,0.10087685286998749,2.7378413677215576,91.31773166438786,0.09432346373796463,2.665687322616577,92.5989016384774
138,000138_left.png,0.0457192100584507,0.920062243938446,99.39724388616652,0.991060733795166,0.0752817615866661,11.07613468170166,98.9256679385683,0.9294350743293762,0.2358835488557815,3.392303943634033,21.189906452459663,0.7804504632949829,0.0537069328129291,2.1269078254699707,98.991482190207,1.0228369235992432,9.783202171325684,3.3911458907939935,2.309849500656128,0.2450073808431625,6.12387752532959,48.87183720673664,1.2430002689361572,0.812919557094574,6.9894118309021,6.764031179977251,1.9645544290542605,0.09460737556219101,2.455808401107788,96.71370622179055,0.10470472276210785,2.7918264865875244,91.9705193395418
139,000139_left.png,0.0396459996700286,0.9629337191581726,99.4350020840087,0.9861630797386168,0.0846423581242561,13.686033248901367,98.78817851077451,0.9238101840019226,0.2679935991764068,4.437506675720215,8.70471962491422,0.7597733736038208,0.0693744793534278,2.5842483043670654,96.58535463317575,1.0190714597702026,9.67702579498291,5.430386395089841,2.3187289237976074,0.2544281780719757,6.254252910614014,49.53555149187071,1.2288265228271484,0.7870284914970398,6.904511451721191,10.474339363688292,1.9169631004333496,0.08833175152540207,2.5643386840820312,95.96271623509188,0.09625696390867233,2.7766661643981934,92.83526991972249
140,000140_left.png,0.0422456189990043,0.976820170879364,99.39850325227891,0.9924771785736084,0.0804109871387481,11.380810737609863,98.85952851758016,0.9229001998901368,0.253398597240448,3.947113037109375,10.713789161465735,0.7642561793327332,0.056870125234127,2.554544687271118,96.46079218933448,1.004288911819458,9.83959674835205,6.0812272137428165,2.2847585678100586,0.2281016111373901,6.069104194641113,52.06389420997343,1.1661542654037476,0.7864879369735718,6.845332145690918,10.091994685781376,1.9215409755706787,0.08912065625190735,2.5409607887268066,96.04866864877614,0.09677419066429138,2.723874807357788,94.1379563652391
141,000141_left.png,0.0421436503529548,0.975427508354187,99.43188487452169,0.994963765144348,0.0632943958044052,11.396876335144045,98.92109119033648,0.948010265827179,0.2956358194351196,4.6981096267700195,0.7209567153911628,0.7366724610328674,0.0629438012838363,2.3853631019592285,97.57906232874848,1.0030195713043213,9.733794212341309,6.827129737229738,2.2969205379486084,0.2602519392967224,6.183873653411865,49.85328239349857,1.2439687252044678,0.7278449535369873,6.350974082946777,13.002483511272963,1.8515915870666504,0.0938953310251236,2.40000057220459,95.4083795905507,0.10970588773488998,2.7464020252227783,91.93976901862088
142,000142_left.png,0.0402314104139804,1.0398755073547363,99.39237752979004,0.9970364570617676,0.0676895827054977,11.61277961730957,98.29790396907984,0.9480896592140198,0.2794468402862549,3.834769964218139,2.424244795130386,0.7290617227554321,0.0463179238140583,2.0465831756591797,99.08772973015265,1.0010048151016235,9.832905769348145,6.710976191780178,2.2745606899261475,0.2875200510025024,6.273216724395752,50.60831057873612,1.270961046218872,0.7265257239341736,6.378681182861328,10.128860131598508,1.8407570123672483,0.10021808743476868,2.577043294906616,94.31118733261287,0.10971827805042267,2.7282989025115967,91.98773669125593
143,000143_left.png,0.0431614555418491,1.0092099905014038,99.33274551390512,0.97184419631958,0.0654183104634285,10.510074615478516,98.97241390175505,0.950247883796692,0.2688769400119781,4.259809970855713,6.295491067208621,0.7600435018539429,0.0620885752141475,2.54331374168396,97.8266691873838,0.9804396033287048,9.8056058883667,6.597189400384409,2.281007766723633,0.274285078048706,6.118462562561035,50.35998991713142,1.2924916744232178,0.7366465330123901,6.505241394042969,11.349135078929956,1.8578016757965088,0.09163656830787659,2.376260995864868,96.12381406605361,0.09905482083559036,2.4757401943206787,94.22868472189923
144,000144_left.png,0.0488597527146339,1.1317763328552246,99.25796071274196,0.9732841849327089,0.0790348500013351,11.765366554260254,97.97410407559325,0.9325441122055054,0.2805058062076568,4.445375442504883,0.7779091262505653,0.7416347861289978,0.0511477664113044,2.342358112335205,97.91023698261704,0.947579264640808,9.524434089660645,7.852082225907031,2.226541519165039,0.2912325263023376,6.395049571990967,48.09906143141626,1.292180061340332,0.7343001365661621,6.828851699829102,11.75352855771443,1.84697163105011,0.09215995669364929,2.7123661041259766,95.01995274871449,0.09893130511045456,2.7686824798583984,93.21328594969128
145,000145_left.png,0.0453231669962406,1.263625144958496,99.36052708070925,0.9728326201438904,0.0895186215639114,12.491089820861816,98.67783129159255,0.92905193567276,0.3045404553413391,4.945258617401123,1.847359059933252,0.7304474115371704,0.0837187319993972,2.5260233879089355,95.75571054577428,0.920623779296875,9.27146339416504,8.143248266352245,2.2111380100250244,0.2699027061462402,6.038563251495361,50.02058394452327,1.2571390867233276,0.7125259041786194,7.033194065093994,9.889486200763404,1.8300551176071167,0.08526036888360977,2.353651762008667,95.2313306816272,0.09138106554746628,2.507028818130493,94.2405422925787
146,000146_left.png,0.0470106601715087,1.2507026195526123,99.3963094219724,0.9649803042411804,0.0868177935481071,13.26904296875,97.92237516521068,0.9435763359069824,0.3029229044914245,4.806389331817627,2.0715805422133395,0.7306317687034607,0.0859822705388069,2.615163564682007,95.6884046291222,0.8839013576507568,9.294419288635254,8.914928596757035,2.1506659984588623,0.2655045986175537,6.6286940574646,48.67347925598788,1.2115683555603027,0.69100022315979,6.964673042297363,9.06079752425776,1.8110681772232056,0.08997154980897903,2.722561836242676,95.50565877867216,0.09789516776800156,2.81143856048584,92.94357360447053
147,000147_left.png,0.041953295469284,1.3623796701431274,99.1488836807697,1.0003364086151123,0.0885611101984977,11.880030632019045,98.54895154636242,0.9498479962348938,0.2995150983333587,4.609339714050293,1.2148974307906792,0.7244992852210999,0.0669828429818153,2.4356470108032227,97.20683334078502,0.8887185454368591,9.142667770385742,11.030406984542472,2.144176721572876,0.234614148736,6.6650285720825195,52.45926293241854,1.1700526475906372,0.6450008153915405,6.645420551300049,12.56599831727154,1.781168818473816,0.08387663215398788,2.655622720718384,95.58966554217652,0.0958797037601471,2.6218178272247314,93.49314929132704
148,000148_left.png,0.0456736423075199,1.4784122705459597,99.22410997180847,1.0254740715026855,0.0965716317296028,13.47546672821045,97.11065372125825,0.9443153142929076,0.2923979461193084,4.688076972961426,5.735641420933513,0.7456567883491516,0.0915755406022071,2.517953872680664,96.74451405517108,0.9204400777816772,9.610806465148926,9.144061403221045,2.198559045791626,0.2938708364963531,6.427135944366455,47.08728310427395,1.3271286487579346,0.6325496435165405,6.549371719360352,11.761570505461345,1.7740098237991333,0.08995634317398071,2.5790069103240967,96.9553131120683,0.09468774497509003,2.6557178497314453,94.0658375044654
149,000149_left.png,0.0454573221504688,1.3135420083999634,99.16390916668772,0.98201185464859,0.1125986278057098,12.338238716125488,97.8145265083326,0.9284580945968628,0.3046420216560364,4.943607330322266,3.9794571285502047,0.7402715682983398,0.0972592681646347,2.6539454460144043,95.3310903364909,0.9129608869552612,10.115825653076172,8.120310708861494,2.1706008911132812,0.2976763248443603,6.484288215637207,45.51959311540674,1.3139382600784302,0.6597151160240173,6.855914115905762,9.444175450358175,1.8056749105453491,0.09170040488243103,2.9910144805908203,95.8155182128534,0.10868265479803085,3.1987409591674805,91.54734678996387
150,000150_left.png,0.0421255938708782,1.3791810274124146,99.05510601249615,0.9733982682228088,0.1216094568371772,12.918685913085938,98.28113047440296,0.8969472646713257,0.2686601877212524,4.641823768615723,23.573008063471097,0.7397484183311462,0.0836014002561569,2.4494986534118652,96.40383401539124,0.9078087210655212,10.479462623596191,7.285130858974949,2.0504612922668457,0.2485007494688034,5.521734237670898,56.61401096030131,1.259814977645874,0.6098176836967468,6.519214630126953,10.845347724128128,1.68009352684021,0.08926686644554138,3.049222946166992,94.4933007965376,0.09074954688549042,2.713376045227051,94.71221259977648
151,000151_left.png,0.0435446053743362,1.423702836036682,98.90789952675648,0.9736347794532776,0.1129640862345695,15.178544998168944,98.28198601233012,0.8976784348487854,0.244109496474266,3.914369821548462,35.367493467064705,0.7071484923362732,0.1038075760006904,3.441826820373535,93.84466413524233,0.8946042656898499,10.754032135009766,6.179015112434142,1.9369746446609497,0.2399355918169021,5.879125595092773,55.55362926755013,1.1687296628952026,0.6136408448219299,6.896103858947754,7.984557747765271,1.5774260759353638,0.09059716016054153,2.808340311050415,96.73219505995002,0.09862620383501053,2.4649276733398438,93.53641486251747
152,000152_left.png,0.0424159727990627,1.4509098529815674,98.72533982123024,1.003673076629639,0.1138091534376144,14.55576515197754,98.0040065405919,0.9155908226966858,0.2682570517063141,4.201211929321289,15.814706058608497,0.6569749712944031,0.1348017156124115,4.618284225463867,90.51913808011368,0.8759896159172058,11.139798164367676,4.732940098793757,1.8512701988220217,0.2439559549093246,6.252834796905518,50.97638024467293,1.0857672691345217,0.625306248664856,7.535382270812988,5.434084702377386,1.5353139638900757,0.08842861652374268,3.3055214881896973,96.23893805309734,0.10329605638980865,2.853109121322632,91.34595595801606
153,000153_left.png,0.0486581772565841,1.4951221942901611,98.62505045069284,0.9930917620658876,0.1182304918766021,16.49041175842285,97.87288503253797,0.924934983253479,0.2215979993343353,3.841835021972656,36.94013015184382,0.7084572315216064,0.1339612901210785,3.907684803009033,82.13362255965293,0.8228763937950134,11.54674243927002,1.91236442516269,1.6669270992279053,0.226158007979393,5.885533809661865,57.14533622559653,1.01847505569458,0.6007042527198792,7.321988105773926,4.872017353579175,1.529923677444458,0.09124139696359634,3.389299154281616,95.63802564180544,0.09152880311012268,2.835153102874756,96.1446055324085
154,000154_left.png,0.0532266609370708,1.6882765293121338,98.34561341039196,1.022268772125244,0.0895771980285644,16.375946044921875,97.7271625878362,0.9532191157341005,0.2675388753414154,4.755887031555176,28.778994206665637,0.6751421689987183,0.127057284116745,4.273819923400879,81.4613300438355,0.7769138813018799,11.858777046203612,1.5807211930303766,1.5594580173492432,0.2706176936626434,6.342941761016846,55.88122563164967,0.9657058715820312,0.6051824688911438,7.499765396118164,3.91479613190299,1.511823058128357,0.07940654456615448,3.297142505645752,97.37859450299212,0.1025795191526413,2.8773088455200195,89.34138290172818
155,000155_left.png,0.0606003925204277,1.7153477668762207,98.51665969608251,1.012911081314087,0.0851604491472244,17.09630584716797,96.92233300947836,0.9698961973190308,0.2480000406503677,4.653559684753418,25.948395126952644,0.7026874423027039,0.1352479755878448,5.049537658691406,84.01395113520871,0.7934384942054749,13.26280689239502,1.3548182009482832,1.6229474544525146,0.2468122690916061,6.905903339385986,50.362881742190545,0.7995879650115967,0.5818901062011719,7.675771236419678,4.187131465719876,1.5002871751785278,0.07401993125677109,3.07991361618042,98.13464298528885,0.09081786125898361,2.9101223945617676,95.70775026910655
156,000156_left.png,0.0483122766017913,1.433414101600647,98.7521673630653,1.0181591510772705,0.0891127586364746,17.734180450439453,97.03059196732968,0.9990548491477966,0.319902628660202,5.476405620574951,14.06993491458679,0.6481736898422241,0.1428677290678024,6.463625431060791,83.25736996590764,0.7447037100791931,14.025858879089355,6.195420320504639,1.687208652496338,0.194398745894432,6.371936321258545,65.07584182603782,0.8450034260749817,0.5469717979431152,7.524054527282715,5.244207033600117,1.4824203252792358,0.08312339335680008,3.4114391803741455,97.44573032938438,0.10357634723186493,2.9596331119537354,87.39711018283914
157,000157_left.png,0.0391697958111763,1.5621583461761477,98.75701337936988,1.0391876697540283,0.0934104621410369,17.154617309570312,97.27136932540382,0.9688453078269958,0.313502699136734,5.459162712097168,16.824081719751725,0.6589627861976624,0.1463025659322738,6.426923751831055,81.52027685256488,0.7413274645805359,14.754734992980955,11.273113570785744,1.8047378063201904,0.1838472485542297,6.341038227081299,70.94115027416197,0.8877471089363098,0.4913477301597595,6.973275661468506,6.684263752168709,1.4173990488052368,0.07787511497735977,3.273407459259033,96.50946070935566,0.0723271444439888,2.895219326019287,92.53740361510181
158,000158_left.png,0.0320676527917385,1.6849360466003418,98.81185228433806,1.01439368724823,0.131039023399353,20.512075424194336,97.03796215566604,0.922757923603058,0.3606887459754944,5.8934502601623535,10.4173245045597,0.6285166144371033,0.1347720474004745,7.262879371643066,86.1568913919457,0.7258175611495972,15.02316665649414,11.063458774182909,1.7179205417633057,0.1775823086500167,6.575818061828613,72.3392322737234,0.8492304086685181,0.462303102016449,7.196694850921631,7.201263048754624,1.4546105861663818,0.05152174085378647,3.4505558013916016,97.32414457649215,0.051878511905670166,3.310129165649414,97.29202486443592
159,000159_left.png,0.0382131189107894,1.634432673454285,98.8424418260406,1.0405093431472778,0.1481779217720031,20.59062767028809,96.3081526514522,0.9020854830741882,0.3028925955295563,4.950389385223389,13.309268802393786,0.7061898708343506,0.1213908642530441,5.111932754516602,88.13935263245386,0.7524170279502869,15.736055374145508,9.663967322900092,1.7382614612579346,0.1405962109565735,6.37009859085083,77.38108242893443,0.8915283679962158,0.4793742001056671,7.369953155517578,6.807570828089007,1.4939571619033811,0.058174826204776764,3.1201870441436768,98.19064157765777,0.05891876667737961,3.1434648036956787,98.2063420320194
160,000160_left.png,0.0501154363155365,1.7120484113693235,98.91206617514835,1.0371649265289309,0.1357300281524658,19.251792907714844,97.28780973059835,0.9267820715904236,0.3873834609985351,5.975708961486816,11.725882741172589,0.6171948909759521,0.1644308120012283,6.735568046569824,85.53753592898855,0.7384079098701477,15.229498863220217,9.003170837856839,1.7871589660644531,0.1535013914108276,6.726788520812988,77.65874515167891,0.8707655668258667,0.4931728839874267,7.227424621582031,7.309187777687441,1.524272918701172,0.06213104724884033,3.255100965499878,98.24689974278283,0.05227750167250633,3.011610507965088,97.50015567147092
161,000161_left.png,0.0569175221025943,1.738682985305786,99.20440451341622,1.0505913496017456,0.1452840268611908,23.982929229736328,92.49182428104244,0.9343752861022948,0.3313365578651428,5.004321575164795,12.595664340379622,0.6849167943000793,0.156194269657135,6.1657819747924805,84.50924012772906,0.7637822031974792,15.886996269226074,6.766942642334571,1.7854779958724976,0.1667669117450714,6.932543754577637,74.03998516570582,0.853279173374176,0.4901384115219116,7.283605098724365,7.165253074022165,1.5447531938552856,0.07375552505254745,3.739691972732544,97.67592275278865,0.06306252628564835,3.0807690620422363,97.33805067115875
162,000162_left.png,0.0564847812056541,1.7890510559082031,98.92699926632427,1.0623050928115845,0.1062304377555847,20.083864212036133,97.00876314228192,0.9798488020896912,0.3374380767345428,5.1583662033081055,10.948578542458932,0.6910443902015686,0.17282535135746,6.807703495025635,86.09762976939611,0.8243038654327393,16.603992462158203,3.4191816528395114,1.872027277946472,0.2063581347465515,7.333621025085449,67.69989398640303,0.8200948238372803,0.4822441041469574,7.130645751953125,6.114261260297422,1.5067309141159058,0.09331075847148895,3.91506028175354,95.71358986848514,0.0621631033718586,3.115521192550659,93.002435460302
163,000163_left.png,0.0616636648774147,1.7966723442077637,98.74337809535542,1.0189682245254517,0.1283715814352035,20.888742446899418,94.49423312883437,0.9656236171722412,0.4139280021190643,6.155577182769775,11.192638036809816,0.5956661701202393,0.2018072456121444,7.568672180175781,84.34552147239263,0.8107091784477234,16.360715866088867,0.6159509202453988,1.8551409244537351,0.2008226811885833,7.3234477043151855,66.24588957055215,0.8237466216087341,0.5058560371398926,7.39617395401001,7.036564417177914,1.55212664604187,0.11738632619380951,5.227858543395996,90.12017268677413,0.05925745889544487,2.9676599502563477,96.76359810005212
164,000164_left.png,0.0502156168222427,1.7030317783355713,98.92799603420498,1.019703388214111,0.114936739206314,20.10938262939453,96.92146627884584,0.9510036706924438,0.3928373157978058,5.9210309982299805,11.43413053891624,0.6136266589164734,0.1958866566419601,7.488025188446045,83.99498269127254,0.8067429661750793,16.03464698791504,1.0044494046884185,1.821328043937683,0.2964923679828644,8.708893775939941,36.724131971022075,0.7223860621452332,0.5177766680717468,7.451833248138428,6.204968913426733,1.569522738456726,0.15753228962421417,7.702586650848389,88.55308138700757,0.05968674644827843,3.126844644546509,95.21849475345441
165,000165_left.png,0.0490423031151294,1.971047282218933,98.57120670911632,1.0314664840698242,0.1010040417313575,20.893178939819336,97.5587937101167,0.9653133749961852,0.4686359167098999,6.907437801361084,11.044072918116216,0.5110861659049988,0.2554433941841125,11.789454460144045,82.95777587817824,0.8236441016197205,16.347057342529297,1.3607538317794166,1.7809605598449707,0.2610902786254883,8.280820846557617,43.51330934536708,0.7706989645957947,0.5343027710914612,7.523284912109375,5.988708426932787,1.6104323863983154,0.1688961684703827,8.487034797668457,88.37952773157784,0.06878560781478882,2.9661152362823486,96.27772410839665
166,000166_left.png,0.055113285779953,1.748685598373413,98.7295542514671,1.0300936698913574,0.0988975092768669,18.134435653686523,95.83329136744992,0.94820237159729,0.4334605038166046,6.324084758758545,12.165741738596193,0.5418698787689209,0.2385922372341156,11.143895149230955,83.019428525386,0.8078712821006775,15.788723945617676,4.486488664175572,1.818455457687378,0.3222623467445373,8.985771179199219,19.267879984287973,0.6858965754508972,0.5032245516777039,7.0908660888671875,7.135878815957779,1.5344136953353882,0.21923308074474335,10.979124069213867,77.6040484154974,0.06649066507816315,2.763312339782715,96.38447838305558
167,000167_left.png,0.0532226487994194,1.67097270488739,98.89974390590912,1.0353058576583862,0.0858693197369575,20.895479202270508,96.85734878419063,0.9583197832107544,0.4224731922149658,6.426105499267578,9.940653577398264,0.5661373138427734,0.2000161558389663,9.097909927368164,84.04598453210382,0.7960037589073181,15.98128890991211,6.8286723474296,1.914620280265808,0.289968192577362,8.429219245910645,31.662671049066866,0.7262167930603027,0.5025690793991089,7.340597629547119,7.311213457989788,1.5673264265060425,0.18241526186466217,9.105426788330078,85.64323981029061,0.07169372588396072,2.9236302375793457,95.22346168423425
168,000168_left.png,0.0547736100852489,1.870221734046936,98.69105717332988,1.069406270980835,0.0768445432186126,20.73509407043457,97.84606382923148,0.9851494431495668,0.3592704832553863,5.461335182189941,17.386647998871574,0.6207543015480042,0.1979186385869979,8.577651023864746,77.2867613639332,0.7986817359924316,15.523992538452148,6.962286526275095,1.9913780689239504,0.2540813088417053,8.150402069091797,40.99792599403397,0.7824851870536804,0.5084343552589417,7.475813865661621,7.696286118787778,1.555634617805481,0.11940697580575943,5.608631134033203,91.8638069761233,0.07774177193641663,3.08367919921875,96.88414484119713
169,000169_left.png,0.0418301448225975,1.8130980730056765,98.75932990545697,1.03753924369812,0.0731553509831428,18.275043487548828,97.930872701488,1.0160048007965088,0.3788412809371948,5.9823150634765625,10.39095363256863,0.6049068570137024,0.1932939738035202,8.788869857788086,82.97515021299056,0.7758365273475647,15.720991134643556,8.631582314586254,1.9578070640563965,0.2022565603256225,7.453137874603272,69.74147904482132,0.8019092679023743,0.4332383573055267,6.815246105194092,10.345636492559992,1.4396145343780518,0.0641498863697052,2.800799608230591,98.16313340917952,0.0741051509976387,3.1227190494537354,98.05203476105778
170,000170_left.png,0.0460662730038166,1.7723969221115112,98.75451988750504,1.0486364364624023,0.0717717111110687,17.894460678100586,97.88014214947232,1.002511739730835,0.4074668884277344,6.336862564086914,11.27019168640965,0.5518336296081543,0.2088319063186645,8.81360912322998,75.84051259961232,0.7752049565315247,15.157708168029783,5.885741977169933,1.8961424827575684,0.1888351738452911,7.528478622436523,71.91578720654749,0.8214042782783508,0.4050239324569702,6.597239017486572,13.70773206978247,1.4441092014312744,0.065548837184906,2.8830432891845703,97.75705169353925,0.07192524522542953,2.9658362865448,98.18805594963885
171,000171_left.png,0.0525997802615165,1.958940386772156,98.6336032388664,1.0586824417114258,0.0883485823869705,20.86553382873535,97.43986282266248,1.023692011833191,0.3655620217323303,5.646384239196777,12.417587784271271,0.6159178018569946,0.1647564470767974,7.1170830726623535,84.11716507404212,0.8106303215026855,15.393577575683594,6.4882493067877824,1.9710761308670044,0.1931607276201248,7.532214641571045,72.1336827882596,0.8154177069664001,0.3693961799144745,6.029509544372559,16.978951309642028,1.3645211458206177,0.06894686818122864,2.9764564037323,96.99336026928704,0.07831089198589325,3.1442813873291016,97.73346456907007
172,000172_left.png,0.0490695871412754,2.0086874961853027,98.55721899718232,1.0509769916534424,0.0946188420057296,19.845317840576172,97.2209048140819,0.9868037104606628,0.4047972559928894,6.026447772979736,11.319715875949216,0.564127504825592,0.17530158162117,8.333513259887695,82.70288539639448,0.8218104839324951,15.188328742980955,5.497135318712829,2.002286434173584,0.2616876065731048,8.281962394714355,37.55757982130494,0.7367316484451294,0.4133318960666656,6.536496639251709,10.63775273793754,1.4222413301467896,0.07482225447893143,3.100024700164795,94.81600874197514,0.08796815574169159,3.4306821823120117,94.63352001092747
173,000173_left.png,0.0491348020732402,2.107757091522217,98.2702739585821,1.0597779750823977,0.0961536988615989,22.83555603027344,96.1526446457638,1.026129961013794,0.4460756182670593,6.778294563293457,9.491239319752498,0.5147192478179932,0.194705918431282,8.148416519165039,77.36691822451675,0.7878625392913818,14.432785034179688,6.12014490609055,1.9934014081954956,0.2103793323040008,7.697141170501709,66.14601316431276,0.8056867122650146,0.3433223962783813,5.705781936645508,20.931366907263392,1.3222728967666626,0.08002061396837234,3.109163284301758,92.6243285106944,0.09399287402629852,3.3410136699676514,92.2788342176669
174,000174_left.png,0.0547646284103393,2.22268009185791,98.3030510798766,1.054097294807434,0.1029340624809265,20.749181747436523,95.5763913272472,1.0210660696029663,0.405917227268219,6.172903537750244,13.30538974719101,0.5485020279884338,0.2285607010126114,8.906685829162598,72.24258251404494,0.7555893659591675,13.470540046691896,8.479086200842696,1.8738864660263064,0.2732937633991241,8.373917579650879,42.29393433988764,0.7296401858329773,0.3367979824542999,5.671291351318359,27.642753686797754,1.2680432796478271,0.08260998129844666,2.9332361221313477,93.43964706335368,0.0921640619635582,3.871981620788574,92.13043693512809
175,000175_left.png,0.0580271184444427,2.366774320602417,97.80253791395852,1.0546741485595703,0.1162390112876892,19.742631912231445,94.09559358768766,1.0022186040878296,0.4115880131721496,6.5503363609313965,9.61354269857863,0.5765219330787659,0.1661318689584732,6.731991291046143,82.21617746057981,0.7799736261367798,13.222479820251465,6.322005790565428,1.9470618963241575,0.2584990561008453,8.208633422851562,43.35261697434747,0.741435706615448,0.311539888381958,5.762790203094482,27.603702021224773,1.2699666023254397,0.09589216113090515,3.5463149547576904,90.30762562614187,0.11702699959278107,3.7842485904693604,90.3948602873806
176,000176_left.png,0.0568044707179069,2.4800376892089844,96.59938795860124,1.0155686140060425,0.112352930009365,19.4912109375,95.9338079493646,1.0022183656692505,0.3873192965984344,6.105432510375977,22.165512808641136,0.6466497182846069,0.280689924955368,7.012055397033691,35.49652208489708,0.7945005893707275,13.05203628540039,4.86853644321221,1.9779248237609863,0.2495002299547195,7.7730393409729,41.478971822623606,0.7614487409591675,0.2950532436370849,5.586953163146973,39.0321754808347,1.2340182065963743,0.08542599529027939,3.2514724731445312,93.44152192074786,0.10174767673015594,3.672865867614746,94.36596646226594
177,000177_left.png,0.0614755041897296,2.366530418395996,97.35849056603772,1.0360490083694458,0.1075990796089172,18.59142684936523,95.50114849344683,1.0020817518234253,0.3839019536972046,6.323059558868408,12.422645588433994,0.6324833035469055,0.2452420890331268,8.84895133972168,64.66963923794083,0.7347302436828613,12.215497016906738,6.885556005945142,1.8855111598968504,0.1996824741363525,7.363325595855713,66.79529793271179,0.8075262904167175,0.3091171085834503,5.807821750640869,34.07269287934063,1.1756856441497805,0.0778011754155159,3.246830463409424,94.52598046386139,0.09139860421419144,3.7985477447509766,96.04997264073766
178,000178_left.png,0.0562686584889888,2.450538158416748,96.87553648068668,1.0151718854904177,0.1109116971492767,18.72361183166504,95.08700649541578,0.982865273952484,0.380132108926773,6.210699081420898,11.357087487637326,0.6275016069412231,0.1912015080451965,6.826377868652344,68.45045574830932,0.6927769184112549,11.170333862304688,8.972762021865227,1.831162452697754,0.2298801839351654,7.62798547744751,56.87257758413301,0.7717354893684387,0.2936493754386902,5.6604814529418945,40.31488065007618,1.1754875183105469,0.07857781648635864,3.208442449569702,94.51253168423477,0.10477343946695328,4.25607442855835,94.59666571993549
179,000179_left.png,0.0628727674484252,2.9637491703033447,96.16519174041298,1.0359086990356443,0.1142943277955055,18.66898536682129,94.80997204149908,0.98367041349411,0.4003847241401672,6.457388401031494,12.431226844389007,0.5895557999610901,0.2242222875356674,8.500948905944824,66.38743400155384,0.607395589351654,9.743943214416504,11.976703010956138,1.6626055240631104,0.232842743396759,7.655703067779541,55.52220031816668,0.7825557589530945,0.3449777960777282,6.169548034667969,28.592720219439876,1.1999309062957764,0.08434765040874481,3.2853620052337646,94.41433997044288,0.11225980520248413,4.460078239440918,91.35745575701716
180,000180_left.png,0.0708525031805038,3.1454319953918457,95.51963993453356,1.0336062908172607,0.1434235274791717,19.180246353149418,94.83923207522528,0.9590237140655518,0.4450757503509521,7.582204341888428,12.908449784510903,0.5141172409057617,0.2229796200990677,7.337295055389404,74.51795742457882,0.5898776650428772,9.342474937438965,11.33446519524618,1.6421436071395874,0.2340031415224075,7.756157398223877,62.06556092464412,0.7971827387809753,0.3377888202667236,6.099503040313721,32.61538461538461,1.173850655555725,0.08967870473861694,3.1962032318115234,92.92337495745961,0.12829692661762238,4.937052249908447,89.8562789601822
181,000181_left.png,0.0708535239100456,3.171128273010254,96.01380617217109,1.0258171558380127,0.1422276496887207,19.939563751220703,94.73088583412932,0.9504193663597108,0.42607381939888,7.514430522918701,10.894347771917438,0.5883128046989441,0.2261391133069992,7.229487419128418,54.21010008721292,0.5823546648025513,8.88580322265625,12.667158104572447,1.609277606010437,0.2458196431398391,7.990118026733398,62.76215789692263,0.8196679353713989,0.3349927067756653,5.933135032653809,28.709144898043935,1.2306318283081057,0.08191028982400894,3.166198253631592,93.60428809325562,0.12002885341644287,5.369175434112549,90.13114071606995
182,000182_left.png,0.0718538835644722,3.2674560546875,95.35623409669212,1.0182946920394895,0.1541586518287658,21.55358123779297,94.68157094079788,0.9392895698547364,0.4430995881557464,8.234952926635742,8.554116668646786,0.5981623530387878,0.2446401119232177,6.8100457191467285,47.22326967679283,0.5078213214874268,7.685041904449463,15.938757483560703,1.4876571893692017,0.2258781641721725,7.613830089569092,66.2499806292648,0.8459210395812988,0.3442645370960235,5.935409069061279,35.01247475347511,1.2031643390655518,0.0929548516869545,3.808286428451538,93.40358872116207,0.11566704511642456,4.8068695068359375,89.55283395044147
183,000183_left.png,0.0771938264369964,3.444532632827759,94.96813814507875,1.0359575748443604,0.1640065461397171,20.383817672729492,94.9757163047668,0.9418252110481262,0.4480561912059784,9.156962394714355,9.07824746241809,0.4754630029201507,0.3230167627334595,8.710625648498535,45.90569189258641,0.4497573375701904,6.773405075073242,21.735577540794036,1.4576090574264526,0.1985333263874054,7.586586952209473,68.48978542978286,0.8881931304931641,0.3902093470096588,6.158653736114502,27.025054606192985,1.2568352222442627,0.09857730567455292,3.7646291255950928,90.35359002113293,0.14155073463916779,5.528714179992676,82.0839132003505
184,000184_left.png,0.0706090405583381,3.34714674949646,94.586090567017,1.0338319540023804,0.1820630729198455,20.460851669311523,94.49363430366084,0.9229421019554138,0.4798692762851715,9.292299270629885,4.388212848016123,0.5083379745483398,0.1852489709854126,6.697348594665527,74.12647505639357,0.4003460705280304,6.359920501708984,23.6479608799955,1.3533345460891724,0.2210975140333175,8.104355812072754,68.3080904957008,0.8738845586776733,0.4164450466632843,6.210134506225586,18.383026173779164,1.321699619293213,0.09424392133951187,3.8566930294036865,89.8714304770309,0.13999216258525848,5.234382152557373,83.31777091435197
185,000185_left.png,0.076962798833847,3.4644346237182617,94.77517013292628,1.0331246852874756,0.1856925636529922,22.350706100463867,94.30719329147271,0.9493992924690248,0.5712329149246216,10.35247802734375,2.2573260305680622,0.4051160812377929,0.1913398504257202,7.320158004760742,71.7846936341071,0.3609121441841125,5.754036903381348,27.850844910991203,1.3183984756469729,0.2321876287460327,8.204072952270508,66.14620081927687,0.8853275775909424,0.4401498138904571,6.356462478637695,14.535311645000329,1.3596407175064087,0.08971578627824783,3.8209972381591797,90.95357635688717,0.15030544996261597,5.7975239753723145,80.00784165958031
186,000186_left.png,0.0731587633490562,3.421502113342285,94.72612821396136,1.0254004001617432,0.1967802494764328,22.66274070739746,93.02402701154622,0.9397274255752563,0.5328372120857239,9.744180679321287,3.039803844723805,0.4617639482021332,0.1510707587003708,7.842164516448975,77.71145478480199,0.4085130393505096,6.343502998352051,25.068584004099964,1.405354380607605,0.2397589385509491,8.276110649108887,63.0249314159959,0.8821694254875183,0.4769242107868194,6.800267696380615,9.48871001778662,1.3891719579696655,0.08389730006456375,3.684854507446289,92.10771735787993,0.16892239451408386,6.946386337280273,77.07578224639691
187,000187_left.png,0.0722853019833564,3.551124334335327,94.75290563245676,1.0140693187713623,0.1946439445018768,22.67151641845703,93.04766437615888,0.9442318677902222,0.6075523495674133,11.409334182739258,0.6876481145452201,0.3988057971000671,0.1665467619895935,6.353544235229492,72.4782104292471,0.3017955422401428,5.328878402709961,40.72393927675482,1.284530758857727,0.2696203291416168,8.440485000610352,42.15872921438557,0.8139861822128296,0.5140358209609985,7.012120723724365,9.133771603652914,1.438912272453308,0.10051876306533813,3.8122928142547607,92.29413872740304,0.17705833911895752,7.345407962799072,76.68680815481405
188,000188_left.png,0.070226714015007,3.4670417308807373,94.64832267644474,1.0145095586776731,0.1801683157682418,18.957489013671875,92.94836690788188,0.9368088245391846,0.4882305562496185,9.115735054016112,3.8382554273420695,0.5372034311294556,0.1538986414670944,6.77170467376709,75.89184431840407,0.3359007537364959,5.673201084136963,35.591140230784276,1.3092256784439087,0.2568275034427643,8.48361587524414,41.77342069235282,0.8731704354286194,0.5279464721679688,7.052894115447998,8.874926657539604,1.4907557964324951,0.08440826833248138,3.800794839859009,93.15192766003354,0.14016607403755188,6.288735389709473,86.049351235252
189,000189_left.png,0.0744951367378234,3.5868515968322754,94.31835083439928,1.010969877243042,0.1794395446777343,19.21543312072754,93.1958444516288,0.927899956703186,0.4161575734615326,8.651524543762207,4.655931982571016,0.6513991355895996,0.1592615693807602,6.16257905960083,72.51991642580377,0.3053938150405884,5.292059421539307,41.68287163254376,1.271024227142334,0.2499413788318634,8.41895580291748,48.23852423024402,0.865665078163147,0.5798484683036804,7.371873378753662,9.389068765350489,1.5941299200057983,0.07915283739566803,3.4825141429901123,94.17998374864572,0.15386146306991577,6.250296115875244,79.76851493576845
190,000190_left.png,0.0718739479780197,3.5284059047698975,94.21238782847622,1.0344475507736206,0.1870203614234924,19.63869857788086,93.05519269227663,0.9320549964904784,0.4160519242286682,8.93848991394043,3.804443346618088,0.6286507248878479,0.1470002382993698,5.735990047454834,73.6790852995245,0.3148455321788788,5.169435977935791,34.23143974120855,1.2516674995422363,0.273710161447525,8.918390274047852,40.13642603685213,0.8494120240211487,0.581600546836853,7.353158473968506,8.469149759876874,1.5785030126571655,0.08227124810218811,3.319014549255371,94.999023711895,0.1576867699623108,7.096314430236816,79.98180770457998
191,000191_left.png,0.0757941976189613,3.4439938068389893,94.62436723423838,0.9883970022201538,0.1968043893575668,18.611366271972656,92.56199892480656,0.9287591576576232,0.5317553877830505,10.165971755981444,0.4800972348830142,0.4799221456050873,0.1275552213191986,5.417852878570557,79.92333403454643,0.3241342306137085,5.211415767669678,35.39162751560199,1.2722424268722534,0.2900089919567108,8.961664199829102,28.793212257204964,0.8400933146476746,0.5810839533805847,7.27692985534668,8.348175677254984,1.5258724689483645,0.08624923974275589,3.2551896572113037,93.33995884059874,0.19547690451145172,7.846576690673828,76.91041970400859
192,000192_left.png,0.0652573704719543,3.516380548477173,94.221644826028,0.9943519830703736,0.1856033056974411,18.375213623046875,92.9342344159774,0.964635968208313,0.5236680507659912,10.0994873046875,1.6276340161754728,0.4911174774169922,0.1513855755329132,5.660574913024902,75.46903368973169,0.3097256124019623,4.911585330963135,40.16817356538962,1.2639249563217163,0.303611546754837,8.849604606628418,24.177930199717572,0.8071795701980591,0.6033366322517395,7.223793029785156,9.230289581308345,1.5719029903411863,0.08948221057653427,3.1570608615875244,93.76663739557807,0.20281092822551727,8.324963569641113,76.34972667546332
193,000193_left.png,0.0689230859279632,3.449408769607544,94.23519942268727,1.011343240737915,0.1927713900804519,18.23523330688477,93.28796141884888,0.9631905555725098,0.559570848941803,11.22637176513672,0.3907693694505791,0.4653450548648834,0.1778486520051956,6.8536458015441895,72.15125974669851,0.3180574774742126,5.028737545013428,40.90683733717943,1.240336537361145,0.3070428967475891,8.893821716308594,21.518456753955014,0.8010965585708618,0.6400542855262756,7.4403862953186035,9.090909090909092,1.611114501953125,0.09277209639549255,3.0173749923706055,94.2483057322537,0.20571987330913544,8.672728538513184,74.77247758683828
194,000194_left.png,0.0692696422338485,3.51071834564209,94.18086357297165,1.0057857036590576,0.1983478814363479,17.986093521118164,92.94870373736882,0.9634342789649964,0.5890967845916748,11.528045654296877,0.2709137908864778,0.4183430969715118,0.2148969918489456,6.692135810852051,66.72327331255293,0.3650663495063782,5.267098903656006,31.316481401834768,1.32843017578125,0.315949410200119,9.01224422454834,17.13319115162748,0.761577844619751,0.6873102188110352,7.8963623046875,7.851622600683713,1.6614904403686523,0.09393824636936188,3.1559770107269287,93.790137512675,0.17524124681949615,6.862314701080322,79.31172504580792
195,000195_left.png,0.0702264383435249,3.440629482269287,93.96489152934218,1.026586413383484,0.197903573513031,17.008419036865234,92.51091903118414,0.9431955814361572,0.5442975163459778,11.61776065826416,0.3604043859381204,0.4956815838813782,0.2206476032733917,8.341090202331543,64.1415088988468,0.3425751626491546,4.779808044433594,37.32061591626052,1.2854453325271606,0.2979438602924347,8.65175724029541,19.91997800922391,0.7840965390205383,0.715278148651123,7.951108932495117,7.914061443275579,1.6710439920425415,0.09408149868249893,3.511430263519287,91.90872276595559,0.16422732174396515,7.102795600891113,82.84047475357072
196,000196_left.png,0.068952165544033,3.429706573486328,94.03087478559176,1.0189555883407593,0.1938642263412475,16.410381317138672,91.57563422132908,0.9542222619056702,0.6137973070144653,12.796963691711426,0.0064409749059617,0.413543164730072,0.2857564389705658,9.420673370361328,52.152573813572424,0.3411678373813629,5.091865062713623,36.19398498823448,1.2768148183822632,0.2948564887046814,8.911575317382812,28.436474811494133,0.755540668964386,0.7287818193435669,8.047971725463867,8.404184057298911,1.675622582435608,0.09980390220880508,3.768157958984375,90.2578118274942,0.17592474818229675,7.58397912979126,83.40234139622966
197,000197_left.png,0.0764020979404449,3.394127607345581,92.99698795180724,1.0411525964736938,0.1778872162103653,16.604084014892578,91.99529781889836,1.0159813165664673,0.631964921951294,12.68993854522705,0.1302402679228368,0.3788721561431885,0.2678534388542175,8.565141677856445,54.98930169227777,0.31529301404953,4.703724384307861,41.9771149243507,1.218656301498413,0.2661689817905426,8.816585540771484,39.37230956589397,0.818351149559021,0.764776349067688,8.331066131591797,8.772189474218347,1.7148594856262207,0.10935116559267044,4.262885093688965,89.51910645783438,0.1735706925392151,7.5260329246521,82.85060297140919
198,000198_left.png,0.0771636888384819,3.3726470470428467,93.12080967915948,1.011479377746582,0.1708029359579086,14.962738990783691,92.03267747861842,1.0303338766098022,0.5705498456954956,11.989747047424316,0.3257749653187137,0.4640538990497589,0.2326509058475494,8.590399742126465,58.146248797090514,0.3450308442115783,4.7532734870910645,39.64039776206763,1.2543169260025024,0.2759186327457428,8.696433067321777,33.28653616227093,0.7978711724281311,0.8289831280708313,8.331976890563965,8.97297567519153,1.806671380996704,0.12479015439748764,4.499270915985107,86.2851129753588,0.18381008505821228,7.8966851234436035,81.59155158950546
199,000199_left.png,0.0881228372454643,3.559162855148315,92.56886773344137,0.98999685049057,0.1735963523387909,14.572834968566896,91.1395315418882,1.000208020210266,0.5732098817825317,11.929862022399902,0.247161948555827,0.4469563961029053,0.2484167367219925,8.384443283081055,57.68316465830476,0.3701514899730682,4.862741947174072,32.640978794161725,1.2945880889892578,0.2869733572006225,8.847038269042969,30.544618479666617,0.7700138688087463,0.8524636626243591,8.338094711303711,7.738386057110011,1.7522456645965576,0.16976022720336914,6.379300594329834,83.04371263152264,0.1936689168214798,7.969053745269775,78.1778379468272
