2026-09-07 13:24:18,322 INFO __main__: --train auto: mounted input(s): datasets/pandrii000/dasvo-tartanair-rgb-d-validation-split, datasets/volsiai/tesseract-v17
2026-09-07 13:24:18,336 INFO __main__: Dataset root resolved: auto -> /kaggle/input/datasets/pandrii000/dasvo-tartanair-rgb-d-validation-split/tartanair
2026-09-07 13:24:18,400 WARNING __main__: cam_left.json not found for carwelding/P007; using 90° FOV default intrinsics (may be wrong for non-TartanAir data).
2026-09-07 13:24:18,409 WARNING __main__: cam_left.json not found for endofworld/P009; using 90° FOV default intrinsics (may be wrong for non-TartanAir data).
2026-09-07 13:24:18,432 WARNING __main__: cam_left.json not found for gascola/P008; using 90° FOV default intrinsics (may be wrong for non-TartanAir data).
2026-09-07 13:24:18,466 WARNING __main__: cam_left.json not found for gascola/P009; using 90° FOV default intrinsics (may be wrong for non-TartanAir data).
2026-09-07 13:24:18,484 WARNING __main__: cam_left.json not found for hospital/P036; using 90° FOV default intrinsics (may be wrong for non-TartanAir data).
2026-09-07 13:24:18,499 WARNING __main__: cam_left.json not found for hospital/P049; using 90° FOV default intrinsics (may be wrong for non-TartanAir data).
2026-09-07 13:24:18,506 WARNING __main__: cam_left.json not found for japanesealley/P007; using 90° FOV default intrinsics (may be wrong for non-TartanAir data).
2026-09-07 13:24:18,517 WARNING __main__: cam_left.json not found for japanesealley/P005; using 90° FOV default intrinsics (may be wrong for non-TartanAir data).
2026-09-07 13:24:18,529 WARNING __main__: cam_left.json not found for neighborhood/P021; using 90° FOV default intrinsics (may be wrong for non-TartanAir data).
2026-09-07 13:24:18,558 WARNING __main__: cam_left.json not found for neighborhood/P017; using 90° FOV default intrinsics (may be wrong for non-TartanAir data).
2026-09-07 13:24:18,578 WARNING __main__: cam_left.json not found for ocean/P013; using 90° FOV default intrinsics (may be wrong for non-TartanAir data).
2026-09-07 13:24:18,594 WARNING __main__: cam_left.json not found for ocean/P009; using 90° FOV default intrinsics (may be wrong for non-TartanAir data).
2026-09-07 13:24:18,615 WARNING __main__: cam_left.json not found for office/P007; using 90° FOV default intrinsics (may be wrong for non-TartanAir data).
2026-09-07 13:24:18,635 WARNING __main__: cam_left.json not found for office2/P011; using 90° FOV default intrinsics (may be wrong for non-TartanAir data).
2026-09-07 13:24:18,738 WARNING __main__: cam_left.json not found for office2/P010; using 90° FOV default intrinsics (may be wrong for non-TartanAir data).
2026-09-07 13:24:18,756 WARNING __main__: cam_left.json not found for oldtown/P007; using 90° FOV default intrinsics (may be wrong for non-TartanAir data).
2026-09-07 13:24:18,801 WARNING __main__: cam_left.json not found for oldtown/P008; using 90° FOV default intrinsics (may be wrong for non-TartanAir data).
2026-09-07 13:24:18,829 WARNING __main__: cam_left.json not found for seasidetown/P009; using 90° FOV default intrinsics (may be wrong for non-TartanAir data).
2026-09-07 13:24:18,850 WARNING __main__: cam_left.json not found for seasonsforest/P011; using 90° FOV default intrinsics (may be wrong for non-TartanAir data).
2026-09-07 13:24:18,863 WARNING __main__: cam_left.json not found for seasonsforest/P006; using 90° FOV default intrinsics (may be wrong for non-TartanAir data).
2026-09-07 13:24:18,873 WARNING __main__: cam_left.json not found for seasonsforest_winter/P009; using 90° FOV default intrinsics (may be wrong for non-TartanAir data).
2026-09-07 13:24:18,883 WARNING __main__: cam_left.json not found for seasonsforest_winter/P018; using 90° FOV default intrinsics (may be wrong for non-TartanAir data).
2026-09-07 13:24:18,902 WARNING __main__: cam_left.json not found for soulcity/P012; using 90° FOV default intrinsics (may be wrong for non-TartanAir data).
2026-09-07 13:24:18,919 WARNING __main__: cam_left.json not found for soulcity/P009; using 90° FOV default intrinsics (may be wrong for non-TartanAir data).
2026-09-07 13:24:18,928 WARNING __main__: cam_left.json not found for westerndesert/P013; using 90° FOV default intrinsics (may be wrong for non-TartanAir data).
2026-09-07 13:24:18,950 WARNING __main__: cam_left.json not found for westerndesert/P007; using 90° FOV default intrinsics (may be wrong for non-TartanAir data).
2026-09-07 13:24:18,958 INFO __main__: TartanAirDataset: 18464 samples, difficulty=all, split=train
2026-09-07 13:24:18,981 WARNING __main__: cam_left.json not found for abandonedfactory/P011; using 90° FOV default intrinsics (may be wrong for non-TartanAir data).
2026-09-07 13:24:19,054 WARNING __main__: cam_left.json not found for abandonedfactory/P011; using 90° FOV default intrinsics (may be wrong for non-TartanAir data).
2026-09-07 13:24:19,071 WARNING __main__: cam_left.json not found for abandonedfactory_night/P013; using 90° FOV default intrinsics (may be wrong for non-TartanAir data).
2026-09-07 13:24:19,224 WARNING __main__: cam_left.json not found for abandonedfactory_night/P014; using 90° FOV default intrinsics (may be wrong for non-TartanAir data).
2026-09-07 13:24:19,237 WARNING __main__: cam_left.json not found for amusement/P008; using 90° FOV default intrinsics (may be wrong for non-TartanAir data).
2026-09-07 13:24:19,253 WARNING __main__: cam_left.json not found for amusement/P007; using 90° FOV default intrinsics (may be wrong for non-TartanAir data).
2026-09-07 13:24:19,266 INFO __main__: TartanAirDataset: 8186 samples, difficulty=all, split=val
2026-09-07 13:24:19,410 INFO __main__: No checkpoint found at /kaggle/working/outputs_center_ray/checkpoint.pt, starting from scratch
2026-09-07 13:24:20,161 INFO __main__: Using nn.DataParallel on 2 GPUs
2026-09-07 13:24:20,183 INFO __main__: ============================================================
Tesseract v1 — Configuration Summary
============================================================

── Model ──
  Image size:        224×224
  Patch size:        8
  Tokens:            784 (28×28)
  Embed dim:         256
  Heads:             8 (head_dim=32)
  Layers:            10
  MLP ratio:         3.0
  Ray PE freqs:      6
  Drop path max:     0.1
  LayerScale init:   1e-05
  Disp range:        [0.005, 10.0]
  Depth range:       [0.1, 200.0]
  Trivision PE:      True (mode=center_ray)
  IRER Attention:    True

── Training ──
  Batch size:        4
  Accumulate:        6
  Effective batch:   24
  Base LR:           1.0e-04
  Depth head LR:     5.0e-04
  Weight decay:      0.05
  Warmup:            2 epochs
  Total epochs:      24
  Patience:          8
  Grad clip:         1.0

── Loss ──
  SiLog λ_w:         0.85
  Metric supervision: True
  Scale loss weight:  1.0
  Edge threshold:    1.0
  Smooth threshold:  0.5
  Uncertainty tasks:  5

── Data ──
  Split mode:        cross_env
  Pinhole crop aug:  True (min_scale=0.55)
  Eval depth range:  [0.2m, 80.0m]
  Val batches:       200
  Viz samples:       16
============================================================
2026-09-07 13:24:20,186 INFO __main__: Curriculum: epoch 0 → difficulty 'easy' (11050 samples)
2026-09-07 13:24:38,972 INFO __main__: Step 1 | silog: 0.7132 | l1: 1.1941 | edge: 0.1249 | smoothness: 0.0007 | planarity: 0.0025 | scale: 1.1568 | total: 3.1922 | irer_gate: 0.0000
2026-09-07 13:24:40,549 INFO __main__: Step 5 | silog: 0.8529 | l1: 1.5309 | edge: 0.1884 | smoothness: 0.0008 | planarity: 0.0031 | scale: 1.5409 | total: 4.1171 | irer_gate: 0.0000
2026-09-07 13:24:42,682 INFO __main__: Step 10 | silog: 0.8724 | l1: 1.5596 | edge: 0.2193 | smoothness: 0.0008 | planarity: 0.0029 | scale: 1.5217 | total: 4.1767 | irer_gate: 0.0000
2026-09-07 13:24:48,549 INFO __main__: Step 25 | silog: 0.9066 | l1: 1.5556 | edge: 0.2211 | smoothness: 0.0008 | planarity: 0.0027 | scale: 1.5428 | total: 4.2297 | irer_gate: 0.0000
2026-09-07 13:25:07,987 INFO __main__: Step 75 | silog: 0.8671 | l1: 1.5504 | edge: 0.2142 | smoothness: 0.0006 | planarity: 0.0020 | scale: 1.5456 | total: 4.1799 | irer_gate: 0.0000
2026-09-07 13:25:27,417 INFO __main__: Step 125 | silog: 0.8851 | l1: 1.5597 | edge: 0.2164 | smoothness: 0.0005 | planarity: 0.0013 | scale: 1.5501 | total: 4.2130 | irer_gate: 0.0000
2026-09-07 13:25:47,419 INFO __main__: Step 175 | silog: 0.8860 | l1: 1.5855 | edge: 0.2161 | smoothness: 0.0005 | planarity: 0.0008 | scale: 1.5937 | total: 4.2825 | irer_gate: 0.0000
2026-09-07 13:26:06,992 INFO __main__: Step 225 | silog: 0.8947 | l1: 1.5837 | edge: 0.2220 | smoothness: 0.0005 | planarity: 0.0007 | scale: 1.5772 | total: 4.2785 | irer_gate: 0.0000
2026-09-07 13:26:27,861 INFO __main__: Step 275 | silog: 0.8877 | l1: 1.5787 | edge: 0.2163 | smoothness: 0.0006 | planarity: 0.0006 | scale: 1.5691 | total: 4.2527 | irer_gate: 0.0000
2026-09-07 13:26:48,133 INFO __main__: Step 325 | silog: 0.8788 | l1: 1.5511 | edge: 0.2108 | smoothness: 0.0007 | planarity: 0.0007 | scale: 1.5285 | total: 4.1701 | irer_gate: 0.0000
2026-09-07 13:27:07,651 INFO __main__: Step 375 | silog: 0.8773 | l1: 1.5200 | edge: 0.2149 | smoothness: 0.0010 | planarity: 0.0007 | scale: 1.5133 | total: 4.1266 | irer_gate: 0.0000
2026-09-07 13:27:27,151 INFO __main__: Step 425 | silog: 0.8635 | l1: 1.5241 | edge: 0.2107 | smoothness: 0.0014 | planarity: 0.0008 | scale: 1.5194 | total: 4.1193 | irer_gate: 0.0000
2026-09-07 13:27:46,767 INFO __main__: Step 475 | silog: 0.8813 | l1: 1.5744 | edge: 0.2266 | smoothness: 0.0024 | planarity: 0.0010 | scale: 1.5554 | total: 4.2403 | irer_gate: 0.0000
2026-09-07 13:28:06,253 INFO __main__: Step 525 | silog: 0.8852 | l1: 1.5180 | edge: 0.2164 | smoothness: 0.0035 | planarity: 0.0011 | scale: 1.5136 | total: 4.1369 | irer_gate: 0.0000
2026-09-07 13:28:25,706 INFO __main__: Step 575 | silog: 0.8781 | l1: 1.5477 | edge: 0.2218 | smoothness: 0.0056 | planarity: 0.0014 | scale: 1.5351 | total: 4.1886 | irer_gate: 0.0000
2026-09-07 13:28:45,217 INFO __main__: Step 625 | silog: 0.8515 | l1: 1.4889 | edge: 0.2188 | smoothness: 0.0077 | planarity: 0.0017 | scale: 1.4704 | total: 4.0379 | irer_gate: 0.0000
2026-09-07 13:29:04,531 INFO __main__: Step 675 | silog: 0.8644 | l1: 1.5209 | edge: 0.2236 | smoothness: 0.0110 | planarity: 0.0025 | scale: 1.4994 | total: 4.1206 | irer_gate: 0.0000
2026-09-07 13:29:23,995 INFO __main__: Step 725 | silog: 0.8560 | l1: 1.5144 | edge: 0.2254 | smoothness: 0.0144 | planarity: 0.0040 | scale: 1.5147 | total: 4.1274 | irer_gate: 0.0000
2026-09-07 13:29:43,495 INFO __main__: Step 775 | silog: 0.8405 | l1: 1.4012 | edge: 0.2219 | smoothness: 0.0158 | planarity: 0.0058 | scale: 1.3876 | total: 3.8713 | irer_gate: 0.0000
2026-09-07 13:30:02,970 INFO __main__: Step 825 | silog: 0.8396 | l1: 1.3995 | edge: 0.2355 | smoothness: 0.0194 | planarity: 0.0080 | scale: 1.3412 | total: 3.8416 | irer_gate: 0.0000
2026-09-07 13:30:22,603 INFO __main__: Step 875 | silog: 0.8057 | l1: 1.3043 | edge: 0.2277 | smoothness: 0.0231 | planarity: 0.0101 | scale: 1.2554 | total: 3.6247 | irer_gate: 0.0000
2026-09-07 13:30:41,945 INFO __main__: Step 925 | silog: 0.7826 | l1: 1.2377 | edge: 0.2333 | smoothness: 0.0266 | planarity: 0.0134 | scale: 1.1765 | total: 3.4685 | irer_gate: 0.0000
2026-09-07 13:31:01,342 INFO __main__: Step 975 | silog: 0.7721 | l1: 1.1746 | edge: 0.2274 | smoothness: 0.0287 | planarity: 0.0169 | scale: 1.1154 | total: 3.3334 | irer_gate: 0.0000
2026-09-07 13:31:20,987 INFO __main__: Step 1025 | silog: 0.7554 | l1: 1.0961 | edge: 0.2313 | smoothness: 0.0346 | planarity: 0.0201 | scale: 1.0147 | total: 3.1504 | irer_gate: 0.0000
2026-09-07 13:31:40,561 INFO __main__: Step 1075 | silog: 0.7287 | l1: 1.0500 | edge: 0.2456 | smoothness: 0.0363 | planarity: 0.0220 | scale: 0.9725 | total: 3.0532 | irer_gate: 0.0000
2026-09-07 13:32:00,038 INFO __main__: Step 1125 | silog: 0.7160 | l1: 0.9348 | edge: 0.2432 | smoothness: 0.0424 | planarity: 0.0292 | scale: 0.8241 | total: 2.7879 | irer_gate: 0.0000
2026-09-07 13:32:19,808 INFO __main__: Step 1175 | silog: 0.6845 | l1: 0.8725 | edge: 0.2542 | smoothness: 0.0465 | planarity: 0.0332 | scale: 0.7638 | total: 2.6527 | irer_gate: 0.0000
2026-09-07 13:32:39,330 INFO __main__: Step 1225 | silog: 0.6554 | l1: 0.7605 | edge: 0.2445 | smoothness: 0.0464 | planarity: 0.0354 | scale: 0.6346 | total: 2.3748 | irer_gate: 0.0000
2026-09-07 13:32:58,811 INFO __main__: Step 1275 | silog: 0.6337 | l1: 0.7012 | edge: 0.2403 | smoothness: 0.0517 | planarity: 0.0398 | scale: 0.5592 | total: 2.2239 | irer_gate: 0.0000
2026-09-07 13:33:18,491 INFO __main__: Step 1325 | silog: 0.6384 | l1: 0.6756 | edge: 0.2455 | smoothness: 0.0538 | planarity: 0.0444 | scale: 0.5225 | total: 2.1780 | irer_gate: 0.0000
2026-09-07 13:33:38,112 INFO __main__: Step 1375 | silog: 0.6253 | l1: 0.6904 | edge: 0.2556 | smoothness: 0.0589 | planarity: 0.0538 | scale: 0.5719 | total: 2.2534 | irer_gate: 0.0000
2026-09-07 13:34:32,105 INFO __main__: Epoch 0/24 | Loss: 3.6061 | Metric AbsRel: 0.7112 (RMSE: 7.34m, d1: 21.4%) | Aligned AbsRel: 0.4181 (RMSE: 6.65m, d1: 39.9%) | IRER gate: 0.000 | Time: 611.9s
2026-09-07 13:34:32,663 INFO __main__: Checkpoint saved: /kaggle/working/outputs_center_ray/checkpoint.pt (epoch=1)
2026-09-07 13:34:50,709 INFO __main__: Step 1425 | silog: 0.6327 | l1: 0.6941 | edge: 0.2549 | smoothness: 0.0598 | planarity: 0.0537 | scale: 0.5458 | total: 2.2379 | irer_gate: 0.0000
2026-09-07 13:35:09,863 INFO __main__: Step 1475 | silog: 0.5909 | l1: 0.6460 | edge: 0.2462 | smoothness: 0.0602 | planarity: 0.0498 | scale: 0.5005 | total: 2.0902 | irer_gate: 0.0000
2026-09-07 13:35:29,164 INFO __main__: Step 1525 | silog: 0.6211 | l1: 0.6629 | edge: 0.2497 | smoothness: 0.0540 | planarity: 0.0476 | scale: 0.5229 | total: 2.1544 | irer_gate: 0.0000
2026-09-07 13:35:48,509 INFO __main__: Step 1575 | silog: 0.6169 | l1: 0.6658 | edge: 0.2392 | smoothness: 0.0567 | planarity: 0.0459 | scale: 0.5190 | total: 2.1392 | irer_gate: 0.0000
2026-09-07 13:36:08,070 INFO __main__: Step 1625 | silog: 0.6433 | l1: 0.6899 | edge: 0.2573 | smoothness: 0.0572 | planarity: 0.0536 | scale: 0.5509 | total: 2.2473 | irer_gate: 0.0000
2026-09-07 13:36:27,439 INFO __main__: Step 1675 | silog: 0.6151 | l1: 0.6436 | edge: 0.2525 | smoothness: 0.0608 | planarity: 0.0519 | scale: 0.4858 | total: 2.1042 | irer_gate: 0.0000
2026-09-07 13:36:46,985 INFO __main__: Step 1725 | silog: 0.6025 | l1: 0.6359 | edge: 0.2469 | smoothness: 0.0576 | planarity: 0.0519 | scale: 0.4750 | total: 2.0638 | irer_gate: 0.0000
2026-09-07 13:37:06,629 INFO __main__: Step 1775 | silog: 0.6407 | l1: 0.6907 | edge: 0.2420 | smoothness: 0.0542 | planarity: 0.0516 | scale: 0.5367 | total: 2.2097 | irer_gate: 0.0000
2026-09-07 13:37:25,906 INFO __main__: Step 1825 | silog: 0.6103 | l1: 0.6591 | edge: 0.2402 | smoothness: 0.0532 | planarity: 0.0507 | scale: 0.5080 | total: 2.1147 | irer_gate: 0.0000
2026-09-07 13:37:45,544 INFO __main__: Step 1875 | silog: 0.6280 | l1: 0.6809 | edge: 0.2420 | smoothness: 0.0572 | planarity: 0.0466 | scale: 0.5253 | total: 2.1729 | irer_gate: 0.0000
2026-09-07 13:38:04,965 INFO __main__: Step 1925 | silog: 0.6034 | l1: 0.6125 | edge: 0.2566 | smoothness: 0.0645 | planarity: 0.0521 | scale: 0.4444 | total: 2.0259 | irer_gate: 0.0000
2026-09-07 13:38:24,668 INFO __main__: Step 1975 | silog: 0.5976 | l1: 0.6237 | edge: 0.2591 | smoothness: 0.0663 | planarity: 0.0530 | scale: 0.4789 | total: 2.0706 | irer_gate: 0.0000
2026-09-07 13:38:44,096 INFO __main__: Step 2025 | silog: 0.6111 | l1: 0.6462 | edge: 0.2504 | smoothness: 0.0587 | planarity: 0.0532 | scale: 0.4867 | total: 2.0977 | irer_gate: 0.0000
2026-09-07 13:39:03,597 INFO __main__: Step 2075 | silog: 0.5974 | l1: 0.6381 | edge: 0.2457 | smoothness: 0.0595 | planarity: 0.0502 | scale: 0.4824 | total: 2.0641 | irer_gate: 0.0000
2026-09-07 13:39:23,155 INFO __main__: Step 2125 | silog: 0.5923 | l1: 0.6347 | edge: 0.2483 | smoothness: 0.0628 | planarity: 0.0523 | scale: 0.4931 | total: 2.0738 | irer_gate: 0.0000
2026-09-07 13:39:42,394 INFO __main__: Step 2175 | silog: 0.5847 | l1: 0.6280 | edge: 0.2273 | smoothness: 0.0512 | planarity: 0.0468 | scale: 0.4755 | total: 2.0032 | irer_gate: 0.0000
2026-09-07 13:40:02,271 INFO __main__: Step 2225 | silog: 0.6121 | l1: 0.6501 | edge: 0.2492 | smoothness: 0.0537 | planarity: 0.0528 | scale: 0.4827 | total: 2.0901 | irer_gate: 0.0000
2026-09-07 13:40:21,847 INFO __main__: Step 2275 | silog: 0.5862 | l1: 0.6075 | edge: 0.2400 | smoothness: 0.0595 | planarity: 0.0524 | scale: 0.4573 | total: 1.9919 | irer_gate: 0.0000
2026-09-07 13:40:41,417 INFO __main__: Step 2325 | silog: 0.5946 | l1: 0.6163 | edge: 0.2469 | smoothness: 0.0604 | planarity: 0.0498 | scale: 0.4569 | total: 2.0134 | irer_gate: 0.0000
2026-09-07 13:41:01,002 INFO __main__: Step 2375 | silog: 0.5846 | l1: 0.6145 | edge: 0.2468 | smoothness: 0.0578 | planarity: 0.0542 | scale: 0.4751 | total: 2.0211 | irer_gate: 0.0000
2026-09-07 13:41:20,351 INFO __main__: Step 2425 | silog: 0.5857 | l1: 0.6198 | edge: 0.2477 | smoothness: 0.0596 | planarity: 0.0493 | scale: 0.4519 | total: 2.0015 | irer_gate: 0.0000
2026-09-07 13:41:40,133 INFO __main__: Step 2475 | silog: 0.5980 | l1: 0.6360 | edge: 0.2560 | smoothness: 0.0650 | planarity: 0.0602 | scale: 0.4826 | total: 2.0849 | irer_gate: 0.0000
2026-09-07 13:41:59,791 INFO __main__: Step 2525 | silog: 0.5863 | l1: 0.6130 | edge: 0.2416 | smoothness: 0.0560 | planarity: 0.0549 | scale: 0.4680 | total: 2.0062 | irer_gate: 0.0000
2026-09-07 13:42:19,598 INFO __main__: Step 2575 | silog: 0.5720 | l1: 0.5991 | edge: 0.2371 | smoothness: 0.0608 | planarity: 0.0530 | scale: 0.4307 | total: 1.9386 | irer_gate: 0.0000
2026-09-07 13:42:39,245 INFO __main__: Step 2625 | silog: 0.6064 | l1: 0.6308 | edge: 0.2433 | smoothness: 0.0563 | planarity: 0.0551 | scale: 0.4717 | total: 2.0491 | irer_gate: 0.0000
2026-09-07 13:42:59,131 INFO __main__: Step 2675 | silog: 0.5786 | l1: 0.5820 | edge: 0.2378 | smoothness: 0.0535 | planarity: 0.0536 | scale: 0.4166 | total: 1.9070 | irer_gate: 0.0000
2026-09-07 13:43:19,305 INFO __main__: Step 2725 | silog: 0.5869 | l1: 0.5849 | edge: 0.2476 | smoothness: 0.0633 | planarity: 0.0561 | scale: 0.4158 | total: 1.9391 | irer_gate: 0.0000
2026-09-07 13:43:33,127 INFO __main__: Epoch 1/24 | Loss: 2.0681 | Metric AbsRel: 0.7112 (RMSE: 7.34m, d1: 21.4%) | Aligned AbsRel: 0.4181 (RMSE: 6.65m, d1: 39.9%) | IRER gate: 0.000 | Time: 540.5s
2026-09-07 13:43:33,694 INFO __main__: Checkpoint saved: /kaggle/working/outputs_center_ray/checkpoint.pt (epoch=2)
2026-09-07 13:43:43,429 INFO __main__: Step 2775 | silog: 0.5742 | l1: 0.5988 | edge: 0.2319 | smoothness: 0.0567 | planarity: 0.0536 | scale: 0.4472 | total: 1.9462 | irer_gate: 0.0578
2026-09-07 13:44:16,967 INFO __main__: Step 2825 | silog: 0.5904 | l1: 0.6228 | edge: 0.2425 | smoothness: 0.0599 | planarity: 0.0525 | scale: 0.4623 | total: 2.0141 | irer_gate: 0.2222
2026-09-07 13:44:50,717 INFO __main__: Step 2875 | silog: 0.5894 | l1: 0.6181 | edge: 0.2398 | smoothness: 0.0594 | planarity: 0.0539 | scale: 0.4609 | total: 2.0046 | irer_gate: 0.2222
2026-09-07 13:45:24,589 INFO __main__: Step 2925 | silog: 0.6096 | l1: 0.6241 | edge: 0.2484 | smoothness: 0.0667 | planarity: 0.0532 | scale: 0.4572 | total: 2.0420 | irer_gate: 0.2222
2026-09-07 13:45:58,299 INFO __main__: Step 2975 | silog: 0.5882 | l1: 0.6076 | edge: 0.2447 | smoothness: 0.0600 | planarity: 0.0553 | scale: 0.4308 | total: 1.9687 | irer_gate: 0.2222
2026-09-07 13:46:31,962 INFO __main__: Step 3025 | silog: 0.5694 | l1: 0.5873 | edge: 0.2536 | smoothness: 0.0660 | planarity: 0.0508 | scale: 0.4218 | total: 1.9302 | irer_gate: 0.2222
2026-09-07 13:47:05,692 INFO __main__: Step 3075 | silog: 0.5756 | l1: 0.5928 | edge: 0.2258 | smoothness: 0.0522 | planarity: 0.0504 | scale: 0.4372 | total: 1.9144 | irer_gate: 0.2222
2026-09-07 13:47:39,628 INFO __main__: Step 3125 | silog: 0.5739 | l1: 0.5772 | edge: 0.2378 | smoothness: 0.0595 | planarity: 0.0536 | scale: 0.4158 | total: 1.8978 | irer_gate: 0.2222
2026-09-07 13:48:13,454 INFO __main__: Step 3175 | silog: 0.5894 | l1: 0.5960 | edge: 0.2368 | smoothness: 0.0551 | planarity: 0.0556 | scale: 0.4100 | total: 1.9225 | irer_gate: 0.2222
2026-09-07 13:48:47,130 INFO __main__: Step 3225 | silog: 0.5705 | l1: 0.5759 | edge: 0.2506 | smoothness: 0.0626 | planarity: 0.0580 | scale: 0.4157 | total: 1.9121 | irer_gate: 0.2222
2026-09-07 13:49:20,799 INFO __main__: Step 3275 | silog: 0.5709 | l1: 0.5630 | edge: 0.2363 | smoothness: 0.0552 | planarity: 0.0490 | scale: 0.3765 | total: 1.8287 | irer_gate: 0.2222
2026-09-07 13:49:54,786 INFO __main__: Step 3325 | silog: 0.5615 | l1: 0.5690 | edge: 0.2265 | smoothness: 0.0520 | planarity: 0.0515 | scale: 0.4145 | total: 1.8518 | irer_gate: 0.2222
2026-09-07 13:50:28,887 INFO __main__: Step 3375 | silog: 0.5954 | l1: 0.5912 | edge: 0.2496 | smoothness: 0.0619 | planarity: 0.0576 | scale: 0.4108 | total: 1.9435 | irer_gate: 0.2222
2026-09-07 13:51:02,750 INFO __main__: Step 3425 | silog: 0.5586 | l1: 0.5743 | edge: 0.2393 | smoothness: 0.0603 | planarity: 0.0541 | scale: 0.4252 | total: 1.8876 | irer_gate: 0.2222
2026-09-07 13:51:36,572 INFO __main__: Step 3475 | silog: 0.5838 | l1: 0.6179 | edge: 0.2227 | smoothness: 0.0520 | planarity: 0.0519 | scale: 0.4560 | total: 1.9598 | irer_gate: 0.2222
2026-09-07 13:52:10,613 INFO __main__: Step 3525 | silog: 0.5867 | l1: 0.5956 | edge: 0.2415 | smoothness: 0.0538 | planarity: 0.0583 | scale: 0.4274 | total: 1.9384 | irer_gate: 0.2222
2026-09-07 13:52:44,488 INFO __main__: Step 3575 | silog: 0.5613 | l1: 0.5686 | edge: 0.2434 | smoothness: 0.0637 | planarity: 0.0548 | scale: 0.3983 | total: 1.8642 | irer_gate: 0.2222
2026-09-07 13:53:18,329 INFO __main__: Step 3625 | silog: 0.5752 | l1: 0.5889 | edge: 0.2366 | smoothness: 0.0571 | planarity: 0.0591 | scale: 0.4305 | total: 1.9209 | irer_gate: 0.2222
2026-09-07 13:53:52,289 INFO __main__: Step 3675 | silog: 0.5636 | l1: 0.5789 | edge: 0.2424 | smoothness: 0.0586 | planarity: 0.0585 | scale: 0.4123 | total: 1.8871 | irer_gate: 0.2222
2026-09-07 13:54:26,231 INFO __main__: Step 3725 | silog: 0.5660 | l1: 0.5792 | edge: 0.2279 | smoothness: 0.0514 | planarity: 0.0506 | scale: 0.4286 | total: 1.8756 | irer_gate: 0.2222
2026-09-07 13:55:00,426 INFO __main__: Step 3775 | silog: 0.5811 | l1: 0.5779 | edge: 0.2412 | smoothness: 0.0565 | planarity: 0.0567 | scale: 0.4044 | total: 1.8896 | irer_gate: 0.2222
2026-09-07 13:55:34,559 INFO __main__: Step 3825 | silog: 0.5609 | l1: 0.5526 | edge: 0.2446 | smoothness: 0.0686 | planarity: 0.0532 | scale: 0.4029 | total: 1.8533 | irer_gate: 0.2222
2026-09-07 13:56:08,968 INFO __main__: Step 3875 | silog: 0.5832 | l1: 0.5880 | edge: 0.2303 | smoothness: 0.0495 | planarity: 0.0505 | scale: 0.4078 | total: 1.8794 | irer_gate: 0.2222
2026-09-07 13:56:45,476 INFO __main__: Step 3925 | silog: 0.5899 | l1: 0.5881 | edge: 0.2421 | smoothness: 0.0524 | planarity: 0.0557 | scale: 0.3968 | total: 1.8949 | irer_gate: 0.2222
2026-09-07 13:57:20,702 INFO __main__: Step 3975 | silog: 0.5786 | l1: 0.5773 | edge: 0.2230 | smoothness: 0.0504 | planarity: 0.0472 | scale: 0.3854 | total: 1.8305 | irer_gate: 0.2222
2026-09-07 13:57:55,290 INFO __main__: Step 4025 | silog: 0.5608 | l1: 0.5653 | edge: 0.2340 | smoothness: 0.0568 | planarity: 0.0521 | scale: 0.3988 | total: 1.8356 | irer_gate: 0.2222
2026-09-07 13:58:29,330 INFO __main__: Step 4075 | silog: 0.5745 | l1: 0.5773 | edge: 0.2559 | smoothness: 0.0632 | planarity: 0.0571 | scale: 0.4146 | total: 1.9103 | irer_gate: 0.2222
2026-09-07 13:59:03,389 INFO __main__: Step 4125 | silog: 0.5636 | l1: 0.5738 | edge: 0.2399 | smoothness: 0.0601 | planarity: 0.0527 | scale: 0.4116 | total: 1.8682 | irer_gate: 0.2222
2026-09-07 14:00:18,462 INFO __main__: Epoch 2/24 | Loss: 1.9075 | Metric AbsRel: 0.9070 (RMSE: 6.44m, d1: 29.3%) | Aligned AbsRel: 0.3714 (RMSE: 6.32m, d1: 44.6%) | IRER gate: 0.222 | Time: 1004.8s
2026-09-07 14:00:19,008 INFO __main__: Checkpoint saved: /kaggle/working/outputs_center_ray/checkpoint.pt (epoch=3)
2026-09-07 14:00:41,478 INFO __main__: Step 4175 | silog: 0.5698 | l1: 0.5557 | edge: 0.2237 | smoothness: 0.0529 | planarity: 0.0481 | scale: 0.3725 | total: 1.7879 | irer_gate: 0.5778
2026-09-07 14:01:15,881 INFO __main__: Step 4225 | silog: 0.5752 | l1: 0.5574 | edge: 0.2318 | smoothness: 0.0568 | planarity: 0.0525 | scale: 0.3858 | total: 1.8242 | irer_gate: 0.7778
2026-09-07 14:01:50,850 INFO __main__: Step 4275 | silog: 0.5696 | l1: 0.5454 | edge: 0.2454 | smoothness: 0.0589 | planarity: 0.0569 | scale: 0.3680 | total: 1.8082 | irer_gate: 0.7778
2026-09-07 14:02:26,470 INFO __main__: Step 4325 | silog: 0.5865 | l1: 0.5960 | edge: 0.2459 | smoothness: 0.0551 | planarity: 0.0546 | scale: 0.4207 | total: 1.9224 | irer_gate: 0.7778
2026-09-07 14:03:01,377 INFO __main__: Step 4375 | silog: 0.5839 | l1: 0.5794 | edge: 0.2232 | smoothness: 0.0519 | planarity: 0.0495 | scale: 0.4075 | total: 1.8577 | irer_gate: 0.7778
2026-09-07 14:03:36,145 INFO __main__: Step 4425 | silog: 0.5494 | l1: 0.5373 | edge: 0.2336 | smoothness: 0.0551 | planarity: 0.0550 | scale: 0.3684 | total: 1.7597 | irer_gate: 0.7778
2026-09-07 14:04:11,288 INFO __main__: Step 4475 | silog: 0.5653 | l1: 0.5429 | edge: 0.2231 | smoothness: 0.0539 | planarity: 0.0532 | scale: 0.3639 | total: 1.7621 | irer_gate: 0.7778
2026-09-07 14:04:46,546 INFO __main__: Step 4525 | silog: 0.5462 | l1: 0.5431 | edge: 0.2326 | smoothness: 0.0566 | planarity: 0.0521 | scale: 0.3626 | total: 1.7518 | irer_gate: 0.7778
2026-09-07 14:05:21,479 INFO __main__: Step 4575 | silog: 0.5555 | l1: 0.5513 | edge: 0.2298 | smoothness: 0.0482 | planarity: 0.0519 | scale: 0.3774 | total: 1.7718 | irer_gate: 0.7778
2026-09-07 14:05:56,227 INFO __main__: Step 4625 | silog: 0.5524 | l1: 0.5515 | edge: 0.2257 | smoothness: 0.0516 | planarity: 0.0487 | scale: 0.3785 | total: 1.7648 | irer_gate: 0.7778
2026-09-07 14:06:30,624 INFO __main__: Step 4675 | silog: 0.5654 | l1: 0.5885 | edge: 0.2402 | smoothness: 0.0614 | planarity: 0.0536 | scale: 0.4386 | total: 1.9042 | irer_gate: 0.7778
2026-09-07 14:07:05,063 INFO __main__: Step 4725 | silog: 0.5757 | l1: 0.6110 | edge: 0.2334 | smoothness: 0.0589 | planarity: 0.0528 | scale: 0.4541 | total: 1.9418 | irer_gate: 0.7778
2026-09-07 14:07:39,590 INFO __main__: Step 4775 | silog: 0.5609 | l1: 0.5750 | edge: 0.2423 | smoothness: 0.0604 | planarity: 0.0557 | scale: 0.4173 | total: 1.8661 | irer_gate: 0.7778
2026-09-07 14:08:14,352 INFO __main__: Step 4825 | silog: 0.5582 | l1: 0.5717 | edge: 0.2365 | smoothness: 0.0550 | planarity: 0.0529 | scale: 0.4269 | total: 1.8546 | irer_gate: 0.7778
2026-09-07 14:08:48,889 INFO __main__: Step 4875 | silog: 0.5680 | l1: 0.5634 | edge: 0.2501 | smoothness: 0.0648 | planarity: 0.0583 | scale: 0.4171 | total: 1.8746 | irer_gate: 0.7778
2026-09-07 14:09:23,456 INFO __main__: Step 4925 | silog: 0.5731 | l1: 0.5526 | edge: 0.2348 | smoothness: 0.0538 | planarity: 0.0507 | scale: 0.3778 | total: 1.7942 | irer_gate: 0.7778
2026-09-07 14:09:57,745 INFO __main__: Step 4975 | silog: 0.5354 | l1: 0.5265 | edge: 0.2376 | smoothness: 0.0571 | planarity: 0.0535 | scale: 0.3682 | total: 1.7278 | irer_gate: 0.7778
2026-09-07 14:10:32,303 INFO __main__: Step 5025 | silog: 0.5246 | l1: 0.5164 | edge: 0.2296 | smoothness: 0.0585 | planarity: 0.0489 | scale: 0.3546 | total: 1.6803 | irer_gate: 0.7778
2026-09-07 14:11:06,595 INFO __main__: Step 5075 | silog: 0.5715 | l1: 0.5656 | edge: 0.2218 | smoothness: 0.0458 | planarity: 0.0466 | scale: 0.3911 | total: 1.7903 | irer_gate: 0.7778
2026-09-07 14:11:41,109 INFO __main__: Step 5125 | silog: 0.5519 | l1: 0.5713 | edge: 0.2239 | smoothness: 0.0516 | planarity: 0.0443 | scale: 0.4071 | total: 1.7965 | irer_gate: 0.7778
2026-09-07 14:12:15,574 INFO __main__: Step 5175 | silog: 0.5587 | l1: 0.5723 | edge: 0.2300 | smoothness: 0.0550 | planarity: 0.0488 | scale: 0.4098 | total: 1.8205 | irer_gate: 0.7778
2026-09-07 14:12:49,872 INFO __main__: Step 5225 | silog: 0.5452 | l1: 0.5150 | edge: 0.2318 | smoothness: 0.0573 | planarity: 0.0540 | scale: 0.3431 | total: 1.6904 | irer_gate: 0.7778
2026-09-07 14:13:24,407 INFO __main__: Step 5275 | silog: 0.5589 | l1: 0.5463 | edge: 0.2326 | smoothness: 0.0532 | planarity: 0.0485 | scale: 0.3779 | total: 1.7608 | irer_gate: 0.7778
2026-09-07 14:13:59,044 INFO __main__: Step 5325 | silog: 0.5532 | l1: 0.5359 | edge: 0.2331 | smoothness: 0.0545 | planarity: 0.0533 | scale: 0.3861 | total: 1.7583 | irer_gate: 0.7778
2026-09-07 14:14:33,811 INFO __main__: Step 5375 | silog: 0.5413 | l1: 0.5423 | edge: 0.2423 | smoothness: 0.0611 | planarity: 0.0544 | scale: 0.3827 | total: 1.7650 | irer_gate: 0.7778
2026-09-07 14:15:08,672 INFO __main__: Step 5425 | silog: 0.5563 | l1: 0.5399 | edge: 0.2292 | smoothness: 0.0506 | planarity: 0.0528 | scale: 0.3626 | total: 1.7308 | irer_gate: 0.7778
2026-09-07 14:15:42,993 INFO __main__: Step 5475 | silog: 0.5293 | l1: 0.5142 | edge: 0.2357 | smoothness: 0.0597 | planarity: 0.0506 | scale: 0.3403 | total: 1.6672 | irer_gate: 0.7778
2026-09-07 14:16:15,672 INFO __main__: Epoch 3/24 | Loss: 1.7899 | Metric AbsRel: 0.9070 (RMSE: 6.44m, d1: 29.3%) | Aligned AbsRel: 0.3714 (RMSE: 6.32m, d1: 44.6%) | IRER gate: 0.778 | Time: 956.7s
2026-09-07 14:16:16,224 INFO __main__: Checkpoint saved: /kaggle/working/outputs_center_ray/checkpoint.pt (epoch=4)
2026-09-07 14:16:17,840 INFO __main__: Step 5525 | silog: 0.5305 | l1: 0.5211 | edge: 0.2316 | smoothness: 0.0569 | planarity: 0.0454 | scale: 0.3599 | total: 1.6814 | irer_gate: 0.7822
2026-09-07 14:16:51,935 INFO __main__: Step 5575 | silog: 0.5419 | l1: 0.5481 | edge: 0.2353 | smoothness: 0.0619 | planarity: 0.0509 | scale: 0.3917 | total: 1.7652 | irer_gate: 1.0000
2026-09-07 14:17:26,234 INFO __main__: Step 5625 | silog: 0.5419 | l1: 0.5178 | edge: 0.2354 | smoothness: 0.0551 | planarity: 0.0466 | scale: 0.3509 | total: 1.6813 | irer_gate: 1.0000
2026-09-07 14:18:00,476 INFO __main__: Step 5675 | silog: 0.5432 | l1: 0.5416 | edge: 0.2250 | smoothness: 0.0492 | planarity: 0.0415 | scale: 0.3734 | total: 1.7061 | irer_gate: 1.0000
2026-09-07 14:18:34,611 INFO __main__: Step 5725 | silog: 0.5301 | l1: 0.5233 | edge: 0.2320 | smoothness: 0.0553 | planarity: 0.0418 | scale: 0.3644 | total: 1.6773 | irer_gate: 1.0000
2026-09-07 14:19:08,586 INFO __main__: Step 5775 | silog: 0.5235 | l1: 0.5077 | edge: 0.2179 | smoothness: 0.0435 | planarity: 0.0372 | scale: 0.3507 | total: 1.6086 | irer_gate: 1.0000
2026-09-07 14:19:42,879 INFO __main__: Step 5825 | silog: 0.5211 | l1: 0.5108 | edge: 0.2166 | smoothness: 0.0476 | planarity: 0.0315 | scale: 0.3593 | total: 1.6137 | irer_gate: 1.0000
2026-09-07 14:20:17,365 INFO __main__: Step 5875 | silog: 0.5464 | l1: 0.5158 | edge: 0.2314 | smoothness: 0.0498 | planarity: 0.0342 | scale: 0.3417 | total: 1.6461 | irer_gate: 1.0000
2026-09-07 14:20:52,251 INFO __main__: Step 5925 | silog: 0.5719 | l1: 0.5588 | edge: 0.2333 | smoothness: 0.0493 | planarity: 0.0309 | scale: 0.3815 | total: 1.7525 | irer_gate: 1.0000
2026-09-07 14:21:27,716 INFO __main__: Step 5975 | silog: 0.5452 | l1: 0.5407 | edge: 0.2210 | smoothness: 0.0474 | planarity: 0.0332 | scale: 0.3884 | total: 1.7000 | irer_gate: 1.0000
2026-09-07 14:22:03,189 INFO __main__: Step 6025 | silog: 0.5594 | l1: 0.5594 | edge: 0.2217 | smoothness: 0.0442 | planarity: 0.0297 | scale: 0.3769 | total: 1.7146 | irer_gate: 1.0000
2026-09-07 14:22:37,998 INFO __main__: Step 6075 | silog: 0.5332 | l1: 0.5364 | edge: 0.2184 | smoothness: 0.0421 | planarity: 0.0306 | scale: 0.3793 | total: 1.6606 | irer_gate: 1.0000
2026-09-07 14:23:12,223 INFO __main__: Step 6125 | silog: 0.5543 | l1: 0.5442 | edge: 0.2148 | smoothness: 0.0412 | planarity: 0.0297 | scale: 0.3789 | total: 1.6830 | irer_gate: 1.0000
2026-09-07 14:23:46,539 INFO __main__: Step 6175 | silog: 0.5319 | l1: 0.5023 | edge: 0.2312 | smoothness: 0.0476 | planarity: 0.0262 | scale: 0.3367 | total: 1.5935 | irer_gate: 1.0000
2026-09-07 14:24:20,753 INFO __main__: Step 6225 | silog: 0.5336 | l1: 0.5168 | edge: 0.2229 | smoothness: 0.0395 | planarity: 0.0276 | scale: 0.3496 | total: 1.6064 | irer_gate: 1.0000
2026-09-07 14:24:55,096 INFO __main__: Step 6275 | silog: 0.5253 | l1: 0.4996 | edge: 0.2113 | smoothness: 0.0445 | planarity: 0.0251 | scale: 0.3310 | total: 1.5508 | irer_gate: 1.0000
2026-09-07 14:25:29,252 INFO __main__: Step 6325 | silog: 0.5448 | l1: 0.5348 | edge: 0.2172 | smoothness: 0.0421 | planarity: 0.0257 | scale: 0.3614 | total: 1.6396 | irer_gate: 1.0000
2026-09-07 14:26:03,480 INFO __main__: Step 6375 | silog: 0.5347 | l1: 0.5216 | edge: 0.2103 | smoothness: 0.0377 | planarity: 0.0239 | scale: 0.3378 | total: 1.5768 | irer_gate: 1.0000
2026-09-07 14:26:37,864 INFO __main__: Step 6425 | silog: 0.5153 | l1: 0.5020 | edge: 0.2173 | smoothness: 0.0443 | planarity: 0.0251 | scale: 0.3198 | total: 1.5323 | irer_gate: 1.0000
2026-09-07 14:27:11,998 INFO __main__: Step 6475 | silog: 0.5435 | l1: 0.5281 | edge: 0.2274 | smoothness: 0.0474 | planarity: 0.0265 | scale: 0.3766 | total: 1.6585 | irer_gate: 1.0000
2026-09-07 14:27:46,146 INFO __main__: Step 6525 | silog: 0.5260 | l1: 0.5124 | edge: 0.2299 | smoothness: 0.0451 | planarity: 0.0284 | scale: 0.3479 | total: 1.5960 | irer_gate: 1.0000
2026-09-07 14:28:20,467 INFO __main__: Step 6575 | silog: 0.5431 | l1: 0.5136 | edge: 0.2296 | smoothness: 0.0472 | planarity: 0.0265 | scale: 0.3354 | total: 1.6006 | irer_gate: 1.0000
2026-09-07 14:28:54,717 INFO __main__: Step 6625 | silog: 0.5005 | l1: 0.4773 | edge: 0.2205 | smoothness: 0.0470 | planarity: 0.0279 | scale: 0.3239 | total: 1.4977 | irer_gate: 1.0000
2026-09-07 14:29:29,015 INFO __main__: Step 6675 | silog: 0.5254 | l1: 0.5175 | edge: 0.2264 | smoothness: 0.0479 | planarity: 0.0257 | scale: 0.3635 | total: 1.6071 | irer_gate: 1.0000
2026-09-07 14:30:03,589 INFO __main__: Step 6725 | silog: 0.5394 | l1: 0.5412 | edge: 0.2172 | smoothness: 0.0396 | planarity: 0.0250 | scale: 0.3714 | total: 1.6335 | irer_gate: 1.0000
2026-09-07 14:30:39,099 INFO __main__: Step 6775 | silog: 0.5489 | l1: 0.5167 | edge: 0.2273 | smoothness: 0.0456 | planarity: 0.0259 | scale: 0.3402 | total: 1.6030 | irer_gate: 1.0000
2026-09-07 14:31:13,515 INFO __main__: Step 6825 | silog: 0.5528 | l1: 0.5296 | edge: 0.2451 | smoothness: 0.0493 | planarity: 0.0267 | scale: 0.3459 | total: 1.6471 | irer_gate: 1.0000
2026-09-07 14:31:47,758 INFO __main__: Step 6875 | silog: 0.5443 | l1: 0.5326 | edge: 0.2301 | smoothness: 0.0501 | planarity: 0.0243 | scale: 0.3653 | total: 1.6424 | irer_gate: 1.0000
2026-09-07 14:33:11,945 INFO __main__: Epoch 4/24 | Loss: 1.6354 | Metric AbsRel: 0.7783 (RMSE: 6.13m, d1: 27.9%) | Aligned AbsRel: 0.3565 (RMSE: 6.12m, d1: 47.9%) | IRER gate: 1.000 | Time: 1015.7s
2026-09-07 14:33:12,496 INFO __main__: Checkpoint saved: /kaggle/working/outputs_center_ray/checkpoint.pt (epoch=5)
2026-09-07 14:33:27,030 INFO __main__: Step 6925 | silog: 0.5497 | l1: 0.5188 | edge: 0.2266 | smoothness: 0.0425 | planarity: 0.0236 | scale: 0.3400 | total: 1.5951 | irer_gate: 1.0000
2026-09-07 14:34:00,793 INFO __main__: Step 6975 | silog: 0.5422 | l1: 0.5229 | edge: 0.2119 | smoothness: 0.0366 | planarity: 0.0222 | scale: 0.3521 | total: 1.5793 | irer_gate: 1.0000
2026-09-07 14:34:34,656 INFO __main__: Step 7025 | silog: 0.5383 | l1: 0.5164 | edge: 0.2270 | smoothness: 0.0476 | planarity: 0.0233 | scale: 0.3286 | total: 1.5714 | irer_gate: 1.0000
2026-09-07 14:35:08,773 INFO __main__: Step 7075 | silog: 0.5226 | l1: 0.5045 | edge: 0.2302 | smoothness: 0.0461 | planarity: 0.0259 | scale: 0.3382 | total: 1.5549 | irer_gate: 1.0000
2026-09-07 14:35:42,841 INFO __main__: Step 7125 | silog: 0.5401 | l1: 0.5199 | edge: 0.2271 | smoothness: 0.0463 | planarity: 0.0282 | scale: 0.3640 | total: 1.6124 | irer_gate: 1.0000
2026-09-07 14:36:17,033 INFO __main__: Step 7175 | silog: 0.5226 | l1: 0.4874 | edge: 0.2251 | smoothness: 0.0430 | planarity: 0.0227 | scale: 0.3046 | total: 1.4883 | irer_gate: 1.0000
2026-09-07 14:36:51,241 INFO __main__: Step 7225 | silog: 0.5272 | l1: 0.5156 | edge: 0.2106 | smoothness: 0.0382 | planarity: 0.0219 | scale: 0.3435 | total: 1.5384 | irer_gate: 1.0000
2026-09-07 14:37:25,231 INFO __main__: Step 7275 | silog: 0.5331 | l1: 0.5460 | edge: 0.2202 | smoothness: 0.0437 | planarity: 0.0226 | scale: 0.3880 | total: 1.6351 | irer_gate: 1.0000
2026-09-07 14:37:59,320 INFO __main__: Step 7325 | silog: 0.5014 | l1: 0.4952 | edge: 0.2327 | smoothness: 0.0575 | planarity: 0.0240 | scale: 0.3335 | total: 1.5222 | irer_gate: 1.0000
2026-09-07 14:38:33,455 INFO __main__: Step 7375 | silog: 0.5597 | l1: 0.5236 | edge: 0.2200 | smoothness: 0.0378 | planarity: 0.0198 | scale: 0.3320 | total: 1.5712 | irer_gate: 1.0000
2026-09-07 14:39:07,739 INFO __main__: Step 7425 | silog: 0.5266 | l1: 0.4999 | edge: 0.2227 | smoothness: 0.0486 | planarity: 0.0209 | scale: 0.3237 | total: 1.5169 | irer_gate: 1.0000
2026-09-07 14:39:41,816 INFO __main__: Step 7475 | silog: 0.5297 | l1: 0.5017 | edge: 0.2279 | smoothness: 0.0429 | planarity: 0.0206 | scale: 0.3292 | total: 1.5245 | irer_gate: 1.0000
2026-09-07 14:40:16,489 INFO __main__: Step 7525 | silog: 0.5228 | l1: 0.4988 | edge: 0.2181 | smoothness: 0.0440 | planarity: 0.0189 | scale: 0.3450 | total: 1.5171 | irer_gate: 1.0000
2026-09-07 14:40:51,637 INFO __main__: Step 7575 | silog: 0.5370 | l1: 0.4876 | edge: 0.2169 | smoothness: 0.0398 | planarity: 0.0197 | scale: 0.2864 | total: 1.4553 | irer_gate: 1.0000
2026-09-07 14:41:27,480 INFO __main__: Step 7625 | silog: 0.4873 | l1: 0.4745 | edge: 0.2147 | smoothness: 0.0476 | planarity: 0.0178 | scale: 0.3293 | total: 1.4346 | irer_gate: 1.0000
2026-09-07 14:42:01,786 INFO __main__: Step 7675 | silog: 0.5215 | l1: 0.5119 | edge: 0.2080 | smoothness: 0.0362 | planarity: 0.0198 | scale: 0.3631 | total: 1.5242 | irer_gate: 1.0000
2026-09-07 14:42:36,278 INFO __main__: Step 7725 | silog: 0.5288 | l1: 0.5351 | edge: 0.2267 | smoothness: 0.0462 | planarity: 0.0186 | scale: 0.3867 | total: 1.6062 | irer_gate: 1.0000
2026-09-07 14:43:10,721 INFO __main__: Step 7775 | silog: 0.5382 | l1: 0.5345 | edge: 0.2144 | smoothness: 0.0434 | planarity: 0.0200 | scale: 0.3785 | total: 1.5919 | irer_gate: 1.0000
2026-09-07 14:43:45,117 INFO __main__: Step 7825 | silog: 0.5568 | l1: 0.5506 | edge: 0.2153 | smoothness: 0.0318 | planarity: 0.0186 | scale: 0.3948 | total: 1.6303 | irer_gate: 1.0000
2026-09-07 14:44:19,633 INFO __main__: Step 7875 | silog: 0.5390 | l1: 0.5445 | edge: 0.2334 | smoothness: 0.0502 | planarity: 0.0244 | scale: 0.3900 | total: 1.6429 | irer_gate: 1.0000
2026-09-07 14:44:54,171 INFO __main__: Step 7925 | silog: 0.5394 | l1: 0.5127 | edge: 0.2231 | smoothness: 0.0415 | planarity: 0.0203 | scale: 0.3315 | total: 1.5262 | irer_gate: 1.0000
2026-09-07 14:45:28,522 INFO __main__: Step 7975 | silog: 0.5589 | l1: 0.5123 | edge: 0.2259 | smoothness: 0.0433 | planarity: 0.0207 | scale: 0.3253 | total: 1.5432 | irer_gate: 1.0000
2026-09-07 14:46:02,969 INFO __main__: Step 8025 | silog: 0.5258 | l1: 0.4979 | edge: 0.2237 | smoothness: 0.0462 | planarity: 0.0200 | scale: 0.3203 | total: 1.4862 | irer_gate: 1.0000
2026-09-07 14:46:37,153 INFO __main__: Step 8075 | silog: 0.5150 | l1: 0.5126 | edge: 0.2197 | smoothness: 0.0452 | planarity: 0.0201 | scale: 0.3495 | total: 1.5120 | irer_gate: 1.0000
2026-09-07 14:47:11,620 INFO __main__: Step 8125 | silog: 0.5134 | l1: 0.5046 | edge: 0.2109 | smoothness: 0.0337 | planarity: 0.0160 | scale: 0.3508 | total: 1.4759 | irer_gate: 1.0000
2026-09-07 14:47:46,007 INFO __main__: Step 8175 | silog: 0.5255 | l1: 0.5085 | edge: 0.2115 | smoothness: 0.0384 | planarity: 0.0171 | scale: 0.3483 | total: 1.4949 | irer_gate: 1.0000
2026-09-07 14:48:20,529 INFO __main__: Step 8225 | silog: 0.5203 | l1: 0.5143 | edge: 0.2031 | smoothness: 0.0356 | planarity: 0.0173 | scale: 0.3414 | total: 1.4748 | irer_gate: 1.0000
2026-09-07 14:48:54,571 INFO __main__: Step 8275 | silog: 0.5144 | l1: 0.4871 | edge: 0.2244 | smoothness: 0.0406 | planarity: 0.0192 | scale: 0.3189 | total: 1.4450 | irer_gate: 1.0000
2026-09-07 14:49:01,420 INFO __main__: Epoch 5/24 | Loss: 1.5384 | Metric AbsRel: 0.7783 (RMSE: 6.13m, d1: 27.9%) | Aligned AbsRel: 0.3565 (RMSE: 6.12m, d1: 47.9%) | IRER gate: 1.000 | Time: 948.9s
2026-09-07 14:49:01,984 INFO __main__: Checkpoint saved: /kaggle/working/outputs_center_ray/checkpoint.pt (epoch=6)
2026-09-07 14:49:29,460 INFO __main__: Step 8325 | silog: 0.5162 | l1: 0.5352 | edge: 0.2311 | smoothness: 0.0501 | planarity: 0.0230 | scale: 0.3907 | total: 1.5870 | irer_gate: 1.0000
2026-09-07 14:50:03,722 INFO __main__: Step 8375 | silog: 0.5418 | l1: 0.5212 | edge: 0.2231 | smoothness: 0.0479 | planarity: 0.0203 | scale: 0.3654 | total: 1.5588 | irer_gate: 1.0000
2026-09-07 14:50:38,185 INFO __main__: Step 8425 | silog: 0.5544 | l1: 0.5394 | edge: 0.2260 | smoothness: 0.0391 | planarity: 0.0215 | scale: 0.3560 | total: 1.5745 | irer_gate: 1.0000
2026-09-07 14:51:12,557 INFO __main__: Step 8475 | silog: 0.5287 | l1: 0.5112 | edge: 0.2139 | smoothness: 0.0330 | planarity: 0.0161 | scale: 0.3423 | total: 1.4776 | irer_gate: 1.0000
2026-09-07 14:51:46,840 INFO __main__: Step 8525 | silog: 0.5083 | l1: 0.4959 | edge: 0.2164 | smoothness: 0.0405 | planarity: 0.0178 | scale: 0.3631 | total: 1.4711 | irer_gate: 1.0000
2026-09-07 14:52:21,028 INFO __main__: Step 8575 | silog: 0.5293 | l1: 0.4997 | edge: 0.2073 | smoothness: 0.0388 | planarity: 0.0158 | scale: 0.3309 | total: 1.4497 | irer_gate: 1.0000
2026-09-07 14:52:55,146 INFO __main__: Step 8625 | silog: 0.5225 | l1: 0.4990 | edge: 0.2287 | smoothness: 0.0462 | planarity: 0.0190 | scale: 0.3495 | total: 1.4917 | irer_gate: 1.0000
2026-09-07 14:53:29,659 INFO __main__: Step 8675 | silog: 0.5167 | l1: 0.5039 | edge: 0.2210 | smoothness: 0.0456 | planarity: 0.0176 | scale: 0.3258 | total: 1.4544 | irer_gate: 1.0000
2026-09-07 14:54:04,292 INFO __main__: Step 8725 | silog: 0.5205 | l1: 0.4876 | edge: 0.2224 | smoothness: 0.0448 | planarity: 0.0160 | scale: 0.3215 | total: 1.4338 | irer_gate: 1.0000
2026-09-07 14:54:39,542 INFO __main__: Step 8775 | silog: 0.5063 | l1: 0.4671 | edge: 0.2236 | smoothness: 0.0420 | planarity: 0.0163 | scale: 0.2923 | total: 1.3642 | irer_gate: 1.0000
2026-09-07 14:55:14,612 INFO __main__: Step 8825 | silog: 0.5345 | l1: 0.5022 | edge: 0.2310 | smoothness: 0.0423 | planarity: 0.0186 | scale: 0.3219 | total: 1.4688 | irer_gate: 1.0000
2026-09-07 14:55:50,595 INFO __main__: Step 8875 | silog: 0.5153 | l1: 0.5151 | edge: 0.2160 | smoothness: 0.0484 | planarity: 0.0186 | scale: 0.3601 | total: 1.4882 | irer_gate: 1.0000
2026-09-07 14:56:26,339 INFO __main__: Step 8925 | silog: 0.5146 | l1: 0.5165 | edge: 0.2251 | smoothness: 0.0438 | planarity: 0.0185 | scale: 0.3566 | total: 1.4879 | irer_gate: 1.0000
2026-09-07 14:57:01,438 INFO __main__: Step 8975 | silog: 0.5209 | l1: 0.5033 | edge: 0.2116 | smoothness: 0.0450 | planarity: 0.0182 | scale: 0.3486 | total: 1.4572 | irer_gate: 1.0000
2026-09-07 14:57:36,351 INFO __main__: Step 9025 | silog: 0.4938 | l1: 0.4731 | edge: 0.2067 | smoothness: 0.0421 | planarity: 0.0152 | scale: 0.3261 | total: 1.3606 | irer_gate: 1.0000
2026-09-07 14:58:11,458 INFO __main__: Step 9075 | silog: 0.5270 | l1: 0.4981 | edge: 0.2168 | smoothness: 0.0367 | planarity: 0.0157 | scale: 0.3216 | total: 1.4213 | irer_gate: 1.0000
2026-09-07 14:58:46,624 INFO __main__: Step 9125 | silog: 0.5277 | l1: 0.5152 | edge: 0.2095 | smoothness: 0.0402 | planarity: 0.0162 | scale: 0.3563 | total: 1.4691 | irer_gate: 1.0000
2026-09-07 14:59:22,011 INFO __main__: Step 9175 | silog: 0.5047 | l1: 0.4644 | edge: 0.2180 | smoothness: 0.0441 | planarity: 0.0159 | scale: 0.2899 | total: 1.3353 | irer_gate: 1.0000
2026-09-07 14:59:57,125 INFO __main__: Step 9225 | silog: 0.5057 | l1: 0.4878 | edge: 0.2267 | smoothness: 0.0496 | planarity: 0.0191 | scale: 0.3498 | total: 1.4367 | irer_gate: 1.0000
2026-09-07 15:00:31,808 INFO __main__: Step 9275 | silog: 0.5068 | l1: 0.4850 | edge: 0.2254 | smoothness: 0.0487 | planarity: 0.0179 | scale: 0.3382 | total: 1.4173 | irer_gate: 1.0000
2026-09-07 15:01:06,627 INFO __main__: Step 9325 | silog: 0.5037 | l1: 0.4694 | edge: 0.2120 | smoothness: 0.0456 | planarity: 0.0168 | scale: 0.3054 | total: 1.3438 | irer_gate: 1.0000
2026-09-07 15:01:41,485 INFO __main__: Step 9375 | silog: 0.5055 | l1: 0.4721 | edge: 0.2175 | smoothness: 0.0461 | planarity: 0.0168 | scale: 0.2854 | total: 1.3328 | irer_gate: 1.0000
2026-09-07 15:02:16,171 INFO __main__: Step 9425 | silog: 0.5220 | l1: 0.4933 | edge: 0.2214 | smoothness: 0.0429 | planarity: 0.0164 | scale: 0.3051 | total: 1.3900 | irer_gate: 1.0000
2026-09-07 15:02:51,222 INFO __main__: Step 9475 | silog: 0.5062 | l1: 0.5055 | edge: 0.2075 | smoothness: 0.0438 | planarity: 0.0162 | scale: 0.3496 | total: 1.4137 | irer_gate: 1.0000
2026-09-07 15:03:26,308 INFO __main__: Step 9525 | silog: 0.5230 | l1: 0.5087 | edge: 0.2170 | smoothness: 0.0461 | planarity: 0.0195 | scale: 0.3640 | total: 1.4633 | irer_gate: 1.0000
2026-09-07 15:04:01,373 INFO __main__: Step 9575 | silog: 0.5038 | l1: 0.4927 | edge: 0.2243 | smoothness: 0.0437 | planarity: 0.0208 | scale: 0.3460 | total: 1.4121 | irer_gate: 1.0000
2026-09-07 15:04:36,079 INFO __main__: Step 9625 | silog: 0.5206 | l1: 0.4742 | edge: 0.2006 | smoothness: 0.0327 | planarity: 0.0142 | scale: 0.2985 | total: 1.3169 | irer_gate: 1.0000
2026-09-07 15:06:10,848 INFO __main__: Epoch 6/24 | Loss: 1.4358 | Metric AbsRel: 0.6362 (RMSE: 6.28m, d1: 27.2%) | Aligned AbsRel: 0.3709 (RMSE: 6.10m, d1: 45.9%) | IRER gate: 1.000 | Time: 1028.9s
2026-09-07 15:06:11,412 INFO __main__: Checkpoint saved: /kaggle/working/outputs_center_ray/checkpoint.pt (epoch=7)
2026-09-07 15:06:17,942 INFO __main__: Step 9675 | silog: 0.5096 | l1: 0.4786 | edge: 0.2296 | smoothness: 0.0522 | planarity: 0.0172 | scale: 0.3058 | total: 1.3688 | irer_gate: 1.0000
2026-09-07 15:06:52,365 INFO __main__: Step 9725 | silog: 0.5077 | l1: 0.5036 | edge: 0.2126 | smoothness: 0.0425 | planarity: 0.0184 | scale: 0.3455 | total: 1.4030 | irer_gate: 1.0000
2026-09-07 15:07:26,851 INFO __main__: Step 9775 | silog: 0.5294 | l1: 0.5137 | edge: 0.2190 | smoothness: 0.0403 | planarity: 0.0187 | scale: 0.3513 | total: 1.4459 | irer_gate: 1.0000
2026-09-07 15:08:01,696 INFO __main__: Step 9825 | silog: 0.5181 | l1: 0.5107 | edge: 0.2227 | smoothness: 0.0407 | planarity: 0.0169 | scale: 0.3682 | total: 1.4480 | irer_gate: 1.0000
2026-09-07 15:08:36,566 INFO __main__: Step 9875 | silog: 0.5284 | l1: 0.5029 | edge: 0.2179 | smoothness: 0.0426 | planarity: 0.0158 | scale: 0.3357 | total: 1.4118 | irer_gate: 1.0000
2026-09-07 15:09:11,227 INFO __main__: Step 9925 | silog: 0.4915 | l1: 0.4677 | edge: 0.2137 | smoothness: 0.0454 | planarity: 0.0155 | scale: 0.3118 | total: 1.3069 | irer_gate: 1.0000
2026-09-07 15:09:45,972 INFO __main__: Step 9975 | silog: 0.5263 | l1: 0.5024 | edge: 0.2191 | smoothness: 0.0436 | planarity: 0.0154 | scale: 0.3374 | total: 1.4080 | irer_gate: 1.0000
2026-09-07 15:10:20,896 INFO __main__: Step 10025 | silog: 0.5168 | l1: 0.5138 | edge: 0.2040 | smoothness: 0.0368 | planarity: 0.0153 | scale: 0.3595 | total: 1.4059 | irer_gate: 1.0000
2026-09-07 15:10:55,907 INFO __main__: Step 10075 | silog: 0.5241 | l1: 0.5255 | edge: 0.2128 | smoothness: 0.0443 | planarity: 0.0192 | scale: 0.3908 | total: 1.4767 | irer_gate: 1.0000
2026-09-07 15:11:30,718 INFO __main__: Step 10125 | silog: 0.5081 | l1: 0.4883 | edge: 0.2123 | smoothness: 0.0451 | planarity: 0.0178 | scale: 0.3329 | total: 1.3588 | irer_gate: 1.0000
2026-09-07 15:12:05,514 INFO __main__: Step 10175 | silog: 0.4888 | l1: 0.4509 | edge: 0.2149 | smoothness: 0.0442 | planarity: 0.0158 | scale: 0.2921 | total: 1.2544 | irer_gate: 1.0000
2026-09-07 15:12:40,050 INFO __main__: Step 10225 | silog: 0.5007 | l1: 0.4762 | edge: 0.2129 | smoothness: 0.0478 | planarity: 0.0159 | scale: 0.3071 | total: 1.3084 | irer_gate: 1.0000
2026-09-07 15:13:14,871 INFO __main__: Step 10275 | silog: 0.5040 | l1: 0.4800 | edge: 0.2121 | smoothness: 0.0389 | planarity: 0.0153 | scale: 0.3245 | total: 1.3199 | irer_gate: 1.0000
2026-09-07 15:13:49,501 INFO __main__: Step 10325 | silog: 0.4942 | l1: 0.4717 | edge: 0.2213 | smoothness: 0.0438 | planarity: 0.0176 | scale: 0.2985 | total: 1.2890 | irer_gate: 1.0000
2026-09-07 15:14:24,260 INFO __main__: Step 10375 | silog: 0.4933 | l1: 0.4554 | edge: 0.2362 | smoothness: 0.0563 | planarity: 0.0187 | scale: 0.2885 | total: 1.2882 | irer_gate: 1.0000
2026-09-07 15:14:59,053 INFO __main__: Step 10425 | silog: 0.5104 | l1: 0.4723 | edge: 0.2219 | smoothness: 0.0437 | planarity: 0.0159 | scale: 0.2816 | total: 1.2835 | irer_gate: 1.0000
2026-09-07 15:15:34,053 INFO __main__: Step 10475 | silog: 0.5031 | l1: 0.4671 | edge: 0.2143 | smoothness: 0.0419 | planarity: 0.0161 | scale: 0.2904 | total: 1.2658 | irer_gate: 1.0000
2026-09-07 15:16:08,709 INFO __main__: Step 10525 | silog: 0.5000 | l1: 0.4759 | edge: 0.2173 | smoothness: 0.0488 | planarity: 0.0155 | scale: 0.3200 | total: 1.3080 | irer_gate: 1.0000
2026-09-07 15:16:43,644 INFO __main__: Step 10575 | silog: 0.5190 | l1: 0.4818 | edge: 0.2330 | smoothness: 0.0513 | planarity: 0.0173 | scale: 0.3065 | total: 1.3400 | irer_gate: 1.0000
2026-09-07 15:17:18,438 INFO __main__: Step 10625 | silog: 0.5257 | l1: 0.4944 | edge: 0.2265 | smoothness: 0.0438 | planarity: 0.0187 | scale: 0.3250 | total: 1.3629 | irer_gate: 1.0000
2026-09-07 15:17:53,235 INFO __main__: Step 10675 | silog: 0.4945 | l1: 0.4548 | edge: 0.2176 | smoothness: 0.0485 | planarity: 0.0172 | scale: 0.2907 | total: 1.2432 | irer_gate: 1.0000
2026-09-07 15:18:28,025 INFO __main__: Step 10725 | silog: 0.4931 | l1: 0.4726 | edge: 0.2108 | smoothness: 0.0425 | planarity: 0.0181 | scale: 0.3160 | total: 1.2703 | irer_gate: 1.0000
2026-09-07 15:19:02,534 INFO __main__: Step 10775 | silog: 0.5154 | l1: 0.4751 | edge: 0.2102 | smoothness: 0.0461 | planarity: 0.0162 | scale: 0.3060 | total: 1.2857 | irer_gate: 1.0000
2026-09-07 15:19:37,148 INFO __main__: Step 10825 | silog: 0.5116 | l1: 0.4716 | edge: 0.2224 | smoothness: 0.0433 | planarity: 0.0156 | scale: 0.2910 | total: 1.2695 | irer_gate: 1.0000
2026-09-07 15:20:11,653 INFO __main__: Step 10875 | silog: 0.4779 | l1: 0.4585 | edge: 0.2064 | smoothness: 0.0416 | planarity: 0.0142 | scale: 0.3069 | total: 1.2106 | irer_gate: 1.0000
2026-09-07 15:20:46,173 INFO __main__: Step 10925 | silog: 0.4949 | l1: 0.4799 | edge: 0.2154 | smoothness: 0.0494 | planarity: 0.0149 | scale: 0.3506 | total: 1.3118 | irer_gate: 1.0000
2026-09-07 15:21:20,771 INFO __main__: Step 10975 | silog: 0.5026 | l1: 0.4764 | edge: 0.2286 | smoothness: 0.0479 | planarity: 0.0161 | scale: 0.3110 | total: 1.2879 | irer_gate: 1.0000
2026-09-07 15:21:55,606 INFO __main__: Step 11025 | silog: 0.5031 | l1: 0.4623 | edge: 0.2148 | smoothness: 0.0438 | planarity: 0.0165 | scale: 0.3010 | total: 1.2416 | irer_gate: 1.0000
2026-09-07 15:22:10,463 INFO __main__: Epoch 7/24 | Loss: 1.3244 | Metric AbsRel: 0.6362 (RMSE: 6.28m, d1: 27.2%) | Aligned AbsRel: 0.3709 (RMSE: 6.10m, d1: 45.9%) | IRER gate: 1.000 | Time: 959.0s
2026-09-07 15:22:11,033 INFO __main__: Checkpoint saved: /kaggle/working/outputs_center_ray/checkpoint.pt (epoch=8)
2026-09-07 15:22:30,497 INFO __main__: Step 11075 | silog: 0.4699 | l1: 0.4279 | edge: 0.2116 | smoothness: 0.0418 | planarity: 0.0173 | scale: 0.2676 | total: 1.1265 | irer_gate: 1.0000
2026-09-07 15:23:04,860 INFO __main__: Step 11125 | silog: 0.4912 | l1: 0.4648 | edge: 0.2150 | smoothness: 0.0534 | planarity: 0.0151 | scale: 0.2979 | total: 1.2308 | irer_gate: 1.0000
2026-09-07 15:23:39,130 INFO __main__: Step 11175 | silog: 0.5152 | l1: 0.4886 | edge: 0.2102 | smoothness: 0.0425 | planarity: 0.0152 | scale: 0.3202 | total: 1.2856 | irer_gate: 1.0000
2026-09-07 15:24:13,344 INFO __main__: Step 11225 | silog: 0.5003 | l1: 0.4949 | edge: 0.2224 | smoothness: 0.0500 | planarity: 0.0171 | scale: 0.3505 | total: 1.3271 | irer_gate: 1.0000
2026-09-07 15:24:47,717 INFO __main__: Step 11275 | silog: 0.4977 | l1: 0.4493 | edge: 0.2168 | smoothness: 0.0529 | planarity: 0.0171 | scale: 0.2895 | total: 1.2086 | irer_gate: 1.0000
2026-09-07 15:25:21,949 INFO __main__: Step 11325 | silog: 0.5017 | l1: 0.4544 | edge: 0.2250 | smoothness: 0.0488 | planarity: 0.0166 | scale: 0.2939 | total: 1.2241 | irer_gate: 1.0000
2026-09-07 15:25:56,007 INFO __main__: Step 11375 | silog: 0.4832 | l1: 0.4427 | edge: 0.2163 | smoothness: 0.0478 | planarity: 0.0174 | scale: 0.2784 | total: 1.1632 | irer_gate: 1.0000
2026-09-07 15:26:30,239 INFO __main__: Step 11425 | silog: 0.5184 | l1: 0.4719 | edge: 0.2157 | smoothness: 0.0448 | planarity: 0.0158 | scale: 0.2825 | total: 1.2293 | irer_gate: 1.0000
2026-09-07 15:27:04,569 INFO __main__: Step 11475 | silog: 0.4871 | l1: 0.4502 | edge: 0.2078 | smoothness: 0.0476 | planarity: 0.0152 | scale: 0.2942 | total: 1.1735 | irer_gate: 1.0000
2026-09-07 15:27:38,426 INFO __main__: Step 11525 | silog: 0.4781 | l1: 0.4404 | edge: 0.2105 | smoothness: 0.0433 | planarity: 0.0173 | scale: 0.2753 | total: 1.1318 | irer_gate: 1.0000
2026-09-07 15:28:12,481 INFO __main__: Step 11575 | silog: 0.4758 | l1: 0.4398 | edge: 0.2128 | smoothness: 0.0511 | planarity: 0.0157 | scale: 0.2682 | total: 1.1278 | irer_gate: 1.0000
2026-09-07 15:28:47,082 INFO __main__: Step 11625 | silog: 0.5126 | l1: 0.4700 | edge: 0.2301 | smoothness: 0.0467 | planarity: 0.0172 | scale: 0.3172 | total: 1.2636 | irer_gate: 1.0000
2026-09-07 15:29:23,732 INFO __main__: Step 11675 | silog: 0.5011 | l1: 0.4627 | edge: 0.2231 | smoothness: 0.0541 | planarity: 0.0181 | scale: 0.2844 | total: 1.2087 | irer_gate: 1.0000
2026-09-07 15:29:58,792 INFO __main__: Step 11725 | silog: 0.4705 | l1: 0.4337 | edge: 0.2215 | smoothness: 0.0483 | planarity: 0.0162 | scale: 0.2805 | total: 1.1263 | irer_gate: 1.0000
2026-09-07 15:30:34,730 INFO __main__: Step 11775 | silog: 0.4655 | l1: 0.4355 | edge: 0.2055 | smoothness: 0.0423 | planarity: 0.0146 | scale: 0.2771 | total: 1.0904 | irer_gate: 1.0000
2026-09-07 15:31:09,421 INFO __main__: Step 11825 | silog: 0.4753 | l1: 0.4407 | edge: 0.2151 | smoothness: 0.0506 | planarity: 0.0154 | scale: 0.2810 | total: 1.1285 | irer_gate: 1.0000
2026-09-07 15:31:45,740 INFO __main__: Step 11875 | silog: 0.4859 | l1: 0.4529 | edge: 0.2164 | smoothness: 0.0502 | planarity: 0.0178 | scale: 0.2944 | total: 1.1678 | irer_gate: 1.0000
2026-09-07 15:32:22,001 INFO __main__: Step 11925 | silog: 0.4848 | l1: 0.4795 | edge: 0.2130 | smoothness: 0.0430 | planarity: 0.0153 | scale: 0.3466 | total: 1.2309 | irer_gate: 1.0000
2026-09-07 15:32:56,568 INFO __main__: Step 11975 | silog: 0.4970 | l1: 0.4619 | edge: 0.2192 | smoothness: 0.0460 | planarity: 0.0153 | scale: 0.2959 | total: 1.1826 | irer_gate: 1.0000
2026-09-07 15:33:31,204 INFO __main__: Step 12025 | silog: 0.4947 | l1: 0.4586 | edge: 0.2217 | smoothness: 0.0550 | planarity: 0.0165 | scale: 0.3015 | total: 1.1937 | irer_gate: 1.0000
2026-09-07 15:34:06,995 INFO __main__: Step 12075 | silog: 0.4796 | l1: 0.4512 | edge: 0.2067 | smoothness: 0.0419 | planarity: 0.0157 | scale: 0.2903 | total: 1.1232 | irer_gate: 1.0000
2026-09-07 15:34:42,642 INFO __main__: Step 12125 | silog: 0.4791 | l1: 0.4625 | edge: 0.2183 | smoothness: 0.0529 | planarity: 0.0170 | scale: 0.3063 | total: 1.1749 | irer_gate: 1.0000
2026-09-07 15:35:19,766 INFO __main__: Step 12175 | silog: 0.4965 | l1: 0.4544 | edge: 0.2070 | smoothness: 0.0442 | planarity: 0.0148 | scale: 0.2962 | total: 1.1487 | irer_gate: 1.0000
2026-09-07 15:35:54,591 INFO __main__: Step 12225 | silog: 0.4916 | l1: 0.4510 | edge: 0.2163 | smoothness: 0.0478 | planarity: 0.0160 | scale: 0.2802 | total: 1.1365 | irer_gate: 1.0000
2026-09-07 15:36:29,446 INFO __main__: Step 12275 | silog: 0.4867 | l1: 0.4413 | edge: 0.2197 | smoothness: 0.0493 | planarity: 0.0167 | scale: 0.2757 | total: 1.1194 | irer_gate: 1.0000
2026-09-07 15:37:05,563 INFO __main__: Step 12325 | silog: 0.4938 | l1: 0.4474 | edge: 0.2291 | smoothness: 0.0561 | planarity: 0.0181 | scale: 0.2899 | total: 1.1649 | irer_gate: 1.0000
2026-09-07 15:37:40,093 INFO __main__: Step 12375 | silog: 0.4710 | l1: 0.4373 | edge: 0.2098 | smoothness: 0.0465 | planarity: 0.0162 | scale: 0.2629 | total: 1.0643 | irer_gate: 1.0000
2026-09-07 15:38:13,767 INFO __main__: Step 12425 | silog: 0.4920 | l1: 0.4693 | edge: 0.2203 | smoothness: 0.0514 | planarity: 0.0169 | scale: 0.3365 | total: 1.2120 | irer_gate: 1.0000
2026-09-07 15:39:23,114 INFO __main__: Epoch 8/24 | Loss: 1.1764 | Metric AbsRel: 0.7459 (RMSE: 6.18m, d1: 30.9%) | Aligned AbsRel: 0.3386 (RMSE: 6.06m, d1: 48.7%) | IRER gate: 1.000 | Time: 1032.1s
2026-09-07 15:39:23,708 INFO __main__: Checkpoint saved: /kaggle/working/outputs_center_ray/checkpoint.pt (epoch=9)
2026-09-07 15:39:57,889 INFO __main__: Step 12475 | silog: 0.4921 | l1: 0.4524 | edge: 0.2106 | smoothness: 0.0501 | planarity: 0.0162 | scale: 0.2861 | total: 1.1277 | irer_gate: 1.0000
2026-09-07 15:40:32,191 INFO __main__: Step 12525 | silog: 0.4730 | l1: 0.4459 | edge: 0.2167 | smoothness: 0.0490 | planarity: 0.0147 | scale: 0.2950 | total: 1.1098 | irer_gate: 1.0000
2026-09-07 15:41:06,746 INFO __main__: Step 12575 | silog: 0.4766 | l1: 0.4299 | edge: 0.2105 | smoothness: 0.0510 | planarity: 0.0157 | scale: 0.2699 | total: 1.0647 | irer_gate: 1.0000
2026-09-07 15:41:41,255 INFO __main__: Step 12625 | silog: 0.4959 | l1: 0.4523 | edge: 0.2254 | smoothness: 0.0534 | planarity: 0.0170 | scale: 0.2743 | total: 1.1333 | irer_gate: 1.0000
2026-09-07 15:42:17,221 INFO __main__: Step 12675 | silog: 0.4783 | l1: 0.4442 | edge: 0.2123 | smoothness: 0.0393 | planarity: 0.0168 | scale: 0.3000 | total: 1.0970 | irer_gate: 1.0000
2026-09-07 15:42:51,835 INFO __main__: Step 12725 | silog: 0.4887 | l1: 0.4477 | edge: 0.2071 | smoothness: 0.0470 | planarity: 0.0151 | scale: 0.2861 | total: 1.0972 | irer_gate: 1.0000
2026-09-07 15:43:26,526 INFO __main__: Step 12775 | silog: 0.4686 | l1: 0.4440 | edge: 0.2109 | smoothness: 0.0542 | planarity: 0.0171 | scale: 0.3006 | total: 1.0964 | irer_gate: 1.0000
2026-09-07 15:44:02,387 INFO __main__: Step 12825 | silog: 0.5049 | l1: 0.4767 | edge: 0.2287 | smoothness: 0.0474 | planarity: 0.0164 | scale: 0.3183 | total: 1.2006 | irer_gate: 1.0000
2026-09-07 15:44:36,582 INFO __main__: Step 12875 | silog: 0.4917 | l1: 0.4565 | edge: 0.2196 | smoothness: 0.0453 | planarity: 0.0165 | scale: 0.2938 | total: 1.1241 | irer_gate: 1.0000
2026-09-07 15:45:10,826 INFO __main__: Step 12925 | silog: 0.4713 | l1: 0.4416 | edge: 0.2200 | smoothness: 0.0513 | planarity: 0.0160 | scale: 0.2862 | total: 1.0806 | irer_gate: 1.0000
2026-09-07 15:45:45,155 INFO __main__: Step 12975 | silog: 0.4753 | l1: 0.4465 | edge: 0.2153 | smoothness: 0.0461 | planarity: 0.0177 | scale: 0.2976 | total: 1.0899 | irer_gate: 1.0000
2026-09-07 15:46:20,670 INFO __main__: Step 13025 | silog: 0.4817 | l1: 0.4648 | edge: 0.2087 | smoothness: 0.0478 | planarity: 0.0155 | scale: 0.3155 | total: 1.1251 | irer_gate: 1.0000
2026-09-07 15:46:56,870 INFO __main__: Step 13075 | silog: 0.4684 | l1: 0.4524 | edge: 0.2106 | smoothness: 0.0505 | planarity: 0.0157 | scale: 0.3160 | total: 1.0994 | irer_gate: 1.0000
2026-09-07 15:47:32,156 INFO __main__: Step 13125 | silog: 0.4726 | l1: 0.4407 | edge: 0.2166 | smoothness: 0.0510 | planarity: 0.0174 | scale: 0.2886 | total: 1.0710 | irer_gate: 1.0000
2026-09-07 15:48:06,507 INFO __main__: Step 13175 | silog: 0.4783 | l1: 0.4560 | edge: 0.2223 | smoothness: 0.0552 | planarity: 0.0167 | scale: 0.2982 | total: 1.1121 | irer_gate: 1.0000
2026-09-07 15:48:40,815 INFO __main__: Step 13225 | silog: 0.4704 | l1: 0.4546 | edge: 0.2065 | smoothness: 0.0499 | planarity: 0.0162 | scale: 0.3152 | total: 1.0922 | irer_gate: 1.0000
2026-09-07 15:49:16,471 INFO __main__: Step 13275 | silog: 0.5196 | l1: 0.4818 | edge: 0.2137 | smoothness: 0.0399 | planarity: 0.0179 | scale: 0.3142 | total: 1.1741 | irer_gate: 1.0000
2026-09-07 15:49:53,021 INFO __main__: Step 13325 | silog: 0.4940 | l1: 0.4571 | edge: 0.2153 | smoothness: 0.0524 | planarity: 0.0161 | scale: 0.3164 | total: 1.1312 | irer_gate: 1.0000
2026-09-07 15:50:28,736 INFO __main__: Step 13375 | silog: 0.4883 | l1: 0.4401 | edge: 0.2196 | smoothness: 0.0519 | planarity: 0.0164 | scale: 0.2677 | total: 1.0592 | irer_gate: 1.0000
2026-09-07 15:51:03,042 INFO __main__: Step 13425 | silog: 0.4781 | l1: 0.4412 | edge: 0.2173 | smoothness: 0.0500 | planarity: 0.0165 | scale: 0.2726 | total: 1.0465 | irer_gate: 1.0000
2026-09-07 15:51:37,415 INFO __main__: Step 13475 | silog: 0.4963 | l1: 0.4612 | edge: 0.2224 | smoothness: 0.0537 | planarity: 0.0150 | scale: 0.2958 | total: 1.1183 | irer_gate: 1.0000
2026-09-07 15:52:12,369 INFO __main__: Step 13525 | silog: 0.4731 | l1: 0.4180 | edge: 0.2099 | smoothness: 0.0451 | planarity: 0.0147 | scale: 0.2653 | total: 0.9859 | irer_gate: 1.0000
2026-09-07 15:52:48,016 INFO __main__: Step 13575 | silog: 0.4725 | l1: 0.4379 | edge: 0.2188 | smoothness: 0.0531 | planarity: 0.0161 | scale: 0.2933 | total: 1.0530 | irer_gate: 1.0000
2026-09-07 15:53:24,961 INFO __main__: Step 13625 | silog: 0.4673 | l1: 0.4316 | edge: 0.2151 | smoothness: 0.0493 | planarity: 0.0153 | scale: 0.2806 | total: 1.0152 | irer_gate: 1.0000
2026-09-07 15:53:59,427 INFO __main__: Step 13675 | silog: 0.4812 | l1: 0.4501 | edge: 0.2156 | smoothness: 0.0520 | planarity: 0.0156 | scale: 0.3106 | total: 1.0832 | irer_gate: 1.0000
2026-09-07 15:54:34,129 INFO __main__: Step 13725 | silog: 0.4850 | l1: 0.4537 | edge: 0.2004 | smoothness: 0.0407 | planarity: 0.0162 | scale: 0.2905 | total: 1.0398 | irer_gate: 1.0000
2026-09-07 15:55:10,724 INFO __main__: Step 13775 | silog: 0.4788 | l1: 0.4476 | edge: 0.2233 | smoothness: 0.0510 | planarity: 0.0171 | scale: 0.2843 | total: 1.0554 | irer_gate: 1.0000
2026-09-07 15:55:33,653 INFO __main__: Epoch 9/24 | Loss: 1.0920 | Metric AbsRel: 0.7459 (RMSE: 6.18m, d1: 30.9%) | Aligned AbsRel: 0.3386 (RMSE: 6.06m, d1: 48.7%) | IRER gate: 1.000 | Time: 969.9s
2026-09-07 15:55:34,233 INFO __main__: Checkpoint saved: /kaggle/working/outputs_center_ray/checkpoint.pt (epoch=10)
2026-09-07 15:55:45,361 INFO __main__: Step 13825 | silog: 0.4795 | l1: 0.4469 | edge: 0.2100 | smoothness: 0.0524 | planarity: 0.0163 | scale: 0.3017 | total: 1.0561 | irer_gate: 1.0000
2026-09-07 15:56:19,581 INFO __main__: Step 13875 | silog: 0.4870 | l1: 0.4486 | edge: 0.2222 | smoothness: 0.0576 | planarity: 0.0174 | scale: 0.3002 | total: 1.0838 | irer_gate: 1.0000
2026-09-07 15:56:53,582 INFO __main__: Step 13925 | silog: 0.4639 | l1: 0.4133 | edge: 0.2111 | smoothness: 0.0487 | planarity: 0.0163 | scale: 0.2445 | total: 0.9353 | irer_gate: 1.0000
2026-09-07 15:57:27,416 INFO __main__: Step 13975 | silog: 0.4632 | l1: 0.4262 | edge: 0.2213 | smoothness: 0.0563 | planarity: 0.0157 | scale: 0.2759 | total: 0.9969 | irer_gate: 1.0000
2026-09-07 15:58:01,616 INFO __main__: Step 14025 | silog: 0.4781 | l1: 0.4374 | edge: 0.2078 | smoothness: 0.0466 | planarity: 0.0148 | scale: 0.2824 | total: 1.0033 | irer_gate: 1.0000
2026-09-07 15:58:35,830 INFO __main__: Step 14075 | silog: 0.4603 | l1: 0.4162 | edge: 0.2070 | smoothness: 0.0519 | planarity: 0.0150 | scale: 0.2564 | total: 0.9349 | irer_gate: 1.0000
2026-09-07 15:59:10,220 INFO __main__: Step 14125 | silog: 0.4599 | l1: 0.4182 | edge: 0.2124 | smoothness: 0.0561 | planarity: 0.0155 | scale: 0.2722 | total: 0.9611 | irer_gate: 1.0000
2026-09-07 15:59:44,796 INFO __main__: Step 14175 | silog: 0.4503 | l1: 0.4191 | edge: 0.1945 | smoothness: 0.0450 | planarity: 0.0140 | scale: 0.2859 | total: 0.9275 | irer_gate: 1.0000
2026-09-07 16:00:19,669 INFO __main__: Step 14225 | silog: 0.4875 | l1: 0.4595 | edge: 0.2118 | smoothness: 0.0479 | planarity: 0.0146 | scale: 0.2901 | total: 1.0417 | irer_gate: 1.0000
2026-09-07 16:00:54,264 INFO __main__: Step 14275 | silog: 0.4637 | l1: 0.4359 | edge: 0.2110 | smoothness: 0.0494 | planarity: 0.0155 | scale: 0.2969 | total: 0.9936 | irer_gate: 1.0000
2026-09-07 16:01:28,805 INFO __main__: Step 14325 | silog: 0.4690 | l1: 0.4186 | edge: 0.2120 | smoothness: 0.0501 | planarity: 0.0157 | scale: 0.2427 | total: 0.9256 | irer_gate: 1.0000
2026-09-07 16:02:03,378 INFO __main__: Step 14375 | silog: 0.4638 | l1: 0.4327 | edge: 0.2196 | smoothness: 0.0580 | planarity: 0.0166 | scale: 0.2726 | total: 0.9808 | irer_gate: 1.0000
2026-09-07 16:02:39,682 INFO __main__: Step 14425 | silog: 0.4768 | l1: 0.4365 | edge: 0.2121 | smoothness: 0.0507 | planarity: 0.0157 | scale: 0.2661 | total: 0.9730 | irer_gate: 1.0000
2026-09-07 16:03:16,608 INFO __main__: Step 14475 | silog: 0.4908 | l1: 0.4383 | edge: 0.2126 | smoothness: 0.0515 | planarity: 0.0149 | scale: 0.2740 | total: 0.9967 | irer_gate: 1.0000
2026-09-07 16:03:52,167 INFO __main__: Step 14525 | silog: 0.4799 | l1: 0.4437 | edge: 0.2221 | smoothness: 0.0519 | planarity: 0.0154 | scale: 0.2923 | total: 1.0176 | irer_gate: 1.0000
2026-09-07 16:04:26,768 INFO __main__: Step 14575 | silog: 0.4540 | l1: 0.4081 | edge: 0.1999 | smoothness: 0.0475 | planarity: 0.0152 | scale: 0.2569 | total: 0.8779 | irer_gate: 1.0000
2026-09-07 16:05:01,270 INFO __main__: Step 14625 | silog: 0.4639 | l1: 0.4192 | edge: 0.2123 | smoothness: 0.0509 | planarity: 0.0158 | scale: 0.2598 | total: 0.9206 | irer_gate: 1.0000
2026-09-07 16:05:35,841 INFO __main__: Step 14675 | silog: 0.4448 | l1: 0.4023 | edge: 0.2138 | smoothness: 0.0497 | planarity: 0.0152 | scale: 0.2429 | total: 0.8587 | irer_gate: 1.0000
2026-09-07 16:06:10,159 INFO __main__: Step 14725 | silog: 0.4825 | l1: 0.4467 | edge: 0.2099 | smoothness: 0.0478 | planarity: 0.0141 | scale: 0.2928 | total: 0.9925 | irer_gate: 1.0000
2026-09-07 16:06:45,264 INFO __main__: Step 14775 | silog: 0.4685 | l1: 0.4223 | edge: 0.2118 | smoothness: 0.0492 | planarity: 0.0148 | scale: 0.2524 | total: 0.9097 | irer_gate: 1.0000
2026-09-07 16:07:20,876 INFO __main__: Step 14825 | silog: 0.4769 | l1: 0.4332 | edge: 0.2146 | smoothness: 0.0531 | planarity: 0.0149 | scale: 0.2757 | total: 0.9603 | irer_gate: 1.0000
2026-09-07 16:07:55,326 INFO __main__: Step 14875 | silog: 0.4673 | l1: 0.4187 | edge: 0.2178 | smoothness: 0.0521 | planarity: 0.0157 | scale: 0.2665 | total: 0.9241 | irer_gate: 1.0000
2026-09-07 16:08:30,063 INFO __main__: Step 14925 | silog: 0.4548 | l1: 0.4210 | edge: 0.2071 | smoothness: 0.0467 | planarity: 0.0155 | scale: 0.2765 | total: 0.9008 | irer_gate: 1.0000
2026-09-07 16:09:04,689 INFO __main__: Step 14975 | silog: 0.4651 | l1: 0.4144 | edge: 0.2249 | smoothness: 0.0533 | planarity: 0.0161 | scale: 0.2599 | total: 0.9149 | irer_gate: 1.0000
2026-09-07 16:09:39,297 INFO __main__: Step 15025 | silog: 0.4811 | l1: 0.4622 | edge: 0.2168 | smoothness: 0.0535 | planarity: 0.0157 | scale: 0.3197 | total: 1.0364 | irer_gate: 1.0000
2026-09-07 16:10:13,874 INFO __main__: Step 15075 | silog: 0.4451 | l1: 0.4093 | edge: 0.2083 | smoothness: 0.0473 | planarity: 0.0162 | scale: 0.2655 | total: 0.8612 | irer_gate: 1.0000
2026-09-07 16:10:48,526 INFO __main__: Step 15125 | silog: 0.4753 | l1: 0.4385 | edge: 0.2162 | smoothness: 0.0521 | planarity: 0.0166 | scale: 0.2835 | total: 0.9612 | irer_gate: 1.0000
2026-09-07 16:11:23,470 INFO __main__: Step 15175 | silog: 0.4761 | l1: 0.4309 | edge: 0.2180 | smoothness: 0.0509 | planarity: 0.0171 | scale: 0.2654 | total: 0.9341 | irer_gate: 1.0000
2026-09-07 16:12:40,666 INFO __main__: Epoch 10/24 | Loss: 0.9560 | Metric AbsRel: 0.7393 (RMSE: 5.99m, d1: 28.2%) | Aligned AbsRel: 0.3256 (RMSE: 5.69m, d1: 49.2%) | IRER gate: 1.000 | Time: 1026.4s
2026-09-07 16:12:41,227 INFO __main__: Checkpoint saved: /kaggle/working/outputs_center_ray/checkpoint.pt (epoch=11)
2026-09-07 16:12:41,233 INFO __main__: Curriculum: epoch 11 requested 'medium' → using 'Hard' (TartanAir standard levels: 'Easy' and 'Hard') (7414 samples)
2026-09-07 16:13:08,673 INFO __main__: Step 15225 | silog: 0.5536 | l1: 0.5291 | edge: 0.2196 | smoothness: 0.0481 | planarity: 0.0157 | scale: 0.3349 | total: 1.2022 | irer_gate: 1.0000
2026-09-07 16:13:45,468 INFO __main__: Step 15275 | silog: 0.6113 | l1: 0.5569 | edge: 0.2267 | smoothness: 0.0426 | planarity: 0.0154 | scale: 0.3417 | total: 1.3085 | irer_gate: 1.0000
2026-09-07 16:14:20,963 INFO __main__: Step 15325 | silog: 0.5696 | l1: 0.5460 | edge: 0.2190 | smoothness: 0.0519 | planarity: 0.0163 | scale: 0.3472 | total: 1.2536 | irer_gate: 1.0000
2026-09-07 16:14:56,394 INFO __main__: Step 15375 | silog: 0.5417 | l1: 0.5109 | edge: 0.2165 | smoothness: 0.0463 | planarity: 0.0156 | scale: 0.3346 | total: 1.1561 | irer_gate: 1.0000
2026-09-07 16:15:31,840 INFO __main__: Step 15425 | silog: 0.5712 | l1: 0.5318 | edge: 0.2268 | smoothness: 0.0488 | planarity: 0.0146 | scale: 0.3302 | total: 1.2223 | irer_gate: 1.0000
2026-09-07 16:16:07,336 INFO __main__: Step 15475 | silog: 0.5640 | l1: 0.5301 | edge: 0.2318 | smoothness: 0.0558 | planarity: 0.0158 | scale: 0.3568 | total: 1.2517 | irer_gate: 1.0000
2026-09-07 16:16:42,932 INFO __main__: Step 15525 | silog: 0.5535 | l1: 0.5046 | edge: 0.2205 | smoothness: 0.0484 | planarity: 0.0152 | scale: 0.3112 | total: 1.1403 | irer_gate: 1.0000
2026-09-07 16:17:18,103 INFO __main__: Step 15575 | silog: 0.5427 | l1: 0.5032 | edge: 0.2082 | smoothness: 0.0533 | planarity: 0.0152 | scale: 0.3341 | total: 1.1385 | irer_gate: 1.0000
2026-09-07 16:17:54,505 INFO __main__: Step 15625 | silog: 0.5631 | l1: 0.5119 | edge: 0.2313 | smoothness: 0.0586 | planarity: 0.0173 | scale: 0.3371 | total: 1.2093 | irer_gate: 1.0000
2026-09-07 16:18:30,961 INFO __main__: Step 15675 | silog: 0.5469 | l1: 0.4909 | edge: 0.2210 | smoothness: 0.0503 | planarity: 0.0153 | scale: 0.2983 | total: 1.1016 | irer_gate: 1.0000
2026-09-07 16:19:06,560 INFO __main__: Step 15725 | silog: 0.5234 | l1: 0.4768 | edge: 0.2172 | smoothness: 0.0507 | planarity: 0.0146 | scale: 0.2857 | total: 1.0382 | irer_gate: 1.0000
2026-09-07 16:19:42,947 INFO __main__: Step 15775 | silog: 0.5568 | l1: 0.5067 | edge: 0.2269 | smoothness: 0.0605 | planarity: 0.0163 | scale: 0.3084 | total: 1.1575 | irer_gate: 1.0000
2026-09-07 16:20:20,272 INFO __main__: Step 15825 | silog: 0.5440 | l1: 0.4723 | edge: 0.2191 | smoothness: 0.0553 | planarity: 0.0168 | scale: 0.2756 | total: 1.0532 | irer_gate: 1.0000
2026-09-07 16:20:56,266 INFO __main__: Step 15875 | silog: 0.5594 | l1: 0.5081 | edge: 0.2235 | smoothness: 0.0523 | planarity: 0.0158 | scale: 0.3330 | total: 1.1689 | irer_gate: 1.0000
2026-09-07 16:21:31,838 INFO __main__: Step 15925 | silog: 0.5245 | l1: 0.4562 | edge: 0.2233 | smoothness: 0.0551 | planarity: 0.0162 | scale: 0.2643 | total: 1.0004 | irer_gate: 1.0000
2026-09-07 16:22:07,224 INFO __main__: Step 15975 | silog: 0.5085 | l1: 0.4639 | edge: 0.2063 | smoothness: 0.0516 | planarity: 0.0153 | scale: 0.3102 | total: 1.0096 | irer_gate: 1.0000
2026-09-07 16:22:42,831 INFO __main__: Step 16025 | silog: 0.5080 | l1: 0.4407 | edge: 0.2175 | smoothness: 0.0527 | planarity: 0.0157 | scale: 0.2589 | total: 0.9432 | irer_gate: 1.0000
2026-09-07 16:23:19,365 INFO __main__: Step 16075 | silog: 0.5517 | l1: 0.4901 | edge: 0.2213 | smoothness: 0.0573 | planarity: 0.0167 | scale: 0.3016 | total: 1.1039 | irer_gate: 1.0000
2026-09-07 16:23:47,996 INFO __main__: Epoch 11/24 | Loss: 1.1367 | Metric AbsRel: 0.7393 (RMSE: 5.99m, d1: 28.2%) | Aligned AbsRel: 0.3256 (RMSE: 5.69m, d1: 49.2%) | IRER gate: 1.000 | Time: 666.7s
2026-09-07 16:23:48,584 INFO __main__: Checkpoint saved: /kaggle/working/outputs_center_ray/checkpoint.pt (epoch=12)
2026-09-07 16:23:49,058 INFO __main__: Curriculum: epoch 12 → difficulty 'easy' (11050 samples)
2026-09-07 16:23:57,985 INFO __main__: Step 16125 | silog: 0.5369 | l1: 0.4751 | edge: 0.2171 | smoothness: 0.0599 | planarity: 0.0157 | scale: 0.2871 | total: 1.0495 | irer_gate: 1.0000
2026-09-07 16:24:33,929 INFO __main__: Step 16175 | silog: 0.4975 | l1: 0.4793 | edge: 0.2211 | smoothness: 0.0523 | planarity: 0.0155 | scale: 0.3208 | total: 1.0354 | irer_gate: 1.0000
2026-09-07 16:25:10,230 INFO __main__: Step 16225 | silog: 0.5068 | l1: 0.4702 | edge: 0.2196 | smoothness: 0.0522 | planarity: 0.0159 | scale: 0.3108 | total: 1.0226 | irer_gate: 1.0000
2026-09-07 16:25:46,644 INFO __main__: Step 16275 | silog: 0.4869 | l1: 0.4495 | edge: 0.2132 | smoothness: 0.0543 | planarity: 0.0162 | scale: 0.2984 | total: 0.9556 | irer_gate: 1.0000
2026-09-07 16:26:22,330 INFO __main__: Step 16325 | silog: 0.4686 | l1: 0.4305 | edge: 0.2137 | smoothness: 0.0481 | planarity: 0.0155 | scale: 0.2632 | total: 0.8666 | irer_gate: 1.0000
2026-09-07 16:26:58,514 INFO __main__: Step 16375 | silog: 0.4769 | l1: 0.4412 | edge: 0.2156 | smoothness: 0.0511 | planarity: 0.0182 | scale: 0.2838 | total: 0.9157 | irer_gate: 1.0000
2026-09-07 16:27:33,990 INFO __main__: Step 16425 | silog: 0.4652 | l1: 0.4133 | edge: 0.2201 | smoothness: 0.0517 | planarity: 0.0162 | scale: 0.2510 | total: 0.8378 | irer_gate: 1.0000
2026-09-07 16:28:08,845 INFO __main__: Step 16475 | silog: 0.4803 | l1: 0.4440 | edge: 0.2153 | smoothness: 0.0457 | planarity: 0.0157 | scale: 0.2778 | total: 0.9023 | irer_gate: 1.0000
2026-09-07 16:28:45,234 INFO __main__: Step 16525 | silog: 0.4526 | l1: 0.4040 | edge: 0.2286 | smoothness: 0.0568 | planarity: 0.0159 | scale: 0.2506 | total: 0.8213 | irer_gate: 1.0000
2026-09-07 16:29:22,880 INFO __main__: Step 16575 | silog: 0.4844 | l1: 0.4482 | edge: 0.2150 | smoothness: 0.0537 | planarity: 0.0172 | scale: 0.2933 | total: 0.9327 | irer_gate: 1.0000
2026-09-07 16:30:00,586 INFO __main__: Step 16625 | silog: 0.4733 | l1: 0.4367 | edge: 0.2107 | smoothness: 0.0557 | planarity: 0.0153 | scale: 0.2868 | total: 0.8918 | irer_gate: 1.0000
2026-09-07 16:30:35,859 INFO __main__: Step 16675 | silog: 0.4434 | l1: 0.3975 | edge: 0.1993 | smoothness: 0.0520 | planarity: 0.0169 | scale: 0.2546 | total: 0.7599 | irer_gate: 1.0000
2026-09-07 16:31:11,182 INFO __main__: Step 16725 | silog: 0.4479 | l1: 0.4028 | edge: 0.2083 | smoothness: 0.0478 | planarity: 0.0149 | scale: 0.2383 | total: 0.7557 | irer_gate: 1.0000
2026-09-07 16:31:46,243 INFO __main__: Step 16775 | silog: 0.4593 | l1: 0.4079 | edge: 0.2191 | smoothness: 0.0510 | planarity: 0.0170 | scale: 0.2473 | total: 0.8002 | irer_gate: 1.0000
2026-09-07 16:32:21,667 INFO __main__: Step 16825 | silog: 0.4449 | l1: 0.4092 | edge: 0.2056 | smoothness: 0.0514 | planarity: 0.0159 | scale: 0.2708 | total: 0.7886 | irer_gate: 1.0000
2026-09-07 16:32:57,258 INFO __main__: Step 16875 | silog: 0.4594 | l1: 0.4249 | edge: 0.2020 | smoothness: 0.0503 | planarity: 0.0145 | scale: 0.2654 | total: 0.8092 | irer_gate: 1.0000
2026-09-07 16:33:32,606 INFO __main__: Step 16925 | silog: 0.4529 | l1: 0.4129 | edge: 0.2061 | smoothness: 0.0524 | planarity: 0.0146 | scale: 0.2610 | total: 0.7877 | irer_gate: 1.0000
2026-09-07 16:34:08,116 INFO __main__: Step 16975 | silog: 0.4578 | l1: 0.4390 | edge: 0.2139 | smoothness: 0.0489 | planarity: 0.0176 | scale: 0.2958 | total: 0.8651 | irer_gate: 1.0000
2026-09-07 16:34:43,363 INFO __main__: Step 17025 | silog: 0.4529 | l1: 0.4165 | edge: 0.1997 | smoothness: 0.0413 | planarity: 0.0153 | scale: 0.2711 | total: 0.7772 | irer_gate: 1.0000
2026-09-07 16:35:18,848 INFO __main__: Step 17075 | silog: 0.4460 | l1: 0.3948 | edge: 0.2158 | smoothness: 0.0576 | planarity: 0.0156 | scale: 0.2382 | total: 0.7463 | irer_gate: 1.0000
2026-09-07 16:35:54,532 INFO __main__: Step 17125 | silog: 0.4367 | l1: 0.3884 | edge: 0.2109 | smoothness: 0.0502 | planarity: 0.0151 | scale: 0.2473 | total: 0.7187 | irer_gate: 1.0000
2026-09-07 16:36:29,728 INFO __main__: Step 17175 | silog: 0.4560 | l1: 0.4131 | edge: 0.2032 | smoothness: 0.0461 | planarity: 0.0149 | scale: 0.2524 | total: 0.7590 | irer_gate: 1.0000
2026-09-07 16:37:04,663 INFO __main__: Step 17225 | silog: 0.4720 | l1: 0.4308 | edge: 0.2173 | smoothness: 0.0565 | planarity: 0.0157 | scale: 0.2773 | total: 0.8511 | irer_gate: 1.0000
2026-09-07 16:37:41,473 INFO __main__: Step 17275 | silog: 0.4557 | l1: 0.4185 | edge: 0.2071 | smoothness: 0.0503 | planarity: 0.0144 | scale: 0.2808 | total: 0.7969 | irer_gate: 1.0000
2026-09-07 16:38:17,707 INFO __main__: Step 17325 | silog: 0.4617 | l1: 0.4080 | edge: 0.2174 | smoothness: 0.0617 | planarity: 0.0155 | scale: 0.2634 | total: 0.7986 | irer_gate: 1.0000
2026-09-07 16:38:54,096 INFO __main__: Step 17375 | silog: 0.4586 | l1: 0.4128 | edge: 0.2188 | smoothness: 0.0597 | planarity: 0.0171 | scale: 0.2465 | total: 0.7825 | irer_gate: 1.0000
2026-09-07 16:39:29,554 INFO __main__: Step 17425 | silog: 0.4566 | l1: 0.4042 | edge: 0.2056 | smoothness: 0.0473 | planarity: 0.0139 | scale: 0.2631 | total: 0.7497 | irer_gate: 1.0000
2026-09-07 16:40:04,944 INFO __main__: Step 17475 | silog: 0.4560 | l1: 0.4184 | edge: 0.2110 | smoothness: 0.0545 | planarity: 0.0158 | scale: 0.2701 | total: 0.7873 | irer_gate: 1.0000
2026-09-07 16:41:25,837 INFO __main__: Epoch 12/24 | Loss: 0.8341 | Metric AbsRel: 0.8442 (RMSE: 5.98m, d1: 28.4%) | Aligned AbsRel: 0.3208 (RMSE: 5.88m, d1: 49.8%) | IRER gate: 1.000 | Time: 1056.8s
2026-09-07 16:41:26,390 INFO __main__: Checkpoint saved: /kaggle/working/outputs_center_ray/checkpoint.pt (epoch=13)
2026-09-07 16:41:46,273 INFO __main__: Step 17525 | silog: 0.4661 | l1: 0.4247 | edge: 0.2130 | smoothness: 0.0512 | planarity: 0.0167 | scale: 0.2644 | total: 0.7984 | irer_gate: 1.0000
2026-09-07 16:42:20,804 INFO __main__: Step 17575 | silog: 0.4467 | l1: 0.4038 | edge: 0.2190 | smoothness: 0.0549 | planarity: 0.0168 | scale: 0.2496 | total: 0.7443 | irer_gate: 1.0000
2026-09-07 16:42:57,508 INFO __main__: Step 17625 | silog: 0.4427 | l1: 0.4009 | edge: 0.2090 | smoothness: 0.0526 | planarity: 0.0155 | scale: 0.2612 | total: 0.7288 | irer_gate: 1.0000
2026-09-07 16:43:33,357 INFO __main__: Step 17675 | silog: 0.4738 | l1: 0.4149 | edge: 0.2097 | smoothness: 0.0558 | planarity: 0.0143 | scale: 0.2397 | total: 0.7619 | irer_gate: 1.0000
2026-09-07 16:44:09,817 INFO __main__: Step 17725 | silog: 0.4532 | l1: 0.3981 | edge: 0.2060 | smoothness: 0.0566 | planarity: 0.0155 | scale: 0.2576 | total: 0.7301 | irer_gate: 1.0000
2026-09-07 16:44:46,094 INFO __main__: Step 17775 | silog: 0.4561 | l1: 0.4113 | edge: 0.2055 | smoothness: 0.0493 | planarity: 0.0148 | scale: 0.2518 | total: 0.7305 | irer_gate: 1.0000
2026-09-07 16:45:23,629 INFO __main__: Step 17825 | silog: 0.4746 | l1: 0.4394 | edge: 0.2189 | smoothness: 0.0577 | planarity: 0.0160 | scale: 0.2736 | total: 0.8329 | irer_gate: 1.0000
2026-09-07 16:46:01,656 INFO __main__: Step 17875 | silog: 0.4395 | l1: 0.4013 | edge: 0.2038 | smoothness: 0.0479 | planarity: 0.0142 | scale: 0.2532 | total: 0.6906 | irer_gate: 1.0000
2026-09-07 16:46:37,033 INFO __main__: Step 17925 | silog: 0.4577 | l1: 0.4185 | edge: 0.2177 | smoothness: 0.0559 | planarity: 0.0156 | scale: 0.2684 | total: 0.7736 | irer_gate: 1.0000
2026-09-07 16:47:12,446 INFO __main__: Step 17975 | silog: 0.4549 | l1: 0.4055 | edge: 0.2144 | smoothness: 0.0509 | planarity: 0.0149 | scale: 0.2425 | total: 0.7158 | irer_gate: 1.0000
2026-09-07 16:47:47,932 INFO __main__: Step 18025 | silog: 0.4520 | l1: 0.4012 | edge: 0.2093 | smoothness: 0.0581 | planarity: 0.0151 | scale: 0.2547 | total: 0.7193 | irer_gate: 1.0000
2026-09-07 16:48:23,324 INFO __main__: Step 18075 | silog: 0.4557 | l1: 0.4110 | edge: 0.2059 | smoothness: 0.0550 | planarity: 0.0148 | scale: 0.2444 | total: 0.7144 | irer_gate: 1.0000
2026-09-07 16:48:58,899 INFO __main__: Step 18125 | silog: 0.4602 | l1: 0.4172 | edge: 0.2150 | smoothness: 0.0531 | planarity: 0.0156 | scale: 0.2708 | total: 0.7603 | irer_gate: 1.0000
2026-09-07 16:49:34,376 INFO __main__: Step 18175 | silog: 0.4334 | l1: 0.3996 | edge: 0.2052 | smoothness: 0.0508 | planarity: 0.0144 | scale: 0.2490 | total: 0.6660 | irer_gate: 1.0000
2026-09-07 16:50:10,059 INFO __main__: Step 18225 | silog: 0.4385 | l1: 0.3955 | edge: 0.2064 | smoothness: 0.0540 | planarity: 0.0149 | scale: 0.2463 | total: 0.6674 | irer_gate: 1.0000
2026-09-07 16:50:44,911 INFO __main__: Step 18275 | silog: 0.4619 | l1: 0.4107 | edge: 0.2057 | smoothness: 0.0534 | planarity: 0.0151 | scale: 0.2495 | total: 0.7131 | irer_gate: 1.0000
2026-09-07 16:51:21,510 INFO __main__: Step 18325 | silog: 0.4333 | l1: 0.3921 | edge: 0.2052 | smoothness: 0.0472 | planarity: 0.0160 | scale: 0.2400 | total: 0.6368 | irer_gate: 1.0000
2026-09-07 16:51:57,463 INFO __main__: Step 18375 | silog: 0.4570 | l1: 0.4044 | edge: 0.2207 | smoothness: 0.0605 | planarity: 0.0162 | scale: 0.2510 | total: 0.7235 | irer_gate: 1.0000
2026-09-07 16:52:33,403 INFO __main__: Step 18425 | silog: 0.4498 | l1: 0.3913 | edge: 0.2134 | smoothness: 0.0527 | planarity: 0.0149 | scale: 0.2275 | total: 0.6529 | irer_gate: 1.0000
2026-09-07 16:53:09,325 INFO __main__: Step 18475 | silog: 0.4384 | l1: 0.3942 | edge: 0.2087 | smoothness: 0.0501 | planarity: 0.0167 | scale: 0.2483 | total: 0.6536 | irer_gate: 1.0000
2026-09-07 16:53:44,363 INFO __main__: Step 18525 | silog: 0.4254 | l1: 0.3907 | edge: 0.2053 | smoothness: 0.0552 | planarity: 0.0157 | scale: 0.2383 | total: 0.6217 | irer_gate: 1.0000
2026-09-07 16:54:21,211 INFO __main__: Step 18575 | silog: 0.4624 | l1: 0.4283 | edge: 0.2127 | smoothness: 0.0532 | planarity: 0.0164 | scale: 0.2885 | total: 0.7676 | irer_gate: 1.0000
2026-09-07 16:54:58,537 INFO __main__: Step 18625 | silog: 0.4572 | l1: 0.4225 | edge: 0.2152 | smoothness: 0.0592 | planarity: 0.0161 | scale: 0.2711 | total: 0.7446 | irer_gate: 1.0000
2026-09-07 16:55:34,047 INFO __main__: Step 18675 | silog: 0.4384 | l1: 0.3860 | edge: 0.2143 | smoothness: 0.0522 | planarity: 0.0157 | scale: 0.2366 | total: 0.6306 | irer_gate: 1.0000
2026-09-07 16:56:11,021 INFO __main__: Step 18725 | silog: 0.4473 | l1: 0.4064 | edge: 0.2130 | smoothness: 0.0530 | planarity: 0.0155 | scale: 0.2613 | total: 0.6873 | irer_gate: 1.0000
2026-09-07 16:56:46,301 INFO __main__: Step 18775 | silog: 0.4366 | l1: 0.3901 | edge: 0.2055 | smoothness: 0.0523 | planarity: 0.0156 | scale: 0.2420 | total: 0.6227 | irer_gate: 1.0000
2026-09-07 16:57:21,465 INFO __main__: Step 18825 | silog: 0.4465 | l1: 0.4095 | edge: 0.2042 | smoothness: 0.0539 | planarity: 0.0154 | scale: 0.2512 | total: 0.6648 | irer_gate: 1.0000
2026-09-07 16:57:56,153 INFO __main__: Step 18875 | silog: 0.4485 | l1: 0.3944 | edge: 0.2053 | smoothness: 0.0516 | planarity: 0.0149 | scale: 0.2309 | total: 0.6239 | irer_gate: 1.0000
2026-09-07 16:57:58,728 INFO __main__: Epoch 13/24 | Loss: 0.7051 | Metric AbsRel: 0.8442 (RMSE: 5.98m, d1: 28.4%) | Aligned AbsRel: 0.3208 (RMSE: 5.88m, d1: 49.8%) | IRER gate: 1.000 | Time: 992.3s
2026-09-07 16:57:59,341 INFO __main__: Checkpoint saved: /kaggle/working/outputs_center_ray/checkpoint.pt (epoch=14)
2026-09-07 16:57:59,349 INFO __main__: Curriculum: epoch 14 requested 'medium' → using 'Hard' (TartanAir standard levels: 'Easy' and 'Hard') (7414 samples)
2026-09-07 16:58:35,409 INFO __main__: Step 18925 | silog: 0.5733 | l1: 0.5599 | edge: 0.2349 | smoothness: 0.0603 | planarity: 0.0166 | scale: 0.3881 | total: 1.1809 | irer_gate: 1.0000
2026-09-07 16:59:10,763 INFO __main__: Step 18975 | silog: 0.5517 | l1: 0.5164 | edge: 0.2201 | smoothness: 0.0505 | planarity: 0.0143 | scale: 0.3471 | total: 1.0261 | irer_gate: 1.0000
2026-09-07 16:59:46,103 INFO __main__: Step 19025 | silog: 0.5458 | l1: 0.4913 | edge: 0.2202 | smoothness: 0.0557 | planarity: 0.0148 | scale: 0.3224 | total: 0.9686 | irer_gate: 1.0000
2026-09-07 17:00:21,549 INFO __main__: Step 19075 | silog: 0.5240 | l1: 0.4626 | edge: 0.2089 | smoothness: 0.0487 | planarity: 0.0153 | scale: 0.2661 | total: 0.8272 | irer_gate: 1.0000
2026-09-07 17:00:56,711 INFO __main__: Step 19125 | silog: 0.5469 | l1: 0.4766 | edge: 0.2186 | smoothness: 0.0588 | planarity: 0.0177 | scale: 0.2960 | total: 0.9272 | irer_gate: 1.0000
2026-09-07 17:01:32,150 INFO __main__: Step 19175 | silog: 0.5152 | l1: 0.4661 | edge: 0.2141 | smoothness: 0.0604 | planarity: 0.0152 | scale: 0.3017 | total: 0.8728 | irer_gate: 1.0000
2026-09-07 17:02:07,356 INFO __main__: Step 19225 | silog: 0.5216 | l1: 0.4788 | edge: 0.2174 | smoothness: 0.0543 | planarity: 0.0160 | scale: 0.3117 | total: 0.9020 | irer_gate: 1.0000
2026-09-07 17:02:42,852 INFO __main__: Step 19275 | silog: 0.5293 | l1: 0.4634 | edge: 0.2216 | smoothness: 0.0647 | planarity: 0.0150 | scale: 0.2890 | total: 0.8850 | irer_gate: 1.0000
2026-09-07 17:03:17,972 INFO __main__: Step 19325 | silog: 0.5147 | l1: 0.4453 | edge: 0.2218 | smoothness: 0.0557 | planarity: 0.0157 | scale: 0.2599 | total: 0.8043 | irer_gate: 1.0000
2026-09-07 17:03:53,361 INFO __main__: Step 19375 | silog: 0.5420 | l1: 0.4888 | edge: 0.2169 | smoothness: 0.0559 | planarity: 0.0150 | scale: 0.2975 | total: 0.9200 | irer_gate: 1.0000
2026-09-07 17:04:28,831 INFO __main__: Step 19425 | silog: 0.5167 | l1: 0.4585 | edge: 0.2045 | smoothness: 0.0544 | planarity: 0.0151 | scale: 0.3028 | total: 0.8387 | irer_gate: 1.0000
2026-09-07 17:05:04,336 INFO __main__: Step 19475 | silog: 0.4916 | l1: 0.4358 | edge: 0.2320 | smoothness: 0.0693 | planarity: 0.0185 | scale: 0.2709 | total: 0.8019 | irer_gate: 1.0000
2026-09-07 17:05:39,596 INFO __main__: Step 19525 | silog: 0.4987 | l1: 0.4359 | edge: 0.2120 | smoothness: 0.0572 | planarity: 0.0159 | scale: 0.2656 | total: 0.7619 | irer_gate: 1.0000
2026-09-07 17:06:14,836 INFO __main__: Step 19575 | silog: 0.4982 | l1: 0.4214 | edge: 0.2158 | smoothness: 0.0584 | planarity: 0.0157 | scale: 0.2403 | total: 0.7223 | irer_gate: 1.0000
2026-09-07 17:06:49,926 INFO __main__: Step 19625 | silog: 0.5074 | l1: 0.4332 | edge: 0.2135 | smoothness: 0.0587 | planarity: 0.0157 | scale: 0.2491 | total: 0.7518 | irer_gate: 1.0000
2026-09-07 17:07:25,066 INFO __main__: Step 19675 | silog: 0.4965 | l1: 0.4261 | edge: 0.2226 | smoothness: 0.0630 | planarity: 0.0162 | scale: 0.2490 | total: 0.7444 | irer_gate: 1.0000
2026-09-07 17:08:00,098 INFO __main__: Step 19725 | silog: 0.5116 | l1: 0.4529 | edge: 0.2090 | smoothness: 0.0542 | planarity: 0.0163 | scale: 0.2997 | total: 0.8175 | irer_gate: 1.0000
2026-09-07 17:08:35,158 INFO __main__: Step 19775 | silog: 0.5244 | l1: 0.4725 | edge: 0.2255 | smoothness: 0.0583 | planarity: 0.0167 | scale: 0.2982 | total: 0.8801 | irer_gate: 1.0000
2026-09-07 17:10:02,942 INFO __main__: Epoch 14/24 | Loss: 0.8670 | Metric AbsRel: 0.5614 (RMSE: 5.85m, d1: 34.2%) | Aligned AbsRel: 0.3015 (RMSE: 5.43m, d1: 49.5%) | IRER gate: 1.000 | Time: 723.1s
2026-09-07 17:10:03,505 INFO __main__: Checkpoint saved: /kaggle/working/outputs_center_ray/checkpoint.pt (epoch=15)
2026-09-07 17:10:18,627 INFO __main__: Step 19825 | silog: 0.5125 | l1: 0.4481 | edge: 0.2106 | smoothness: 0.0582 | planarity: 0.0148 | scale: 0.2843 | total: 0.7990 | irer_gate: 1.0000
2026-09-07 17:10:53,793 INFO __main__: Step 19875 | silog: 0.5041 | l1: 0.4309 | edge: 0.2117 | smoothness: 0.0608 | planarity: 0.0151 | scale: 0.2630 | total: 0.7495 | irer_gate: 1.0000
2026-09-07 17:11:28,745 INFO __main__: Step 19925 | silog: 0.5059 | l1: 0.4373 | edge: 0.2181 | smoothness: 0.0615 | planarity: 0.0163 | scale: 0.2622 | total: 0.7669 | irer_gate: 1.0000
2026-09-07 17:12:04,361 INFO __main__: Step 19975 | silog: 0.5060 | l1: 0.4399 | edge: 0.2118 | smoothness: 0.0645 | planarity: 0.0148 | scale: 0.2669 | total: 0.7671 | irer_gate: 1.0000
2026-09-07 17:12:40,141 INFO __main__: Step 20025 | silog: 0.5157 | l1: 0.4435 | edge: 0.2129 | smoothness: 0.0591 | planarity: 0.0157 | scale: 0.2618 | total: 0.7723 | irer_gate: 1.0000
2026-09-07 17:13:17,371 INFO __main__: Step 20075 | silog: 0.4731 | l1: 0.4064 | edge: 0.2154 | smoothness: 0.0615 | planarity: 0.0153 | scale: 0.2323 | total: 0.6478 | irer_gate: 1.0000
2026-09-07 17:13:52,230 INFO __main__: Step 20125 | silog: 0.5280 | l1: 0.4526 | edge: 0.2327 | smoothness: 0.0674 | planarity: 0.0170 | scale: 0.2718 | total: 0.8408 | irer_gate: 1.0000
2026-09-07 17:14:26,913 INFO __main__: Step 20175 | silog: 0.4927 | l1: 0.4099 | edge: 0.2058 | smoothness: 0.0658 | planarity: 0.0149 | scale: 0.2128 | total: 0.6457 | irer_gate: 1.0000
2026-09-07 17:15:01,601 INFO __main__: Step 20225 | silog: 0.5151 | l1: 0.4337 | edge: 0.2294 | smoothness: 0.0617 | planarity: 0.0167 | scale: 0.2358 | total: 0.7498 | irer_gate: 1.0000
2026-09-07 17:15:36,645 INFO __main__: Step 20275 | silog: 0.4910 | l1: 0.4222 | edge: 0.2126 | smoothness: 0.0586 | planarity: 0.0151 | scale: 0.2371 | total: 0.6789 | irer_gate: 1.0000
2026-09-07 17:16:11,165 INFO __main__: Step 20325 | silog: 0.4888 | l1: 0.3965 | edge: 0.2200 | smoothness: 0.0634 | planarity: 0.0152 | scale: 0.2109 | total: 0.6314 | irer_gate: 1.0000
2026-09-07 17:16:46,121 INFO __main__: Step 20375 | silog: 0.5044 | l1: 0.4280 | edge: 0.2070 | smoothness: 0.0617 | planarity: 0.0157 | scale: 0.2596 | total: 0.7186 | irer_gate: 1.0000
2026-09-07 17:17:20,570 INFO __main__: Step 20425 | silog: 0.4892 | l1: 0.4155 | edge: 0.2169 | smoothness: 0.0689 | planarity: 0.0160 | scale: 0.2378 | total: 0.6818 | irer_gate: 1.0000
2026-09-07 17:17:55,321 INFO __main__: Step 20475 | silog: 0.4695 | l1: 0.4070 | edge: 0.2135 | smoothness: 0.0639 | planarity: 0.0158 | scale: 0.2525 | total: 0.6489 | irer_gate: 1.0000
2026-09-07 17:18:30,199 INFO __main__: Step 20525 | silog: 0.4879 | l1: 0.4447 | edge: 0.2199 | smoothness: 0.0626 | planarity: 0.0175 | scale: 0.2826 | total: 0.7548 | irer_gate: 1.0000
2026-09-07 17:19:05,049 INFO __main__: Step 20575 | silog: 0.4820 | l1: 0.4318 | edge: 0.2110 | smoothness: 0.0633 | planarity: 0.0158 | scale: 0.2680 | total: 0.7029 | irer_gate: 1.0000
2026-09-07 17:19:39,890 INFO __main__: Step 20625 | silog: 0.5130 | l1: 0.4485 | edge: 0.2148 | smoothness: 0.0559 | planarity: 0.0154 | scale: 0.2574 | total: 0.7454 | irer_gate: 1.0000
2026-09-07 17:20:14,657 INFO __main__: Step 20675 | silog: 0.5010 | l1: 0.4193 | edge: 0.2233 | smoothness: 0.0689 | planarity: 0.0170 | scale: 0.2408 | total: 0.7044 | irer_gate: 1.0000
2026-09-07 17:20:48,851 INFO __main__: Step 20725 | silog: 0.4924 | l1: 0.4372 | edge: 0.2144 | smoothness: 0.0619 | planarity: 0.0177 | scale: 0.2681 | total: 0.7222 | irer_gate: 1.0000
2026-09-07 17:20:52,654 INFO __main__: Epoch 15/24 | Loss: 0.7215 | Metric AbsRel: 0.5614 (RMSE: 5.85m, d1: 34.2%) | Aligned AbsRel: 0.3015 (RMSE: 5.43m, d1: 49.5%) | IRER gate: 1.000 | Time: 649.1s
2026-09-07 17:20:53,226 INFO __main__: Checkpoint saved: /kaggle/working/outputs_center_ray/checkpoint.pt (epoch=16)
2026-09-07 17:20:53,912 INFO __main__: Curriculum: epoch 16 → difficulty 'easy' (11050 samples)
2026-09-07 17:21:27,542 INFO __main__: Step 20775 | silog: 0.4966 | l1: 0.4726 | edge: 0.2154 | smoothness: 0.0502 | planarity: 0.0165 | scale: 0.3130 | total: 0.7998 | irer_gate: 1.0000
2026-09-07 17:22:02,511 INFO __main__: Step 20825 | silog: 0.4644 | l1: 0.4129 | edge: 0.2115 | smoothness: 0.0497 | planarity: 0.0140 | scale: 0.2559 | total: 0.6182 | irer_gate: 1.0000
2026-09-07 17:22:37,790 INFO __main__: Step 20875 | silog: 0.4928 | l1: 0.4308 | edge: 0.2232 | smoothness: 0.0496 | planarity: 0.0161 | scale: 0.2396 | total: 0.6744 | irer_gate: 1.0000
2026-09-07 17:23:12,747 INFO __main__: Step 20925 | silog: 0.4469 | l1: 0.3970 | edge: 0.2106 | smoothness: 0.0518 | planarity: 0.0149 | scale: 0.2323 | total: 0.5508 | irer_gate: 1.0000
2026-09-07 17:23:47,933 INFO __main__: Step 20975 | silog: 0.4471 | l1: 0.4095 | edge: 0.2080 | smoothness: 0.0527 | planarity: 0.0156 | scale: 0.2634 | total: 0.5939 | irer_gate: 1.0000
2026-09-07 17:24:22,919 INFO __main__: Step 21025 | silog: 0.4552 | l1: 0.4005 | edge: 0.2145 | smoothness: 0.0555 | planarity: 0.0153 | scale: 0.2513 | total: 0.5896 | irer_gate: 1.0000
2026-09-07 17:24:57,735 INFO __main__: Step 21075 | silog: 0.4411 | l1: 0.4044 | edge: 0.2087 | smoothness: 0.0560 | planarity: 0.0158 | scale: 0.2732 | total: 0.5897 | irer_gate: 1.0000
2026-09-07 17:25:32,584 INFO __main__: Step 21125 | silog: 0.4471 | l1: 0.4169 | edge: 0.2084 | smoothness: 0.0563 | planarity: 0.0160 | scale: 0.2807 | total: 0.6181 | irer_gate: 1.0000
2026-09-07 17:26:07,813 INFO __main__: Step 21175 | silog: 0.4731 | l1: 0.4483 | edge: 0.2156 | smoothness: 0.0549 | planarity: 0.0174 | scale: 0.3138 | total: 0.7297 | irer_gate: 1.0000
2026-09-07 17:26:42,728 INFO __main__: Step 21225 | silog: 0.4564 | l1: 0.4184 | edge: 0.2102 | smoothness: 0.0504 | planarity: 0.0155 | scale: 0.2768 | total: 0.6182 | irer_gate: 1.0000
2026-09-07 17:27:17,680 INFO __main__: Step 21275 | silog: 0.4385 | l1: 0.3957 | edge: 0.2085 | smoothness: 0.0551 | planarity: 0.0153 | scale: 0.2398 | total: 0.5314 | irer_gate: 1.0000
2026-09-07 17:27:52,839 INFO __main__: Step 21325 | silog: 0.4360 | l1: 0.4049 | edge: 0.2025 | smoothness: 0.0509 | planarity: 0.0144 | scale: 0.2617 | total: 0.5453 | irer_gate: 1.0000
2026-09-07 17:28:27,559 INFO __main__: Step 21375 | silog: 0.4455 | l1: 0.3933 | edge: 0.2109 | smoothness: 0.0580 | planarity: 0.0153 | scale: 0.2378 | total: 0.5369 | irer_gate: 1.0000
2026-09-07 17:29:02,402 INFO __main__: Step 21425 | silog: 0.4674 | l1: 0.4088 | edge: 0.2173 | smoothness: 0.0521 | planarity: 0.0174 | scale: 0.2455 | total: 0.5919 | irer_gate: 1.0000
2026-09-07 17:29:37,397 INFO __main__: Step 21475 | silog: 0.4580 | l1: 0.3985 | edge: 0.2160 | smoothness: 0.0533 | planarity: 0.0157 | scale: 0.2304 | total: 0.5474 | irer_gate: 1.0000
2026-09-07 17:30:12,362 INFO __main__: Step 21525 | silog: 0.4335 | l1: 0.3969 | edge: 0.2150 | smoothness: 0.0601 | planarity: 0.0172 | scale: 0.2425 | total: 0.5329 | irer_gate: 1.0000
2026-09-07 17:30:47,477 INFO __main__: Step 21575 | silog: 0.4357 | l1: 0.3825 | edge: 0.2099 | smoothness: 0.0520 | planarity: 0.0165 | scale: 0.2357 | total: 0.4918 | irer_gate: 1.0000
2026-09-07 17:31:22,354 INFO __main__: Step 21625 | silog: 0.4353 | l1: 0.3827 | edge: 0.2115 | smoothness: 0.0607 | planarity: 0.0157 | scale: 0.2482 | total: 0.5131 | irer_gate: 1.0000
2026-09-07 17:31:57,206 INFO __main__: Step 21675 | silog: 0.4556 | l1: 0.4154 | edge: 0.2056 | smoothness: 0.0534 | planarity: 0.0164 | scale: 0.2860 | total: 0.5992 | irer_gate: 1.0000
2026-09-07 17:32:31,904 INFO __main__: Step 21725 | silog: 0.4351 | l1: 0.4010 | edge: 0.2121 | smoothness: 0.0529 | planarity: 0.0151 | scale: 0.2615 | total: 0.5339 | irer_gate: 1.0000
2026-09-07 17:33:06,908 INFO __main__: Step 21775 | silog: 0.4578 | l1: 0.4102 | edge: 0.2135 | smoothness: 0.0532 | planarity: 0.0169 | scale: 0.2488 | total: 0.5637 | irer_gate: 1.0000
2026-09-07 17:33:41,955 INFO __main__: Step 21825 | silog: 0.4387 | l1: 0.3839 | edge: 0.2194 | smoothness: 0.0553 | planarity: 0.0163 | scale: 0.2309 | total: 0.4953 | irer_gate: 1.0000
2026-09-07 17:34:16,997 INFO __main__: Step 21875 | silog: 0.4192 | l1: 0.3742 | edge: 0.2029 | smoothness: 0.0512 | planarity: 0.0151 | scale: 0.2155 | total: 0.4129 | irer_gate: 1.0000
2026-09-07 17:34:52,043 INFO __main__: Step 21925 | silog: 0.4436 | l1: 0.4053 | edge: 0.2032 | smoothness: 0.0526 | planarity: 0.0165 | scale: 0.2667 | total: 0.5351 | irer_gate: 1.0000
2026-09-07 17:35:27,182 INFO __main__: Step 21975 | silog: 0.4169 | l1: 0.3572 | edge: 0.1998 | smoothness: 0.0584 | planarity: 0.0137 | scale: 0.2073 | total: 0.3781 | irer_gate: 1.0000
2026-09-07 17:36:02,122 INFO __main__: Step 22025 | silog: 0.4279 | l1: 0.3941 | edge: 0.2072 | smoothness: 0.0574 | planarity: 0.0153 | scale: 0.2495 | total: 0.4879 | irer_gate: 1.0000
2026-09-07 17:36:37,368 INFO __main__: Step 22075 | silog: 0.4339 | l1: 0.3858 | edge: 0.2049 | smoothness: 0.0502 | planarity: 0.0157 | scale: 0.2439 | total: 0.4656 | irer_gate: 1.0000
2026-09-07 17:38:08,383 INFO __main__: Epoch 16/24 | Loss: 0.5608 | Metric AbsRel: 0.8811 (RMSE: 6.32m, d1: 27.1%) | Aligned AbsRel: 0.3175 (RMSE: 5.77m, d1: 52.1%) | IRER gate: 1.000 | Time: 1034.5s
2026-09-07 17:38:08,951 INFO __main__: Checkpoint saved: /kaggle/working/outputs_center_ray/checkpoint.pt (epoch=17)
2026-09-07 17:38:08,958 INFO __main__: Curriculum: epoch 17 requested 'medium' → using 'Hard' (TartanAir standard levels: 'Easy' and 'Hard') (7414 samples)
2026-09-07 17:38:22,203 INFO __main__: Step 22125 | silog: 0.4840 | l1: 0.4715 | edge: 0.2146 | smoothness: 0.0584 | planarity: 0.0166 | scale: 0.3277 | total: 0.7425 | irer_gate: 1.0000
2026-09-07 17:38:57,686 INFO __main__: Step 22175 | silog: 0.5926 | l1: 0.5554 | edge: 0.2093 | smoothness: 0.0388 | planarity: 0.0166 | scale: 0.3813 | total: 1.0077 | irer_gate: 1.0000
2026-09-07 17:39:33,352 INFO __main__: Step 22225 | silog: 0.5451 | l1: 0.4734 | edge: 0.2301 | smoothness: 0.0538 | planarity: 0.0173 | scale: 0.2850 | total: 0.7915 | irer_gate: 1.0000
2026-09-07 17:40:09,934 INFO __main__: Step 22275 | silog: 0.4967 | l1: 0.4374 | edge: 0.2114 | smoothness: 0.0650 | planarity: 0.0178 | scale: 0.2785 | total: 0.6668 | irer_gate: 1.0000
2026-09-07 17:40:46,304 INFO __main__: Step 22325 | silog: 0.4766 | l1: 0.4258 | edge: 0.2089 | smoothness: 0.0616 | planarity: 0.0177 | scale: 0.2675 | total: 0.6063 | irer_gate: 1.0000
2026-09-07 17:41:22,513 INFO __main__: Step 22375 | silog: 0.5002 | l1: 0.4531 | edge: 0.2217 | smoothness: 0.0585 | planarity: 0.0154 | scale: 0.2969 | total: 0.7084 | irer_gate: 1.0000
2026-09-07 17:41:58,544 INFO __main__: Step 22425 | silog: 0.5027 | l1: 0.4254 | edge: 0.2048 | smoothness: 0.0547 | planarity: 0.0141 | scale: 0.2625 | total: 0.6130 | irer_gate: 1.0000
2026-09-07 17:42:34,352 INFO __main__: Step 22475 | silog: 0.5125 | l1: 0.4308 | edge: 0.2209 | smoothness: 0.0629 | planarity: 0.0144 | scale: 0.2389 | total: 0.6381 | irer_gate: 1.0000
2026-09-07 17:43:09,987 INFO __main__: Step 22525 | silog: 0.4892 | l1: 0.4191 | edge: 0.2195 | smoothness: 0.0666 | planarity: 0.0148 | scale: 0.2427 | total: 0.5984 | irer_gate: 1.0000
2026-09-07 17:43:45,742 INFO __main__: Step 22575 | silog: 0.4857 | l1: 0.4169 | edge: 0.2161 | smoothness: 0.0552 | planarity: 0.0156 | scale: 0.2370 | total: 0.5656 | irer_gate: 1.0000
2026-09-07 17:44:21,569 INFO __main__: Step 22625 | silog: 0.4934 | l1: 0.4190 | edge: 0.2109 | smoothness: 0.0583 | planarity: 0.0147 | scale: 0.2303 | total: 0.5656 | irer_gate: 1.0000
2026-09-07 17:44:57,125 INFO __main__: Step 22675 | silog: 0.4827 | l1: 0.4199 | edge: 0.2116 | smoothness: 0.0583 | planarity: 0.0165 | scale: 0.2499 | total: 0.5734 | irer_gate: 1.0000
2026-09-07 17:45:32,748 INFO __main__: Step 22725 | silog: 0.5155 | l1: 0.4414 | edge: 0.2136 | smoothness: 0.0637 | planarity: 0.0161 | scale: 0.2590 | total: 0.6590 | irer_gate: 1.0000
2026-09-07 17:46:08,160 INFO __main__: Step 22775 | silog: 0.4875 | l1: 0.4237 | edge: 0.2208 | smoothness: 0.0746 | planarity: 0.0166 | scale: 0.2525 | total: 0.6159 | irer_gate: 1.0000
2026-09-07 17:46:43,564 INFO __main__: Step 22825 | silog: 0.4590 | l1: 0.3965 | edge: 0.2091 | smoothness: 0.0602 | planarity: 0.0147 | scale: 0.2184 | total: 0.4733 | irer_gate: 1.0000
2026-09-07 17:47:18,940 INFO __main__: Step 22875 | silog: 0.4997 | l1: 0.4212 | edge: 0.2099 | smoothness: 0.0590 | planarity: 0.0161 | scale: 0.2440 | total: 0.5819 | irer_gate: 1.0000
2026-09-07 17:47:54,530 INFO __main__: Step 22925 | silog: 0.4808 | l1: 0.4097 | edge: 0.2163 | smoothness: 0.0674 | planarity: 0.0169 | scale: 0.2356 | total: 0.5526 | irer_gate: 1.0000
2026-09-07 17:48:30,219 INFO __main__: Step 22975 | silog: 0.4790 | l1: 0.4142 | edge: 0.2165 | smoothness: 0.0686 | planarity: 0.0174 | scale: 0.2434 | total: 0.5643 | irer_gate: 1.0000
2026-09-07 17:49:05,535 INFO __main__: Step 23025 | silog: 0.4960 | l1: 0.4068 | edge: 0.2158 | smoothness: 0.0707 | planarity: 0.0167 | scale: 0.2211 | total: 0.5533 | irer_gate: 1.0000
2026-09-07 17:49:13,825 INFO __main__: Epoch 17/24 | Loss: 0.6366 | Metric AbsRel: 0.8811 (RMSE: 6.32m, d1: 27.1%) | Aligned AbsRel: 0.3175 (RMSE: 5.77m, d1: 52.1%) | IRER gate: 1.000 | Time: 664.2s
2026-09-07 17:49:14,402 INFO __main__: Checkpoint saved: /kaggle/working/outputs_center_ray/checkpoint.pt (epoch=18)
2026-09-07 17:49:41,598 INFO __main__: Step 23075 | silog: 0.4810 | l1: 0.4054 | edge: 0.2151 | smoothness: 0.0645 | planarity: 0.0163 | scale: 0.2354 | total: 0.5354 | irer_gate: 1.0000
2026-09-07 17:50:16,767 INFO __main__: Step 23125 | silog: 0.4955 | l1: 0.4238 | edge: 0.2031 | smoothness: 0.0581 | planarity: 0.0143 | scale: 0.2552 | total: 0.5695 | irer_gate: 1.0000
2026-09-07 17:50:52,179 INFO __main__: Step 23175 | silog: 0.4697 | l1: 0.3890 | edge: 0.2152 | smoothness: 0.0657 | planarity: 0.0169 | scale: 0.2122 | total: 0.4752 | irer_gate: 1.0000
2026-09-07 17:51:27,655 INFO __main__: Step 23225 | silog: 0.4777 | l1: 0.3915 | edge: 0.2129 | smoothness: 0.0657 | planarity: 0.0157 | scale: 0.2189 | total: 0.4891 | irer_gate: 1.0000
2026-09-07 17:52:03,557 INFO __main__: Step 23275 | silog: 0.4663 | l1: 0.3797 | edge: 0.2066 | smoothness: 0.0668 | planarity: 0.0158 | scale: 0.2011 | total: 0.4329 | irer_gate: 1.0000
2026-09-07 17:52:38,966 INFO __main__: Step 23325 | silog: 0.4721 | l1: 0.4017 | edge: 0.2173 | smoothness: 0.0705 | planarity: 0.0157 | scale: 0.2342 | total: 0.5176 | irer_gate: 1.0000
2026-09-07 17:53:14,410 INFO __main__: Step 23375 | silog: 0.4710 | l1: 0.3958 | edge: 0.2027 | smoothness: 0.0600 | planarity: 0.0147 | scale: 0.2064 | total: 0.4455 | irer_gate: 1.0000
2026-09-07 17:53:49,772 INFO __main__: Step 23425 | silog: 0.4784 | l1: 0.4041 | edge: 0.2092 | smoothness: 0.0627 | planarity: 0.0156 | scale: 0.2284 | total: 0.4982 | irer_gate: 1.0000
2026-09-07 17:54:25,094 INFO __main__: Step 23475 | silog: 0.4752 | l1: 0.4144 | edge: 0.2158 | smoothness: 0.0619 | planarity: 0.0154 | scale: 0.2426 | total: 0.5263 | irer_gate: 1.0000
2026-09-07 17:55:00,334 INFO __main__: Step 23525 | silog: 0.4746 | l1: 0.4090 | edge: 0.2104 | smoothness: 0.0625 | planarity: 0.0158 | scale: 0.2621 | total: 0.5307 | irer_gate: 1.0000
2026-09-07 17:55:36,517 INFO __main__: Step 23575 | silog: 0.4968 | l1: 0.4126 | edge: 0.2252 | smoothness: 0.0648 | planarity: 0.0162 | scale: 0.2255 | total: 0.5483 | irer_gate: 1.0000
2026-09-07 17:56:12,958 INFO __main__: Step 23625 | silog: 0.4822 | l1: 0.4046 | edge: 0.2048 | smoothness: 0.0613 | planarity: 0.0144 | scale: 0.2204 | total: 0.4795 | irer_gate: 1.0000
2026-09-07 17:56:50,598 INFO __main__: Step 23675 | silog: 0.4645 | l1: 0.3917 | edge: 0.2066 | smoothness: 0.0681 | planarity: 0.0162 | scale: 0.2361 | total: 0.4672 | irer_gate: 1.0000
2026-09-07 17:57:26,020 INFO __main__: Step 23725 | silog: 0.4849 | l1: 0.4165 | edge: 0.2170 | smoothness: 0.0649 | planarity: 0.0164 | scale: 0.2397 | total: 0.5368 | irer_gate: 1.0000
2026-09-07 17:58:01,267 INFO __main__: Step 23775 | silog: 0.4779 | l1: 0.4130 | edge: 0.2033 | smoothness: 0.0584 | planarity: 0.0153 | scale: 0.2450 | total: 0.4997 | irer_gate: 1.0000
2026-09-07 17:58:37,070 INFO __main__: Step 23825 | silog: 0.4956 | l1: 0.4101 | edge: 0.2087 | smoothness: 0.0640 | planarity: 0.0152 | scale: 0.2406 | total: 0.5263 | irer_gate: 1.0000
2026-09-07 17:59:14,034 INFO __main__: Step 23875 | silog: 0.5196 | l1: 0.4324 | edge: 0.2221 | smoothness: 0.0660 | planarity: 0.0163 | scale: 0.2415 | total: 0.6061 | irer_gate: 1.0000
2026-09-07 17:59:49,732 INFO __main__: Step 23925 | silog: 0.4575 | l1: 0.3906 | edge: 0.2079 | smoothness: 0.0726 | planarity: 0.0157 | scale: 0.2455 | total: 0.4630 | irer_gate: 1.0000
2026-09-07 18:01:23,329 INFO __main__: Epoch 18/24 | Loss: 0.5045 | Metric AbsRel: 0.7255 (RMSE: 6.34m, d1: 29.8%) | Aligned AbsRel: 0.2914 (RMSE: 5.52m, d1: 53.6%) | IRER gate: 1.000 | Time: 728.9s
2026-09-07 18:01:23,885 INFO __main__: Checkpoint saved: /kaggle/working/outputs_center_ray/checkpoint.pt (epoch=19)
2026-09-07 18:01:24,602 INFO __main__: Curriculum: epoch 19 → difficulty 'easy' (11050 samples)
2026-09-07 18:01:35,570 INFO __main__: Step 23975 | silog: 0.4647 | l1: 0.4049 | edge: 0.2070 | smoothness: 0.0616 | planarity: 0.0153 | scale: 0.2436 | total: 0.4711 | irer_gate: 1.0000
2026-09-07 18:02:10,886 INFO __main__: Step 24025 | silog: 0.4770 | l1: 0.4286 | edge: 0.2105 | smoothness: 0.0515 | planarity: 0.0140 | scale: 0.2786 | total: 0.5402 | irer_gate: 1.0000
2026-09-07 18:02:46,458 INFO __main__: Step 24075 | silog: 0.4675 | l1: 0.4209 | edge: 0.2207 | smoothness: 0.0486 | planarity: 0.0144 | scale: 0.2584 | total: 0.5052 | irer_gate: 1.0000
2026-09-07 18:03:22,067 INFO __main__: Step 24125 | silog: 0.4604 | l1: 0.4110 | edge: 0.2129 | smoothness: 0.0547 | planarity: 0.0148 | scale: 0.2450 | total: 0.4654 | irer_gate: 1.0000
2026-09-07 18:03:57,908 INFO __main__: Step 24175 | silog: 0.4563 | l1: 0.4136 | edge: 0.2158 | smoothness: 0.0512 | planarity: 0.0158 | scale: 0.2611 | total: 0.4771 | irer_gate: 1.0000
2026-09-07 18:04:33,505 INFO __main__: Step 24225 | silog: 0.4507 | l1: 0.4084 | edge: 0.2116 | smoothness: 0.0521 | planarity: 0.0151 | scale: 0.2559 | total: 0.4502 | irer_gate: 1.0000
2026-09-07 18:05:09,149 INFO __main__: Step 24275 | silog: 0.4372 | l1: 0.3873 | edge: 0.2171 | smoothness: 0.0577 | planarity: 0.0155 | scale: 0.2325 | total: 0.3941 | irer_gate: 1.0000
2026-09-07 18:05:44,471 INFO __main__: Step 24325 | silog: 0.4502 | l1: 0.3965 | edge: 0.2208 | smoothness: 0.0585 | planarity: 0.0157 | scale: 0.2362 | total: 0.4298 | irer_gate: 1.0000
2026-09-07 18:06:20,215 INFO __main__: Step 24375 | silog: 0.4374 | l1: 0.3971 | edge: 0.2107 | smoothness: 0.0512 | planarity: 0.0142 | scale: 0.2526 | total: 0.4027 | irer_gate: 1.0000
2026-09-07 18:06:56,061 INFO __main__: Step 24425 | silog: 0.4373 | l1: 0.3840 | edge: 0.2078 | smoothness: 0.0550 | planarity: 0.0147 | scale: 0.2240 | total: 0.3561 | irer_gate: 1.0000
2026-09-07 18:07:31,838 INFO __main__: Step 24475 | silog: 0.4286 | l1: 0.4019 | edge: 0.2011 | smoothness: 0.0482 | planarity: 0.0131 | scale: 0.2556 | total: 0.3772 | irer_gate: 1.0000
2026-09-07 18:08:07,651 INFO __main__: Step 24525 | silog: 0.4264 | l1: 0.3815 | edge: 0.2029 | smoothness: 0.0551 | planarity: 0.0141 | scale: 0.2438 | total: 0.3460 | irer_gate: 1.0000
2026-09-07 18:08:43,456 INFO __main__: Step 24575 | silog: 0.4383 | l1: 0.3790 | edge: 0.2151 | smoothness: 0.0566 | planarity: 0.0159 | scale: 0.2158 | total: 0.3478 | irer_gate: 1.0000
2026-09-07 18:09:18,945 INFO __main__: Step 24625 | silog: 0.4269 | l1: 0.3685 | edge: 0.2048 | smoothness: 0.0557 | planarity: 0.0146 | scale: 0.2144 | total: 0.2986 | irer_gate: 1.0000
2026-09-07 18:09:54,482 INFO __main__: Step 24675 | silog: 0.4400 | l1: 0.3877 | edge: 0.2045 | smoothness: 0.0583 | planarity: 0.0161 | scale: 0.2356 | total: 0.3638 | irer_gate: 1.0000
2026-09-07 18:10:30,269 INFO __main__: Step 24725 | silog: 0.4407 | l1: 0.3896 | edge: 0.2204 | smoothness: 0.0590 | planarity: 0.0183 | scale: 0.2409 | total: 0.3943 | irer_gate: 1.0000
2026-09-07 18:11:06,249 INFO __main__: Step 24775 | silog: 0.4290 | l1: 0.3845 | edge: 0.2053 | smoothness: 0.0534 | planarity: 0.0143 | scale: 0.2381 | total: 0.3344 | irer_gate: 1.0000
2026-09-07 18:11:42,164 INFO __main__: Step 24825 | silog: 0.4228 | l1: 0.3765 | edge: 0.2011 | smoothness: 0.0510 | planarity: 0.0146 | scale: 0.2304 | total: 0.2972 | irer_gate: 1.0000
2026-09-07 18:12:17,791 INFO __main__: Step 24875 | silog: 0.4422 | l1: 0.3903 | edge: 0.2068 | smoothness: 0.0545 | planarity: 0.0147 | scale: 0.2289 | total: 0.3489 | irer_gate: 1.0000
2026-09-07 18:12:53,551 INFO __main__: Step 24925 | silog: 0.4295 | l1: 0.3673 | edge: 0.2227 | smoothness: 0.0598 | planarity: 0.0158 | scale: 0.2076 | total: 0.3071 | irer_gate: 1.0000
2026-09-07 18:13:29,217 INFO __main__: Step 24975 | silog: 0.4357 | l1: 0.3847 | edge: 0.1976 | smoothness: 0.0529 | planarity: 0.0149 | scale: 0.2393 | total: 0.3243 | irer_gate: 1.0000
2026-09-07 18:14:04,675 INFO __main__: Step 25025 | silog: 0.4365 | l1: 0.3870 | edge: 0.2073 | smoothness: 0.0585 | planarity: 0.0152 | scale: 0.2235 | total: 0.3301 | irer_gate: 1.0000
2026-09-07 18:14:40,521 INFO __main__: Step 25075 | silog: 0.4389 | l1: 0.4008 | edge: 0.2024 | smoothness: 0.0535 | planarity: 0.0159 | scale: 0.2492 | total: 0.3620 | irer_gate: 1.0000
2026-09-07 18:15:16,254 INFO __main__: Step 25125 | silog: 0.4217 | l1: 0.3858 | edge: 0.1967 | smoothness: 0.0536 | planarity: 0.0146 | scale: 0.2514 | total: 0.3098 | irer_gate: 1.0000
2026-09-07 18:15:51,827 INFO __main__: Step 25175 | silog: 0.4427 | l1: 0.3777 | edge: 0.2138 | smoothness: 0.0538 | planarity: 0.0138 | scale: 0.2205 | total: 0.3148 | irer_gate: 1.0000
2026-09-07 18:16:27,078 INFO __main__: Step 25225 | silog: 0.4226 | l1: 0.3793 | edge: 0.2111 | smoothness: 0.0604 | planarity: 0.0155 | scale: 0.2383 | total: 0.3124 | irer_gate: 1.0000
2026-09-07 18:17:02,534 INFO __main__: Step 25275 | silog: 0.4254 | l1: 0.3699 | edge: 0.2019 | smoothness: 0.0522 | planarity: 0.0140 | scale: 0.2277 | total: 0.2657 | irer_gate: 1.0000
2026-09-07 18:17:37,479 INFO __main__: Step 25325 | silog: 0.4350 | l1: 0.3899 | edge: 0.1947 | smoothness: 0.0486 | planarity: 0.0139 | scale: 0.2378 | total: 0.2979 | irer_gate: 1.0000
2026-09-07 18:17:50,496 INFO __main__: Epoch 19/24 | Loss: 0.3688 | Metric AbsRel: 0.7255 (RMSE: 6.34m, d1: 29.8%) | Aligned AbsRel: 0.2914 (RMSE: 5.52m, d1: 53.6%) | IRER gate: 1.000 | Time: 985.9s
2026-09-07 18:17:51,112 INFO __main__: Checkpoint saved: /kaggle/working/outputs_center_ray/checkpoint.pt (epoch=20)
2026-09-07 18:17:51,901 INFO __main__: Curriculum: epoch 20 → difficulty 'hard' (7414 samples)
2026-09-07 18:18:16,327 INFO __main__: Step 25375 | silog: 0.5012 | l1: 0.4633 | edge: 0.2114 | smoothness: 0.0565 | planarity: 0.0149 | scale: 0.3026 | total: 0.5783 | irer_gate: 1.0000
2026-09-07 18:18:51,786 INFO __main__: Step 25425 | silog: 0.5269 | l1: 0.4629 | edge: 0.2149 | smoothness: 0.0557 | planarity: 0.0144 | scale: 0.2816 | total: 0.5922 | irer_gate: 1.0000
2026-09-07 18:19:27,001 INFO __main__: Step 25475 | silog: 0.5048 | l1: 0.4336 | edge: 0.2144 | smoothness: 0.0616 | planarity: 0.0153 | scale: 0.2493 | total: 0.4986 | irer_gate: 1.0000
2026-09-07 18:20:01,940 INFO __main__: Step 25525 | silog: 0.5035 | l1: 0.4355 | edge: 0.2186 | smoothness: 0.0652 | planarity: 0.0157 | scale: 0.2616 | total: 0.5207 | irer_gate: 1.0000
2026-09-07 18:20:36,904 INFO __main__: Step 25575 | silog: 0.4957 | l1: 0.4207 | edge: 0.2072 | smoothness: 0.0604 | planarity: 0.0153 | scale: 0.2372 | total: 0.4430 | irer_gate: 1.0000
2026-09-07 18:21:11,946 INFO __main__: Step 25625 | silog: 0.4789 | l1: 0.4080 | edge: 0.2072 | smoothness: 0.0685 | planarity: 0.0166 | scale: 0.2532 | total: 0.4303 | irer_gate: 1.0000
2026-09-07 18:21:47,110 INFO __main__: Step 25675 | silog: 0.4844 | l1: 0.4093 | edge: 0.2127 | smoothness: 0.0651 | planarity: 0.0155 | scale: 0.2380 | total: 0.4236 | irer_gate: 1.0000
2026-09-07 18:22:21,985 INFO __main__: Step 25725 | silog: 0.4631 | l1: 0.3899 | edge: 0.2044 | smoothness: 0.0569 | planarity: 0.0138 | scale: 0.2105 | total: 0.3164 | irer_gate: 1.0000
2026-09-07 18:22:57,233 INFO __main__: Step 25775 | silog: 0.4988 | l1: 0.4250 | edge: 0.2084 | smoothness: 0.0640 | planarity: 0.0152 | scale: 0.2490 | total: 0.4632 | irer_gate: 1.0000
2026-09-07 18:23:32,615 INFO __main__: Step 25825 | silog: 0.4828 | l1: 0.4093 | edge: 0.2058 | smoothness: 0.0671 | planarity: 0.0159 | scale: 0.2403 | total: 0.4121 | irer_gate: 1.0000
2026-09-07 18:24:07,981 INFO __main__: Step 25875 | silog: 0.4836 | l1: 0.4111 | edge: 0.2155 | smoothness: 0.0661 | planarity: 0.0163 | scale: 0.2394 | total: 0.4244 | irer_gate: 1.0000
2026-09-07 18:24:43,083 INFO __main__: Step 25925 | silog: 0.4763 | l1: 0.4170 | edge: 0.2006 | smoothness: 0.0630 | planarity: 0.0148 | scale: 0.2544 | total: 0.4098 | irer_gate: 1.0000
2026-09-07 18:25:18,502 INFO __main__: Step 25975 | silog: 0.4718 | l1: 0.3909 | edge: 0.2093 | smoothness: 0.0657 | planarity: 0.0152 | scale: 0.2143 | total: 0.3434 | irer_gate: 1.0000
2026-09-07 18:25:53,539 INFO __main__: Step 26025 | silog: 0.4931 | l1: 0.4079 | edge: 0.2227 | smoothness: 0.0637 | planarity: 0.0148 | scale: 0.2130 | total: 0.4061 | irer_gate: 1.0000
2026-09-07 18:26:28,903 INFO __main__: Step 26075 | silog: 0.4646 | l1: 0.3800 | edge: 0.2199 | smoothness: 0.0710 | planarity: 0.0171 | scale: 0.2075 | total: 0.3325 | irer_gate: 1.0000
2026-09-07 18:27:04,734 INFO __main__: Step 26125 | silog: 0.4560 | l1: 0.3765 | edge: 0.1984 | smoothness: 0.0644 | planarity: 0.0150 | scale: 0.2120 | total: 0.2789 | irer_gate: 1.0000
2026-09-07 18:27:41,009 INFO __main__: Step 26175 | silog: 0.4637 | l1: 0.3865 | edge: 0.2006 | smoothness: 0.0605 | planarity: 0.0153 | scale: 0.2187 | total: 0.3052 | irer_gate: 1.0000
2026-09-07 18:28:17,616 INFO __main__: Step 26225 | silog: 0.4613 | l1: 0.3893 | edge: 0.2173 | smoothness: 0.0656 | planarity: 0.0160 | scale: 0.2112 | total: 0.3253 | irer_gate: 1.0000
2026-09-07 18:29:57,919 INFO __main__: Epoch 20/24 | Loss: 0.4197 | Metric AbsRel: 0.7565 (RMSE: 5.91m, d1: 32.0%) | Aligned AbsRel: 0.3126 (RMSE: 5.52m, d1: 49.6%) | IRER gate: 1.000 | Time: 726.0s
2026-09-07 18:29:58,501 INFO __main__: Checkpoint saved: /kaggle/working/outputs_center_ray/checkpoint.pt (epoch=21)
2026-09-07 18:30:02,544 INFO __main__: Step 26275 | silog: 0.4948 | l1: 0.4108 | edge: 0.2132 | smoothness: 0.0713 | planarity: 0.0151 | scale: 0.2334 | total: 0.4195 | irer_gate: 1.0000
2026-09-07 18:30:37,943 INFO __main__: Step 26325 | silog: 0.4666 | l1: 0.4012 | edge: 0.1976 | smoothness: 0.0599 | planarity: 0.0151 | scale: 0.2474 | total: 0.3449 | irer_gate: 1.0000
2026-09-07 18:31:13,511 INFO __main__: Step 26375 | silog: 0.4877 | l1: 0.4034 | edge: 0.2263 | smoothness: 0.0693 | planarity: 0.0161 | scale: 0.2222 | total: 0.4009 | irer_gate: 1.0000
2026-09-07 18:31:48,878 INFO __main__: Step 26425 | silog: 0.4743 | l1: 0.3998 | edge: 0.2079 | smoothness: 0.0652 | planarity: 0.0145 | scale: 0.2420 | total: 0.3641 | irer_gate: 1.0000
2026-09-07 18:32:24,216 INFO __main__: Step 26475 | silog: 0.4690 | l1: 0.3997 | edge: 0.2090 | smoothness: 0.0712 | planarity: 0.0170 | scale: 0.2399 | total: 0.3657 | irer_gate: 1.0000
2026-09-07 18:32:59,001 INFO __main__: Step 26525 | silog: 0.4651 | l1: 0.3830 | edge: 0.2072 | smoothness: 0.0632 | planarity: 0.0148 | scale: 0.2109 | total: 0.2914 | irer_gate: 1.0000
2026-09-07 18:33:34,464 INFO __main__: Step 26575 | silog: 0.4744 | l1: 0.3934 | edge: 0.2031 | smoothness: 0.0668 | planarity: 0.0144 | scale: 0.2292 | total: 0.3332 | irer_gate: 1.0000
2026-09-07 18:34:09,808 INFO __main__: Step 26625 | silog: 0.4645 | l1: 0.3795 | edge: 0.2082 | smoothness: 0.0715 | planarity: 0.0158 | scale: 0.2059 | total: 0.2911 | irer_gate: 1.0000
2026-09-07 18:34:44,879 INFO __main__: Step 26675 | silog: 0.4670 | l1: 0.3963 | edge: 0.2107 | smoothness: 0.0621 | planarity: 0.0159 | scale: 0.2309 | total: 0.3311 | irer_gate: 1.0000
2026-09-07 18:35:20,555 INFO __main__: Step 26725 | silog: 0.4538 | l1: 0.3732 | edge: 0.2071 | smoothness: 0.0714 | planarity: 0.0159 | scale: 0.2030 | total: 0.2601 | irer_gate: 1.0000
2026-09-07 18:35:56,031 INFO __main__: Step 26775 | silog: 0.4820 | l1: 0.3866 | edge: 0.2201 | smoothness: 0.0664 | planarity: 0.0152 | scale: 0.1939 | total: 0.3149 | irer_gate: 1.0000
2026-09-07 18:36:31,063 INFO __main__: Step 26825 | silog: 0.4852 | l1: 0.4010 | edge: 0.2201 | smoothness: 0.0718 | planarity: 0.0157 | scale: 0.2099 | total: 0.3596 | irer_gate: 1.0000
2026-09-07 18:37:06,230 INFO __main__: Step 26875 | silog: 0.4533 | l1: 0.3873 | edge: 0.2097 | smoothness: 0.0746 | planarity: 0.0162 | scale: 0.2256 | total: 0.3021 | irer_gate: 1.0000
2026-09-07 18:37:41,579 INFO __main__: Step 26925 | silog: 0.4751 | l1: 0.4051 | edge: 0.2081 | smoothness: 0.0651 | planarity: 0.0152 | scale: 0.2272 | total: 0.3389 | irer_gate: 1.0000
2026-09-07 18:38:16,825 INFO __main__: Step 26975 | silog: 0.4586 | l1: 0.3814 | edge: 0.2012 | smoothness: 0.0615 | planarity: 0.0152 | scale: 0.2101 | total: 0.2519 | irer_gate: 1.0000
2026-09-07 18:38:52,197 INFO __main__: Step 27025 | silog: 0.4403 | l1: 0.3702 | edge: 0.2076 | smoothness: 0.0686 | planarity: 0.0158 | scale: 0.2123 | total: 0.2311 | irer_gate: 1.0000
2026-09-07 18:39:27,235 INFO __main__: Step 27075 | silog: 0.4655 | l1: 0.3803 | edge: 0.2155 | smoothness: 0.0667 | planarity: 0.0162 | scale: 0.2071 | total: 0.2801 | irer_gate: 1.0000
2026-09-07 18:40:02,385 INFO __main__: Step 27125 | silog: 0.4438 | l1: 0.3614 | edge: 0.2114 | smoothness: 0.0796 | planarity: 0.0170 | scale: 0.1959 | total: 0.2247 | irer_gate: 1.0000
2026-09-07 18:40:37,957 INFO __main__: Step 27175 | silog: 0.4493 | l1: 0.3766 | edge: 0.2098 | smoothness: 0.0655 | planarity: 0.0163 | scale: 0.2181 | total: 0.2505 | irer_gate: 1.0000
2026-09-07 18:40:52,426 INFO __main__: Epoch 21/24 | Loss: 0.3072 | Metric AbsRel: 0.7565 (RMSE: 5.91m, d1: 32.0%) | Aligned AbsRel: 0.3126 (RMSE: 5.52m, d1: 49.6%) | IRER gate: 1.000 | Time: 653.9s
2026-09-07 18:40:53,001 INFO __main__: Checkpoint saved: /kaggle/working/outputs_center_ray/checkpoint.pt (epoch=22)
2026-09-07 18:40:53,008 INFO __main__: Curriculum: epoch 22 requested 'medium' → using 'Hard' (TartanAir standard levels: 'Easy' and 'Hard') (7414 samples)
2026-09-07 18:41:17,307 INFO __main__: Step 27225 | silog: 0.4506 | l1: 0.3799 | edge: 0.2111 | smoothness: 0.0713 | planarity: 0.0160 | scale: 0.2254 | total: 0.2711 | irer_gate: 1.0000
2026-09-07 18:41:52,845 INFO __main__: Step 27275 | silog: 0.4640 | l1: 0.3910 | edge: 0.2117 | smoothness: 0.0682 | planarity: 0.0158 | scale: 0.2228 | total: 0.2959 | irer_gate: 1.0000
2026-09-07 18:42:28,084 INFO __main__: Step 27325 | silog: 0.4636 | l1: 0.3770 | edge: 0.2045 | smoothness: 0.0652 | planarity: 0.0148 | scale: 0.2103 | total: 0.2470 | irer_gate: 1.0000
2026-09-07 18:43:03,481 INFO __main__: Step 27375 | silog: 0.4642 | l1: 0.3950 | edge: 0.2061 | smoothness: 0.0628 | planarity: 0.0149 | scale: 0.2273 | total: 0.2862 | irer_gate: 1.0000
2026-09-07 18:43:38,915 INFO __main__: Step 27425 | silog: 0.4637 | l1: 0.3793 | edge: 0.2033 | smoothness: 0.0734 | planarity: 0.0154 | scale: 0.2099 | total: 0.2563 | irer_gate: 1.0000
2026-09-07 18:44:13,803 INFO __main__: Step 27475 | silog: 0.4602 | l1: 0.3694 | edge: 0.2036 | smoothness: 0.0672 | planarity: 0.0155 | scale: 0.1998 | total: 0.2188 | irer_gate: 1.0000
2026-09-07 18:44:48,671 INFO __main__: Step 27525 | silog: 0.4540 | l1: 0.3801 | edge: 0.2063 | smoothness: 0.0621 | planarity: 0.0161 | scale: 0.2230 | total: 0.2436 | irer_gate: 1.0000
2026-09-07 18:45:24,011 INFO __main__: Step 27575 | silog: 0.4726 | l1: 0.3807 | edge: 0.2201 | smoothness: 0.0741 | planarity: 0.0171 | scale: 0.2022 | total: 0.2832 | irer_gate: 1.0000
2026-09-07 18:45:59,149 INFO __main__: Step 27625 | silog: 0.4561 | l1: 0.3727 | edge: 0.2118 | smoothness: 0.0712 | planarity: 0.0167 | scale: 0.2104 | total: 0.2406 | irer_gate: 1.0000
2026-09-07 18:46:34,495 INFO __main__: Step 27675 | silog: 0.4670 | l1: 0.3818 | edge: 0.2139 | smoothness: 0.0676 | planarity: 0.0147 | scale: 0.2016 | total: 0.2523 | irer_gate: 1.0000
2026-09-07 18:47:09,801 INFO __main__: Step 27725 | silog: 0.4557 | l1: 0.3694 | edge: 0.2043 | smoothness: 0.0667 | planarity: 0.0156 | scale: 0.2063 | total: 0.2100 | irer_gate: 1.0000
2026-09-07 18:47:45,010 INFO __main__: Step 27775 | silog: 0.4653 | l1: 0.3895 | edge: 0.2009 | smoothness: 0.0683 | planarity: 0.0143 | scale: 0.2471 | total: 0.2850 | irer_gate: 1.0000
2026-09-07 18:48:20,198 INFO __main__: Step 27825 | silog: 0.4577 | l1: 0.3766 | edge: 0.2172 | smoothness: 0.0683 | planarity: 0.0156 | scale: 0.2016 | total: 0.2335 | irer_gate: 1.0000
2026-09-07 18:48:55,162 INFO __main__: Step 27875 | silog: 0.4365 | l1: 0.3638 | edge: 0.2118 | smoothness: 0.0744 | planarity: 0.0170 | scale: 0.2030 | total: 0.1893 | irer_gate: 1.0000
2026-09-07 18:49:30,693 INFO __main__: Step 27925 | silog: 0.4526 | l1: 0.3677 | edge: 0.2063 | smoothness: 0.0667 | planarity: 0.0177 | scale: 0.2064 | total: 0.2009 | irer_gate: 1.0000
2026-09-07 18:50:05,966 INFO __main__: Step 27975 | silog: 0.4522 | l1: 0.3633 | edge: 0.2122 | smoothness: 0.0698 | planarity: 0.0160 | scale: 0.1766 | total: 0.1723 | irer_gate: 1.0000
2026-09-07 18:50:41,597 INFO __main__: Step 28025 | silog: 0.4452 | l1: 0.3613 | edge: 0.2079 | smoothness: 0.0651 | planarity: 0.0145 | scale: 0.1974 | total: 0.1644 | irer_gate: 1.0000
2026-09-07 18:51:17,484 INFO __main__: Step 28075 | silog: 0.4445 | l1: 0.3595 | edge: 0.2000 | smoothness: 0.0710 | planarity: 0.0156 | scale: 0.1892 | total: 0.1495 | irer_gate: 1.0000
2026-09-07 18:52:57,613 INFO __main__: Epoch 22/24 | Loss: 0.2321 | Metric AbsRel: 0.5915 (RMSE: 5.81m, d1: 32.3%) | Aligned AbsRel: 0.2741 (RMSE: 5.42m, d1: 55.7%) | IRER gate: 1.000 | Time: 723.7s
2026-09-07 18:52:58,192 INFO __main__: Checkpoint saved: /kaggle/working/outputs_center_ray/checkpoint.pt (epoch=23)
2026-09-07 18:52:59,088 INFO __main__: Curriculum: epoch 23 → difficulty 'easy' (11050 samples)
2026-09-07 18:53:04,188 INFO __main__: Step 28125 | silog: 0.4493 | l1: 0.3861 | edge: 0.2044 | smoothness: 0.0654 | planarity: 0.0162 | scale: 0.2364 | total: 0.2369 | irer_gate: 1.0000
2026-09-07 18:53:40,231 INFO __main__: Step 28175 | silog: 0.4585 | l1: 0.4377 | edge: 0.2133 | smoothness: 0.0505 | planarity: 0.0158 | scale: 0.2820 | total: 0.3545 | irer_gate: 1.0000
2026-09-07 18:54:15,714 INFO __main__: Step 28225 | silog: 0.4526 | l1: 0.3999 | edge: 0.2090 | smoothness: 0.0573 | planarity: 0.0154 | scale: 0.2638 | total: 0.2780 | irer_gate: 1.0000
2026-09-07 18:54:51,153 INFO __main__: Step 28275 | silog: 0.4482 | l1: 0.4049 | edge: 0.2130 | smoothness: 0.0578 | planarity: 0.0155 | scale: 0.2564 | total: 0.2757 | irer_gate: 1.0000
2026-09-07 18:55:26,826 INFO __main__: Step 28325 | silog: 0.4265 | l1: 0.3947 | edge: 0.2044 | smoothness: 0.0599 | planarity: 0.0147 | scale: 0.2646 | total: 0.2279 | irer_gate: 1.0000
2026-09-07 18:56:02,384 INFO __main__: Step 28375 | silog: 0.4346 | l1: 0.3843 | edge: 0.2070 | smoothness: 0.0570 | planarity: 0.0148 | scale: 0.2323 | total: 0.1902 | irer_gate: 1.0000
2026-09-07 18:56:38,104 INFO __main__: Step 28425 | silog: 0.4401 | l1: 0.3897 | edge: 0.2022 | smoothness: 0.0553 | planarity: 0.0147 | scale: 0.2340 | total: 0.1955 | irer_gate: 1.0000
2026-09-07 18:57:13,843 INFO __main__: Step 28475 | silog: 0.4152 | l1: 0.3718 | edge: 0.2048 | smoothness: 0.0557 | planarity: 0.0151 | scale: 0.2358 | total: 0.1409 | irer_gate: 1.0000
2026-09-07 18:57:49,657 INFO __main__: Step 28525 | silog: 0.4279 | l1: 0.3755 | edge: 0.2042 | smoothness: 0.0518 | planarity: 0.0131 | scale: 0.2195 | total: 0.1355 | irer_gate: 1.0000
2026-09-07 18:58:25,449 INFO __main__: Step 28575 | silog: 0.4371 | l1: 0.3858 | edge: 0.2056 | smoothness: 0.0572 | planarity: 0.0148 | scale: 0.2265 | total: 0.1781 | irer_gate: 1.0000
2026-09-07 18:59:01,147 INFO __main__: Step 28625 | silog: 0.4582 | l1: 0.3958 | edge: 0.2086 | smoothness: 0.0577 | planarity: 0.0142 | scale: 0.2444 | total: 0.2401 | irer_gate: 1.0000
2026-09-07 18:59:36,622 INFO __main__: Step 28675 | silog: 0.4171 | l1: 0.3661 | edge: 0.2094 | smoothness: 0.0570 | planarity: 0.0145 | scale: 0.2129 | total: 0.1092 | irer_gate: 1.0000
2026-09-07 19:00:12,127 INFO __main__: Step 28725 | silog: 0.4357 | l1: 0.3761 | edge: 0.1995 | smoothness: 0.0534 | planarity: 0.0135 | scale: 0.2179 | total: 0.1311 | irer_gate: 1.0000
2026-09-07 19:00:47,502 INFO __main__: Step 28775 | silog: 0.4468 | l1: 0.3935 | edge: 0.2119 | smoothness: 0.0564 | planarity: 0.0154 | scale: 0.2504 | total: 0.2235 | irer_gate: 1.0000
2026-09-07 19:01:23,132 INFO __main__: Step 28825 | silog: 0.4237 | l1: 0.3777 | edge: 0.2149 | smoothness: 0.0587 | planarity: 0.0163 | scale: 0.2318 | total: 0.1574 | irer_gate: 1.0000
2026-09-07 19:01:58,295 INFO __main__: Step 28875 | silog: 0.4423 | l1: 0.3839 | edge: 0.2085 | smoothness: 0.0531 | planarity: 0.0148 | scale: 0.2181 | total: 0.1567 | irer_gate: 1.0000
2026-09-07 19:02:33,527 INFO __main__: Step 28925 | silog: 0.4225 | l1: 0.3755 | edge: 0.2179 | smoothness: 0.0583 | planarity: 0.0163 | scale: 0.2389 | total: 0.1577 | irer_gate: 1.0000
2026-09-07 19:03:08,667 INFO __main__: Step 28975 | silog: 0.4350 | l1: 0.3794 | edge: 0.2020 | smoothness: 0.0551 | planarity: 0.0146 | scale: 0.2265 | total: 0.1371 | irer_gate: 1.0000
2026-09-07 19:03:44,656 INFO __main__: Step 29025 | silog: 0.4354 | l1: 0.3706 | edge: 0.2101 | smoothness: 0.0578 | planarity: 0.0150 | scale: 0.2260 | total: 0.1379 | irer_gate: 1.0000
2026-09-07 19:04:20,743 INFO __main__: Step 29075 | silog: 0.4199 | l1: 0.3661 | edge: 0.1986 | smoothness: 0.0575 | planarity: 0.0151 | scale: 0.2186 | total: 0.0841 | irer_gate: 1.0000
2026-09-07 19:04:56,184 INFO __main__: Step 29125 | silog: 0.4125 | l1: 0.3601 | edge: 0.1963 | smoothness: 0.0514 | planarity: 0.0142 | scale: 0.2032 | total: 0.0350 | irer_gate: 1.0000
2026-09-07 19:05:31,696 INFO __main__: Step 29175 | silog: 0.4419 | l1: 0.3817 | edge: 0.2196 | smoothness: 0.0609 | planarity: 0.0166 | scale: 0.2163 | total: 0.1643 | irer_gate: 1.0000
2026-09-07 19:06:06,746 INFO __main__: Step 29225 | silog: 0.4289 | l1: 0.3891 | edge: 0.2111 | smoothness: 0.0572 | planarity: 0.0153 | scale: 0.2447 | total: 0.1638 | irer_gate: 1.0000
2026-09-07 19:06:42,210 INFO __main__: Step 29275 | silog: 0.4163 | l1: 0.3637 | edge: 0.2017 | smoothness: 0.0560 | planarity: 0.0147 | scale: 0.2060 | total: 0.0552 | irer_gate: 1.0000
2026-09-07 19:07:17,493 INFO __main__: Step 29325 | silog: 0.4134 | l1: 0.3722 | edge: 0.1937 | smoothness: 0.0589 | planarity: 0.0149 | scale: 0.2440 | total: 0.0919 | irer_gate: 1.0000
2026-09-07 19:07:52,763 INFO __main__: Step 29375 | silog: 0.4346 | l1: 0.3837 | edge: 0.2020 | smoothness: 0.0536 | planarity: 0.0136 | scale: 0.2269 | total: 0.1203 | irer_gate: 1.0000
2026-09-07 19:08:28,257 INFO __main__: Step 29425 | silog: 0.4218 | l1: 0.3713 | edge: 0.1990 | smoothness: 0.0586 | planarity: 0.0149 | scale: 0.2407 | total: 0.1014 | irer_gate: 1.0000
2026-09-07 19:09:03,750 INFO __main__: Step 29475 | silog: 0.4245 | l1: 0.3769 | edge: 0.2157 | smoothness: 0.0597 | planarity: 0.0169 | scale: 0.2391 | total: 0.1363 | irer_gate: 1.0000
2026-09-07 19:09:23,082 INFO __main__: Epoch 23/24 | Loss: 0.1629 | Metric AbsRel: 0.5915 (RMSE: 5.81m, d1: 32.3%) | Aligned AbsRel: 0.2741 (RMSE: 5.42m, d1: 55.7%) | IRER gate: 1.000 | Time: 984.0s
2026-09-07 19:09:23,756 INFO __main__: Checkpoint saved: /kaggle/working/outputs_center_ray/checkpoint.pt (epoch=24)
2026-09-07 19:09:23,757 INFO __main__: Training complete. Best val abs_rel: 0.2741
