2026-09-07 19:09:38,744 INFO __main__: --train auto: mounted input(s): datasets/pandrii000/dasvo-tartanair-rgb-d-validation-split, datasets/volsiai/tesseract-v17
2026-09-07 19:09:38,761 INFO __main__: Dataset root resolved: auto -> /kaggle/input/datasets/pandrii000/dasvo-tartanair-rgb-d-validation-split/tartanair
2026-09-07 19:09:38,920 WARNING __main__: cam_left.json not found for carwelding/P007; using 90° FOV default intrinsics (may be wrong for non-TartanAir data).
2026-09-07 19:09:38,959 WARNING __main__: cam_left.json not found for endofworld/P009; using 90° FOV default intrinsics (may be wrong for non-TartanAir data).
2026-09-07 19:09:38,990 WARNING __main__: cam_left.json not found for gascola/P008; using 90° FOV default intrinsics (may be wrong for non-TartanAir data).
2026-09-07 19:09:39,081 WARNING __main__: cam_left.json not found for gascola/P009; using 90° FOV default intrinsics (may be wrong for non-TartanAir data).
2026-09-07 19:09:39,127 WARNING __main__: cam_left.json not found for hospital/P036; using 90° FOV default intrinsics (may be wrong for non-TartanAir data).
2026-09-07 19:09:39,162 WARNING __main__: cam_left.json not found for hospital/P049; using 90° FOV default intrinsics (may be wrong for non-TartanAir data).
2026-09-07 19:09:39,195 WARNING __main__: cam_left.json not found for japanesealley/P007; using 90° FOV default intrinsics (may be wrong for non-TartanAir data).
2026-09-07 19:09:39,224 WARNING __main__: cam_left.json not found for japanesealley/P005; using 90° FOV default intrinsics (may be wrong for non-TartanAir data).
2026-09-07 19:09:39,263 WARNING __main__: cam_left.json not found for neighborhood/P021; using 90° FOV default intrinsics (may be wrong for non-TartanAir data).
2026-09-07 19:09:39,328 WARNING __main__: cam_left.json not found for neighborhood/P017; using 90° FOV default intrinsics (may be wrong for non-TartanAir data).
2026-09-07 19:09:39,375 WARNING __main__: cam_left.json not found for ocean/P013; using 90° FOV default intrinsics (may be wrong for non-TartanAir data).
2026-09-07 19:09:39,413 WARNING __main__: cam_left.json not found for ocean/P009; using 90° FOV default intrinsics (may be wrong for non-TartanAir data).
2026-09-07 19:09:39,454 WARNING __main__: cam_left.json not found for office/P007; using 90° FOV default intrinsics (may be wrong for non-TartanAir data).
2026-09-07 19:09:39,505 WARNING __main__: cam_left.json not found for office2/P011; using 90° FOV default intrinsics (may be wrong for non-TartanAir data).
2026-09-07 19:09:39,645 WARNING __main__: cam_left.json not found for office2/P010; using 90° FOV default intrinsics (may be wrong for non-TartanAir data).
2026-09-07 19:09:39,683 WARNING __main__: cam_left.json not found for oldtown/P007; using 90° FOV default intrinsics (may be wrong for non-TartanAir data).
2026-09-07 19:09:39,788 WARNING __main__: cam_left.json not found for oldtown/P008; using 90° FOV default intrinsics (may be wrong for non-TartanAir data).
2026-09-07 19:09:39,855 WARNING __main__: cam_left.json not found for seasidetown/P009; using 90° FOV default intrinsics (may be wrong for non-TartanAir data).
2026-09-07 19:09:39,900 WARNING __main__: cam_left.json not found for seasonsforest/P011; using 90° FOV default intrinsics (may be wrong for non-TartanAir data).
2026-09-07 19:09:39,928 WARNING __main__: cam_left.json not found for seasonsforest/P006; using 90° FOV default intrinsics (may be wrong for non-TartanAir data).
2026-09-07 19:09:39,953 WARNING __main__: cam_left.json not found for seasonsforest_winter/P009; using 90° FOV default intrinsics (may be wrong for non-TartanAir data).
2026-09-07 19:09:39,983 WARNING __main__: cam_left.json not found for seasonsforest_winter/P018; using 90° FOV default intrinsics (may be wrong for non-TartanAir data).
2026-09-07 19:09:40,025 WARNING __main__: cam_left.json not found for soulcity/P012; using 90° FOV default intrinsics (may be wrong for non-TartanAir data).
2026-09-07 19:09:40,065 WARNING __main__: cam_left.json not found for soulcity/P009; using 90° FOV default intrinsics (may be wrong for non-TartanAir data).
2026-09-07 19:09:40,092 WARNING __main__: cam_left.json not found for westerndesert/P013; using 90° FOV default intrinsics (may be wrong for non-TartanAir data).
2026-09-07 19:09:40,144 WARNING __main__: cam_left.json not found for westerndesert/P007; using 90° FOV default intrinsics (may be wrong for non-TartanAir data).
2026-09-07 19:09:40,168 INFO __main__: TartanAirDataset: 18464 samples, difficulty=all, split=train
2026-09-07 19:09:40,188 WARNING __main__: cam_left.json not found for abandonedfactory/P011; using 90° FOV default intrinsics (may be wrong for non-TartanAir data).
2026-09-07 19:09:40,344 WARNING __main__: cam_left.json not found for abandonedfactory/P011; using 90° FOV default intrinsics (may be wrong for non-TartanAir data).
2026-09-07 19:09:40,392 WARNING __main__: cam_left.json not found for abandonedfactory_night/P013; using 90° FOV default intrinsics (may be wrong for non-TartanAir data).
2026-09-07 19:09:40,614 WARNING __main__: cam_left.json not found for abandonedfactory_night/P014; using 90° FOV default intrinsics (may be wrong for non-TartanAir data).
2026-09-07 19:09:40,667 WARNING __main__: cam_left.json not found for amusement/P008; using 90° FOV default intrinsics (may be wrong for non-TartanAir data).
2026-09-07 19:09:40,740 WARNING __main__: cam_left.json not found for amusement/P007; using 90° FOV default intrinsics (may be wrong for non-TartanAir data).
2026-09-07 19:09:40,814 INFO __main__: TartanAirDataset: 8186 samples, difficulty=all, split=val
2026-09-07 19:09:40,981 INFO __main__: No checkpoint found at /kaggle/working/outputs_2d_vit/checkpoint.pt, starting from scratch
2026-09-07 19:09:41,758 INFO __main__: Using nn.DataParallel on 2 GPUs
2026-09-07 19:09:41,783 INFO __main__: ============================================================
Tesseract v1 — Configuration Summary
============================================================

── Model ──
  Image size:        224×224
  Patch size:        8
  Tokens:            784 (28×28)
  Embed dim:         256
  Heads:             8 (head_dim=32)
  Layers:            10
  MLP ratio:         3.0
  Ray PE freqs:      6
  Drop path max:     0.1
  LayerScale init:   1e-05
  Disp range:        [0.005, 10.0]
  Depth range:       [0.1, 200.0]
  Trivision PE:      False (mode=none)
  IRER Attention:    False

── Training ──
  Batch size:        4
  Accumulate:        6
  Effective batch:   24
  Base LR:           1.0e-04
  Depth head LR:     5.0e-04
  Weight decay:      0.05
  Warmup:            2 epochs
  Total epochs:      24
  Patience:          8
  Grad clip:         1.0

── Loss ──
  SiLog λ_w:         0.85
  Metric supervision: True
  Scale loss weight:  1.0
  Edge threshold:    1.0
  Smooth threshold:  0.5
  Uncertainty tasks:  5

── Data ──
  Split mode:        cross_env
  Pinhole crop aug:  True (min_scale=0.55)
  Eval depth range:  [0.2m, 80.0m]
  Val batches:       200
  Viz samples:       16
============================================================
2026-09-07 19:09:41,786 INFO __main__: Curriculum: epoch 0 → difficulty 'easy' (11050 samples)
2026-09-07 19:10:00,735 INFO __main__: Step 1 | silog: 0.8754 | l1: 1.5822 | edge: 0.2447 | smoothness: 0.0008 | planarity: 0.0027 | scale: 1.4651 | total: 4.1710 | irer_gate: 0.0000
2026-09-07 19:10:02,233 INFO __main__: Step 5 | silog: 0.9253 | l1: 1.6450 | edge: 0.2293 | smoothness: 0.0010 | planarity: 0.0032 | scale: 1.6769 | total: 4.4806 | irer_gate: 0.0000
2026-09-07 19:10:04,378 INFO __main__: Step 10 | silog: 0.9621 | l1: 1.7152 | edge: 0.2468 | smoothness: 0.0010 | planarity: 0.0033 | scale: 1.7515 | total: 4.6798 | irer_gate: 0.0000
2026-09-07 19:10:10,383 INFO __main__: Step 25 | silog: 0.8885 | l1: 1.5868 | edge: 0.2181 | smoothness: 0.0008 | planarity: 0.0026 | scale: 1.5736 | total: 4.2704 | irer_gate: 0.0000
2026-09-07 19:10:30,193 INFO __main__: Step 75 | silog: 0.8808 | l1: 1.5432 | edge: 0.2071 | smoothness: 0.0006 | planarity: 0.0017 | scale: 1.5362 | total: 4.1696 | irer_gate: 0.0000
2026-09-07 19:10:50,223 INFO __main__: Step 125 | silog: 0.8913 | l1: 1.5878 | edge: 0.2162 | smoothness: 0.0006 | planarity: 0.0011 | scale: 1.5933 | total: 4.2902 | irer_gate: 0.0000
2026-09-07 19:11:10,083 INFO __main__: Step 175 | silog: 0.8920 | l1: 1.6208 | edge: 0.2284 | smoothness: 0.0005 | planarity: 0.0008 | scale: 1.6192 | total: 4.3616 | irer_gate: 0.0000
2026-09-07 19:11:29,934 INFO __main__: Step 225 | silog: 0.8850 | l1: 1.5384 | edge: 0.2126 | smoothness: 0.0006 | planarity: 0.0006 | scale: 1.5403 | total: 4.1773 | irer_gate: 0.0000
2026-09-07 19:11:49,761 INFO __main__: Step 275 | silog: 0.8732 | l1: 1.5652 | edge: 0.2161 | smoothness: 0.0007 | planarity: 0.0006 | scale: 1.5703 | total: 4.2258 | irer_gate: 0.0000
2026-09-07 19:12:09,628 INFO __main__: Step 325 | silog: 0.8759 | l1: 1.5583 | edge: 0.2143 | smoothness: 0.0009 | planarity: 0.0006 | scale: 1.5592 | total: 4.2088 | irer_gate: 0.0000
2026-09-07 19:12:29,306 INFO __main__: Step 375 | silog: 0.8968 | l1: 1.5820 | edge: 0.2195 | smoothness: 0.0013 | planarity: 0.0005 | scale: 1.5761 | total: 4.2757 | irer_gate: 0.0000
2026-09-07 19:12:49,165 INFO __main__: Step 425 | silog: 0.8814 | l1: 1.5453 | edge: 0.2093 | smoothness: 0.0019 | planarity: 0.0005 | scale: 1.5565 | total: 4.1943 | irer_gate: 0.0000
2026-09-07 19:13:09,108 INFO __main__: Step 475 | silog: 0.8645 | l1: 1.4923 | edge: 0.2102 | smoothness: 0.0027 | planarity: 0.0006 | scale: 1.4728 | total: 4.0423 | irer_gate: 0.0000
2026-09-07 19:13:28,857 INFO __main__: Step 525 | silog: 0.8487 | l1: 1.5303 | edge: 0.2137 | smoothness: 0.0042 | planarity: 0.0008 | scale: 1.5138 | total: 4.1106 | irer_gate: 0.0000
2026-09-07 19:13:48,829 INFO __main__: Step 575 | silog: 0.8592 | l1: 1.5009 | edge: 0.2167 | smoothness: 0.0057 | planarity: 0.0011 | scale: 1.4784 | total: 4.0609 | irer_gate: 0.0000
2026-09-07 19:14:08,716 INFO __main__: Step 625 | silog: 0.8758 | l1: 1.5226 | edge: 0.2216 | smoothness: 0.0080 | planarity: 0.0016 | scale: 1.4971 | total: 4.1256 | irer_gate: 0.0000
2026-09-07 19:14:28,668 INFO __main__: Step 675 | silog: 0.8565 | l1: 1.4707 | edge: 0.2158 | smoothness: 0.0102 | planarity: 0.0023 | scale: 1.4242 | total: 3.9785 | irer_gate: 0.0000
2026-09-07 19:14:48,876 INFO __main__: Step 725 | silog: 0.8638 | l1: 1.4712 | edge: 0.2266 | smoothness: 0.0138 | planarity: 0.0034 | scale: 1.4413 | total: 4.0187 | irer_gate: 0.0000
2026-09-07 19:15:08,660 INFO __main__: Step 775 | silog: 0.8347 | l1: 1.4203 | edge: 0.2325 | smoothness: 0.0173 | planarity: 0.0046 | scale: 1.3677 | total: 3.8758 | irer_gate: 0.0000
2026-09-07 19:15:28,621 INFO __main__: Step 825 | silog: 0.8323 | l1: 1.3929 | edge: 0.2273 | smoothness: 0.0198 | planarity: 0.0067 | scale: 1.3461 | total: 3.8237 | irer_gate: 0.0000
2026-09-07 19:15:48,526 INFO __main__: Step 875 | silog: 0.8184 | l1: 1.3343 | edge: 0.2289 | smoothness: 0.0270 | planarity: 0.0110 | scale: 1.3326 | total: 3.7506 | irer_gate: 0.0000
2026-09-07 19:16:08,277 INFO __main__: Step 925 | silog: 0.8047 | l1: 1.2713 | edge: 0.2396 | smoothness: 0.0305 | planarity: 0.0133 | scale: 1.2320 | total: 3.5898 | irer_gate: 0.0000
2026-09-07 19:16:28,127 INFO __main__: Step 975 | silog: 0.8099 | l1: 1.2620 | edge: 0.2509 | smoothness: 0.0372 | planarity: 0.0186 | scale: 1.2040 | total: 3.5810 | irer_gate: 0.0000
2026-09-07 19:16:48,002 INFO __main__: Step 1025 | silog: 0.7106 | l1: 1.0475 | edge: 0.2261 | smoothness: 0.0337 | planarity: 0.0185 | scale: 0.9718 | total: 3.0065 | irer_gate: 0.0000
2026-09-07 19:17:07,730 INFO __main__: Step 1075 | silog: 0.7326 | l1: 1.0065 | edge: 0.2450 | smoothness: 0.0397 | planarity: 0.0228 | scale: 0.8884 | total: 2.9332 | irer_gate: 0.0000
2026-09-07 19:17:27,581 INFO __main__: Step 1125 | silog: 0.6920 | l1: 0.8669 | edge: 0.2394 | smoothness: 0.0409 | planarity: 0.0260 | scale: 0.7356 | total: 2.5991 | irer_gate: 0.0000
2026-09-07 19:17:47,392 INFO __main__: Step 1175 | silog: 0.6839 | l1: 0.8294 | edge: 0.2513 | smoothness: 0.0447 | planarity: 0.0349 | scale: 0.6903 | total: 2.5326 | irer_gate: 0.0000
2026-09-07 19:18:07,318 INFO __main__: Step 1225 | silog: 0.6517 | l1: 0.7367 | edge: 0.2517 | smoothness: 0.0497 | planarity: 0.0430 | scale: 0.6087 | total: 2.3395 | irer_gate: 0.0000
2026-09-07 19:18:27,114 INFO __main__: Step 1275 | silog: 0.6517 | l1: 0.6994 | edge: 0.2611 | smoothness: 0.0539 | planarity: 0.0531 | scale: 0.5480 | total: 2.2651 | irer_gate: 0.0000
2026-09-07 19:18:46,818 INFO __main__: Step 1325 | silog: 0.6407 | l1: 0.6914 | edge: 0.2471 | smoothness: 0.0546 | planarity: 0.0533 | scale: 0.5504 | total: 2.2352 | irer_gate: 0.0000
2026-09-07 19:19:06,078 INFO __main__: Step 1375 | silog: 0.6312 | l1: 0.6908 | edge: 0.2565 | smoothness: 0.0581 | planarity: 0.0536 | scale: 0.5326 | total: 2.2201 | irer_gate: 0.0000
2026-09-07 19:19:57,470 INFO __main__: Epoch 0/24 | Loss: 3.5997 | Metric AbsRel: 0.6904 (RMSE: 7.18m, d1: 25.1%) | Aligned AbsRel: 0.4174 (RMSE: 6.64m, d1: 39.6%) | IRER gate: 0.000 | Time: 615.7s
2026-09-07 19:19:58,059 INFO __main__: Checkpoint saved: /kaggle/working/outputs_2d_vit/checkpoint.pt (epoch=1)
2026-09-07 19:20:16,062 INFO __main__: Step 1425 | silog: 0.6034 | l1: 0.6664 | edge: 0.2573 | smoothness: 0.0580 | planarity: 0.0516 | scale: 0.5205 | total: 2.1541 | irer_gate: 0.0000
2026-09-07 19:20:35,496 INFO __main__: Step 1475 | silog: 0.6415 | l1: 0.6824 | edge: 0.2658 | smoothness: 0.0640 | planarity: 0.0490 | scale: 0.5323 | total: 2.2316 | irer_gate: 0.0000
2026-09-07 19:20:54,945 INFO __main__: Step 1525 | silog: 0.6242 | l1: 0.6731 | edge: 0.2511 | smoothness: 0.0556 | planarity: 0.0498 | scale: 0.5298 | total: 2.1796 | irer_gate: 0.0000
2026-09-07 19:21:14,330 INFO __main__: Step 1575 | silog: 0.6361 | l1: 0.6819 | edge: 0.2394 | smoothness: 0.0471 | planarity: 0.0495 | scale: 0.5392 | total: 2.1885 | irer_gate: 0.0000
2026-09-07 19:21:33,690 INFO __main__: Step 1625 | silog: 0.6284 | l1: 0.6713 | edge: 0.2476 | smoothness: 0.0538 | planarity: 0.0512 | scale: 0.5127 | total: 2.1599 | irer_gate: 0.0000
2026-09-07 19:21:53,043 INFO __main__: Step 1675 | silog: 0.6308 | l1: 0.6657 | edge: 0.2485 | smoothness: 0.0583 | planarity: 0.0513 | scale: 0.5108 | total: 2.1598 | irer_gate: 0.0000
2026-09-07 19:22:12,426 INFO __main__: Step 1725 | silog: 0.6044 | l1: 0.6768 | edge: 0.2408 | smoothness: 0.0562 | planarity: 0.0519 | scale: 0.5451 | total: 2.1690 | irer_gate: 0.0000
2026-09-07 19:22:31,598 INFO __main__: Step 1775 | silog: 0.6113 | l1: 0.6543 | edge: 0.2472 | smoothness: 0.0517 | planarity: 0.0517 | scale: 0.4995 | total: 2.1091 | irer_gate: 0.0000
2026-09-07 19:22:51,318 INFO __main__: Step 1825 | silog: 0.6150 | l1: 0.6687 | edge: 0.2370 | smoothness: 0.0567 | planarity: 0.0521 | scale: 0.5290 | total: 2.1513 | irer_gate: 0.0000
2026-09-07 19:23:10,942 INFO __main__: Step 1875 | silog: 0.6106 | l1: 0.6409 | edge: 0.2416 | smoothness: 0.0527 | planarity: 0.0501 | scale: 0.4785 | total: 2.0667 | irer_gate: 0.0000
2026-09-07 19:23:30,745 INFO __main__: Step 1925 | silog: 0.6155 | l1: 0.6470 | edge: 0.2632 | smoothness: 0.0591 | planarity: 0.0531 | scale: 0.4880 | total: 2.1178 | irer_gate: 0.0000
2026-09-07 19:23:51,111 INFO __main__: Step 1975 | silog: 0.6194 | l1: 0.6567 | edge: 0.2497 | smoothness: 0.0575 | planarity: 0.0558 | scale: 0.4921 | total: 2.1227 | irer_gate: 0.0000
2026-09-07 19:24:11,573 INFO __main__: Step 2025 | silog: 0.5972 | l1: 0.6128 | edge: 0.2369 | smoothness: 0.0495 | planarity: 0.0519 | scale: 0.4469 | total: 1.9859 | irer_gate: 0.0000
2026-09-07 19:24:31,163 INFO __main__: Step 2075 | silog: 0.6061 | l1: 0.6244 | edge: 0.2552 | smoothness: 0.0600 | planarity: 0.0588 | scale: 0.4671 | total: 2.0618 | irer_gate: 0.0000
2026-09-07 19:24:50,381 INFO __main__: Step 2125 | silog: 0.6026 | l1: 0.6239 | edge: 0.2421 | smoothness: 0.0534 | planarity: 0.0576 | scale: 0.4495 | total: 2.0188 | irer_gate: 0.0000
2026-09-07 19:25:09,687 INFO __main__: Step 2175 | silog: 0.5857 | l1: 0.6225 | edge: 0.2313 | smoothness: 0.0507 | planarity: 0.0510 | scale: 0.4539 | total: 1.9842 | irer_gate: 0.0000
2026-09-07 19:25:29,014 INFO __main__: Step 2225 | silog: 0.6045 | l1: 0.6124 | edge: 0.2408 | smoothness: 0.0530 | planarity: 0.0538 | scale: 0.4231 | total: 1.9765 | irer_gate: 0.0000
2026-09-07 19:25:48,378 INFO __main__: Step 2275 | silog: 0.6255 | l1: 0.6563 | edge: 0.2462 | smoothness: 0.0507 | planarity: 0.0576 | scale: 0.5031 | total: 2.1280 | irer_gate: 0.0000
2026-09-07 19:26:07,982 INFO __main__: Step 2325 | silog: 0.6114 | l1: 0.6389 | edge: 0.2447 | smoothness: 0.0554 | planarity: 0.0511 | scale: 0.4698 | total: 2.0595 | irer_gate: 0.0000
2026-09-07 19:26:27,334 INFO __main__: Step 2375 | silog: 0.6098 | l1: 0.6340 | edge: 0.2507 | smoothness: 0.0609 | planarity: 0.0618 | scale: 0.4557 | total: 2.0608 | irer_gate: 0.0000
2026-09-07 19:26:46,788 INFO __main__: Step 2425 | silog: 0.5876 | l1: 0.6266 | edge: 0.2469 | smoothness: 0.0608 | planarity: 0.0502 | scale: 0.4810 | total: 2.0404 | irer_gate: 0.0000
2026-09-07 19:27:06,331 INFO __main__: Step 2475 | silog: 0.6166 | l1: 0.6191 | edge: 0.2502 | smoothness: 0.0540 | planarity: 0.0574 | scale: 0.4424 | total: 2.0268 | irer_gate: 0.0000
2026-09-07 19:27:25,750 INFO __main__: Step 2525 | silog: 0.5816 | l1: 0.6100 | edge: 0.2419 | smoothness: 0.0532 | planarity: 0.0538 | scale: 0.4610 | total: 1.9880 | irer_gate: 0.0000
2026-09-07 19:27:45,542 INFO __main__: Step 2575 | silog: 0.5731 | l1: 0.5990 | edge: 0.2576 | smoothness: 0.0646 | planarity: 0.0568 | scale: 0.4273 | total: 1.9644 | irer_gate: 0.0000
2026-09-07 19:28:05,149 INFO __main__: Step 2625 | silog: 0.5995 | l1: 0.6268 | edge: 0.2476 | smoothness: 0.0519 | planarity: 0.0640 | scale: 0.4564 | total: 2.0318 | irer_gate: 0.0000
2026-09-07 19:28:25,145 INFO __main__: Step 2675 | silog: 0.6095 | l1: 0.6135 | edge: 0.2467 | smoothness: 0.0520 | planarity: 0.0605 | scale: 0.4309 | total: 1.9983 | irer_gate: 0.0000
2026-09-07 19:28:45,235 INFO __main__: Step 2725 | silog: 0.5829 | l1: 0.6032 | edge: 0.2464 | smoothness: 0.0598 | planarity: 0.0595 | scale: 0.4436 | total: 1.9799 | irer_gate: 0.0000
2026-09-07 19:28:58,994 INFO __main__: Epoch 1/24 | Loss: 2.0752 | Metric AbsRel: 0.6904 (RMSE: 7.18m, d1: 25.1%) | Aligned AbsRel: 0.4174 (RMSE: 6.64m, d1: 39.6%) | IRER gate: 0.000 | Time: 540.9s
2026-09-07 19:28:59,592 INFO __main__: Checkpoint saved: /kaggle/working/outputs_2d_vit/checkpoint.pt (epoch=2)
2026-09-07 19:29:05,483 INFO __main__: Step 2775 | silog: 0.5870 | l1: 0.6110 | edge: 0.2414 | smoothness: 0.0528 | planarity: 0.0549 | scale: 0.4367 | total: 1.9680 | irer_gate: 0.0578
2026-09-07 19:29:24,955 INFO __main__: Step 2825 | silog: 0.6023 | l1: 0.5883 | edge: 0.2520 | smoothness: 0.0527 | planarity: 0.0594 | scale: 0.4229 | total: 1.9612 | irer_gate: 0.2222
2026-09-07 19:29:44,688 INFO __main__: Step 2875 | silog: 0.5888 | l1: 0.5992 | edge: 0.2354 | smoothness: 0.0476 | planarity: 0.0557 | scale: 0.4112 | total: 1.9209 | irer_gate: 0.2222
2026-09-07 19:30:04,243 INFO __main__: Step 2925 | silog: 0.5757 | l1: 0.6065 | edge: 0.2357 | smoothness: 0.0535 | planarity: 0.0559 | scale: 0.4552 | total: 1.9647 | irer_gate: 0.2222
2026-09-07 19:30:23,847 INFO __main__: Step 2975 | silog: 0.5994 | l1: 0.5902 | edge: 0.2529 | smoothness: 0.0548 | planarity: 0.0605 | scale: 0.3978 | total: 1.9375 | irer_gate: 0.2222
2026-09-07 19:30:44,426 INFO __main__: Step 3025 | silog: 0.5891 | l1: 0.6077 | edge: 0.2450 | smoothness: 0.0554 | planarity: 0.0568 | scale: 0.4405 | total: 1.9760 | irer_gate: 0.2222
2026-09-07 19:31:04,792 INFO __main__: Step 3075 | silog: 0.6068 | l1: 0.6228 | edge: 0.2524 | smoothness: 0.0539 | planarity: 0.0552 | scale: 0.4529 | total: 2.0250 | irer_gate: 0.2222
2026-09-07 19:31:25,745 INFO __main__: Step 3125 | silog: 0.5778 | l1: 0.5974 | edge: 0.2438 | smoothness: 0.0534 | planarity: 0.0585 | scale: 0.4309 | total: 1.9418 | irer_gate: 0.2222
2026-09-07 19:31:46,956 INFO __main__: Step 3175 | silog: 0.6072 | l1: 0.6448 | edge: 0.2324 | smoothness: 0.0498 | planarity: 0.0501 | scale: 0.4930 | total: 2.0569 | irer_gate: 0.2222
2026-09-07 19:32:06,238 INFO __main__: Step 3225 | silog: 0.6011 | l1: 0.6311 | edge: 0.2421 | smoothness: 0.0539 | planarity: 0.0558 | scale: 0.4508 | total: 2.0139 | irer_gate: 0.2222
2026-09-07 19:32:25,775 INFO __main__: Step 3275 | silog: 0.5966 | l1: 0.6286 | edge: 0.2433 | smoothness: 0.0474 | planarity: 0.0505 | scale: 0.4926 | total: 2.0376 | irer_gate: 0.2222
2026-09-07 19:32:45,359 INFO __main__: Step 3325 | silog: 0.5999 | l1: 0.5998 | edge: 0.2287 | smoothness: 0.0472 | planarity: 0.0599 | scale: 0.4172 | total: 1.9306 | irer_gate: 0.2222
2026-09-07 19:33:05,342 INFO __main__: Step 3375 | silog: 0.5960 | l1: 0.6010 | edge: 0.2397 | smoothness: 0.0490 | planarity: 0.0582 | scale: 0.4205 | total: 1.9416 | irer_gate: 0.2222
2026-09-07 19:33:25,371 INFO __main__: Step 3425 | silog: 0.6010 | l1: 0.6065 | edge: 0.2339 | smoothness: 0.0496 | planarity: 0.0504 | scale: 0.4206 | total: 1.9386 | irer_gate: 0.2222
2026-09-07 19:33:45,126 INFO __main__: Step 3475 | silog: 0.5923 | l1: 0.5909 | edge: 0.2264 | smoothness: 0.0430 | planarity: 0.0497 | scale: 0.4069 | total: 1.8849 | irer_gate: 0.2222
2026-09-07 19:34:05,242 INFO __main__: Step 3525 | silog: 0.5758 | l1: 0.5740 | edge: 0.2204 | smoothness: 0.0483 | planarity: 0.0530 | scale: 0.3948 | total: 1.8411 | irer_gate: 0.2222
2026-09-07 19:34:24,987 INFO __main__: Step 3575 | silog: 0.5715 | l1: 0.6124 | edge: 0.2366 | smoothness: 0.0478 | planarity: 0.0518 | scale: 0.4428 | total: 1.9373 | irer_gate: 0.2222
2026-09-07 19:34:44,689 INFO __main__: Step 3625 | silog: 0.5627 | l1: 0.5616 | edge: 0.2301 | smoothness: 0.0534 | planarity: 0.0532 | scale: 0.3835 | total: 1.8179 | irer_gate: 0.2222
2026-09-07 19:35:04,247 INFO __main__: Step 3675 | silog: 0.6001 | l1: 0.5839 | edge: 0.2536 | smoothness: 0.0550 | planarity: 0.0587 | scale: 0.3862 | total: 1.9109 | irer_gate: 0.2222
2026-09-07 19:35:23,848 INFO __main__: Step 3725 | silog: 0.5883 | l1: 0.6043 | edge: 0.2446 | smoothness: 0.0541 | planarity: 0.0549 | scale: 0.4345 | total: 1.9533 | irer_gate: 0.2222
2026-09-07 19:35:43,347 INFO __main__: Step 3775 | silog: 0.6074 | l1: 0.6131 | edge: 0.2372 | smoothness: 0.0492 | planarity: 0.0532 | scale: 0.4263 | total: 1.9586 | irer_gate: 0.2222
2026-09-07 19:36:02,698 INFO __main__: Step 3825 | silog: 0.5827 | l1: 0.5881 | edge: 0.2417 | smoothness: 0.0588 | planarity: 0.0532 | scale: 0.4214 | total: 1.9171 | irer_gate: 0.2222
2026-09-07 19:36:22,472 INFO __main__: Step 3875 | silog: 0.5985 | l1: 0.6115 | edge: 0.2257 | smoothness: 0.0385 | planarity: 0.0548 | scale: 0.4272 | total: 1.9267 | irer_gate: 0.2222
2026-09-07 19:36:42,189 INFO __main__: Step 3925 | silog: 0.6126 | l1: 0.6109 | edge: 0.2354 | smoothness: 0.0396 | planarity: 0.0518 | scale: 0.4317 | total: 1.9521 | irer_gate: 0.2222
2026-09-07 19:37:01,644 INFO __main__: Step 3975 | silog: 0.5777 | l1: 0.5772 | edge: 0.2233 | smoothness: 0.0410 | planarity: 0.0478 | scale: 0.4001 | total: 1.8360 | irer_gate: 0.2222
2026-09-07 19:37:21,334 INFO __main__: Step 4025 | silog: 0.5648 | l1: 0.5627 | edge: 0.2410 | smoothness: 0.0504 | planarity: 0.0554 | scale: 0.3728 | total: 1.8154 | irer_gate: 0.2222
2026-09-07 19:37:40,900 INFO __main__: Step 4075 | silog: 0.5636 | l1: 0.5675 | edge: 0.2442 | smoothness: 0.0558 | planarity: 0.0539 | scale: 0.4131 | total: 1.8657 | irer_gate: 0.2222
2026-09-07 19:38:00,692 INFO __main__: Step 4125 | silog: 0.5528 | l1: 0.5540 | edge: 0.2370 | smoothness: 0.0480 | planarity: 0.0529 | scale: 0.3749 | total: 1.7861 | irer_gate: 0.2222
2026-09-07 19:38:54,446 INFO __main__: Epoch 2/24 | Loss: 1.9260 | Metric AbsRel: 0.7420 (RMSE: 6.43m, d1: 28.7%) | Aligned AbsRel: 0.3966 (RMSE: 6.54m, d1: 42.0%) | IRER gate: 0.222 | Time: 594.9s
2026-09-07 19:38:55,090 INFO __main__: Checkpoint saved: /kaggle/working/outputs_2d_vit/checkpoint.pt (epoch=3)
2026-09-07 19:39:08,665 INFO __main__: Step 4175 | silog: 0.5623 | l1: 0.5527 | edge: 0.2350 | smoothness: 0.0486 | planarity: 0.0536 | scale: 0.3844 | total: 1.8025 | irer_gate: 0.5778
2026-09-07 19:39:28,205 INFO __main__: Step 4225 | silog: 0.5893 | l1: 0.5753 | edge: 0.2339 | smoothness: 0.0491 | planarity: 0.0517 | scale: 0.3939 | total: 1.8590 | irer_gate: 0.7778
2026-09-07 19:39:48,200 INFO __main__: Step 4275 | silog: 0.5865 | l1: 0.5867 | edge: 0.2270 | smoothness: 0.0476 | planarity: 0.0458 | scale: 0.4136 | total: 1.8720 | irer_gate: 0.7778
2026-09-07 19:40:07,984 INFO __main__: Step 4325 | silog: 0.5852 | l1: 0.5924 | edge: 0.2423 | smoothness: 0.0500 | planarity: 0.0558 | scale: 0.4241 | total: 1.9140 | irer_gate: 0.7778
2026-09-07 19:40:28,537 INFO __main__: Step 4375 | silog: 0.5663 | l1: 0.5728 | edge: 0.2351 | smoothness: 0.0525 | planarity: 0.0479 | scale: 0.4037 | total: 1.8412 | irer_gate: 0.7778
2026-09-07 19:40:49,691 INFO __main__: Step 4425 | silog: 0.5711 | l1: 0.5801 | edge: 0.2250 | smoothness: 0.0425 | planarity: 0.0452 | scale: 0.4048 | total: 1.8308 | irer_gate: 0.7778
2026-09-07 19:41:10,412 INFO __main__: Step 4475 | silog: 0.5595 | l1: 0.5548 | edge: 0.2463 | smoothness: 0.0544 | planarity: 0.0494 | scale: 0.3944 | total: 1.8200 | irer_gate: 0.7778
2026-09-07 19:41:31,047 INFO __main__: Step 4525 | silog: 0.5861 | l1: 0.5748 | edge: 0.2404 | smoothness: 0.0491 | planarity: 0.0452 | scale: 0.3821 | total: 1.8386 | irer_gate: 0.7778
2026-09-07 19:41:50,988 INFO __main__: Step 4575 | silog: 0.5643 | l1: 0.5937 | edge: 0.2209 | smoothness: 0.0356 | planarity: 0.0445 | scale: 0.4261 | total: 1.8446 | irer_gate: 0.7778
2026-09-07 19:42:10,773 INFO __main__: Step 4625 | silog: 0.5612 | l1: 0.5823 | edge: 0.2337 | smoothness: 0.0520 | planarity: 0.0447 | scale: 0.4107 | total: 1.8435 | irer_gate: 0.7778
2026-09-07 19:42:30,484 INFO __main__: Step 4675 | silog: 0.5738 | l1: 0.5490 | edge: 0.2326 | smoothness: 0.0472 | planarity: 0.0457 | scale: 0.3688 | total: 1.7751 | irer_gate: 0.7778
2026-09-07 19:42:50,114 INFO __main__: Step 4725 | silog: 0.5680 | l1: 0.5502 | edge: 0.2347 | smoothness: 0.0574 | planarity: 0.0409 | scale: 0.3621 | total: 1.7702 | irer_gate: 0.7778
2026-09-07 19:43:09,766 INFO __main__: Step 4775 | silog: 0.5788 | l1: 0.5719 | edge: 0.2291 | smoothness: 0.0402 | planarity: 0.0435 | scale: 0.3739 | total: 1.7932 | irer_gate: 0.7778
2026-09-07 19:43:29,578 INFO __main__: Step 4825 | silog: 0.5922 | l1: 0.5791 | edge: 0.2213 | smoothness: 0.0349 | planarity: 0.0388 | scale: 0.3871 | total: 1.8083 | irer_gate: 0.7778
2026-09-07 19:43:49,356 INFO __main__: Step 4875 | silog: 0.5494 | l1: 0.5443 | edge: 0.2327 | smoothness: 0.0471 | planarity: 0.0419 | scale: 0.3794 | total: 1.7478 | irer_gate: 0.7778
2026-09-07 19:44:09,182 INFO __main__: Step 4925 | silog: 0.5774 | l1: 0.5628 | edge: 0.2266 | smoothness: 0.0422 | planarity: 0.0339 | scale: 0.3780 | total: 1.7734 | irer_gate: 0.7778
2026-09-07 19:44:29,063 INFO __main__: Step 4975 | silog: 0.5545 | l1: 0.5632 | edge: 0.2368 | smoothness: 0.0491 | planarity: 0.0412 | scale: 0.4001 | total: 1.7961 | irer_gate: 0.7778
2026-09-07 19:44:48,757 INFO __main__: Step 5025 | silog: 0.5962 | l1: 0.5936 | edge: 0.2351 | smoothness: 0.0418 | planarity: 0.0356 | scale: 0.3917 | total: 1.8450 | irer_gate: 0.7778
2026-09-07 19:45:08,550 INFO __main__: Step 5075 | silog: 0.5590 | l1: 0.5430 | edge: 0.2297 | smoothness: 0.0467 | planarity: 0.0346 | scale: 0.3618 | total: 1.7238 | irer_gate: 0.7778
2026-09-07 19:45:28,328 INFO __main__: Step 5125 | silog: 0.5593 | l1: 0.5469 | edge: 0.2265 | smoothness: 0.0373 | planarity: 0.0283 | scale: 0.3693 | total: 1.7154 | irer_gate: 0.7778
2026-09-07 19:45:48,425 INFO __main__: Step 5175 | silog: 0.5440 | l1: 0.5582 | edge: 0.2166 | smoothness: 0.0338 | planarity: 0.0271 | scale: 0.3911 | total: 1.7175 | irer_gate: 0.7778
2026-09-07 19:46:08,175 INFO __main__: Step 5225 | silog: 0.5676 | l1: 0.5873 | edge: 0.2166 | smoothness: 0.0329 | planarity: 0.0303 | scale: 0.4342 | total: 1.8155 | irer_gate: 0.7778
2026-09-07 19:46:28,049 INFO __main__: Step 5275 | silog: 0.5752 | l1: 0.5561 | edge: 0.2262 | smoothness: 0.0334 | planarity: 0.0303 | scale: 0.3497 | total: 1.7165 | irer_gate: 0.7778
2026-09-07 19:46:48,035 INFO __main__: Step 5325 | silog: 0.5553 | l1: 0.5461 | edge: 0.2377 | smoothness: 0.0500 | planarity: 0.0271 | scale: 0.3659 | total: 1.7266 | irer_gate: 0.7778
2026-09-07 19:47:07,903 INFO __main__: Step 5375 | silog: 0.5363 | l1: 0.5148 | edge: 0.2299 | smoothness: 0.0414 | planarity: 0.0199 | scale: 0.3341 | total: 1.6185 | irer_gate: 0.7778
2026-09-07 19:47:27,640 INFO __main__: Step 5425 | silog: 0.5418 | l1: 0.5101 | edge: 0.2262 | smoothness: 0.0360 | planarity: 0.0198 | scale: 0.3329 | total: 1.6076 | irer_gate: 0.7778
2026-09-07 19:47:47,627 INFO __main__: Step 5475 | silog: 0.5422 | l1: 0.5372 | edge: 0.2098 | smoothness: 0.0341 | planarity: 0.0184 | scale: 0.3675 | total: 1.6487 | irer_gate: 0.7778
2026-09-07 19:48:06,049 INFO __main__: Epoch 3/24 | Loss: 1.7786 | Metric AbsRel: 0.7420 (RMSE: 6.43m, d1: 28.7%) | Aligned AbsRel: 0.3966 (RMSE: 6.54m, d1: 42.0%) | IRER gate: 0.778 | Time: 551.0s
2026-09-07 19:48:06,646 INFO __main__: Checkpoint saved: /kaggle/working/outputs_2d_vit/checkpoint.pt (epoch=4)
2026-09-07 19:48:07,672 INFO __main__: Step 5525 | silog: 0.5589 | l1: 0.5589 | edge: 0.2211 | smoothness: 0.0365 | planarity: 0.0171 | scale: 0.3877 | total: 1.7197 | irer_gate: 0.7822
2026-09-07 19:48:27,583 INFO __main__: Step 5575 | silog: 0.5604 | l1: 0.5517 | edge: 0.2253 | smoothness: 0.0423 | planarity: 0.0192 | scale: 0.3660 | total: 1.7033 | irer_gate: 1.0000
2026-09-07 19:48:47,341 INFO __main__: Step 5625 | silog: 0.5459 | l1: 0.5166 | edge: 0.2244 | smoothness: 0.0421 | planarity: 0.0214 | scale: 0.3305 | total: 1.6177 | irer_gate: 1.0000
2026-09-07 19:49:06,983 INFO __main__: Step 5675 | silog: 0.5679 | l1: 0.5555 | edge: 0.2210 | smoothness: 0.0273 | planarity: 0.0175 | scale: 0.3666 | total: 1.6922 | irer_gate: 1.0000
2026-09-07 19:49:26,722 INFO __main__: Step 5725 | silog: 0.5562 | l1: 0.5595 | edge: 0.2207 | smoothness: 0.0371 | planarity: 0.0186 | scale: 0.3780 | total: 1.7051 | irer_gate: 1.0000
2026-09-07 19:49:46,349 INFO __main__: Step 5775 | silog: 0.5283 | l1: 0.5138 | edge: 0.2220 | smoothness: 0.0395 | planarity: 0.0187 | scale: 0.3474 | total: 1.6022 | irer_gate: 1.0000
2026-09-07 19:50:06,135 INFO __main__: Step 5825 | silog: 0.5441 | l1: 0.5432 | edge: 0.2186 | smoothness: 0.0385 | planarity: 0.0190 | scale: 0.3747 | total: 1.6703 | irer_gate: 1.0000
2026-09-07 19:50:26,017 INFO __main__: Step 5875 | silog: 0.5640 | l1: 0.5469 | edge: 0.2154 | smoothness: 0.0339 | planarity: 0.0163 | scale: 0.3582 | total: 1.6662 | irer_gate: 1.0000
2026-09-07 19:50:45,637 INFO __main__: Step 5925 | silog: 0.5427 | l1: 0.5313 | edge: 0.2243 | smoothness: 0.0488 | planarity: 0.0183 | scale: 0.3603 | total: 1.6555 | irer_gate: 1.0000
2026-09-07 19:51:05,474 INFO __main__: Step 5975 | silog: 0.5724 | l1: 0.5746 | edge: 0.2238 | smoothness: 0.0321 | planarity: 0.0173 | scale: 0.3872 | total: 1.7374 | irer_gate: 1.0000
2026-09-07 19:51:25,381 INFO __main__: Step 6025 | silog: 0.5686 | l1: 0.5611 | edge: 0.2226 | smoothness: 0.0373 | planarity: 0.0171 | scale: 0.3978 | total: 1.7333 | irer_gate: 1.0000
2026-09-07 19:51:45,256 INFO __main__: Step 6075 | silog: 0.5573 | l1: 0.5323 | edge: 0.2368 | smoothness: 0.0437 | planarity: 0.0181 | scale: 0.3532 | total: 1.6684 | irer_gate: 1.0000
2026-09-07 19:52:05,204 INFO __main__: Step 6125 | silog: 0.5480 | l1: 0.5467 | edge: 0.2168 | smoothness: 0.0289 | planarity: 0.0151 | scale: 0.3669 | total: 1.6472 | irer_gate: 1.0000
2026-09-07 19:52:25,061 INFO __main__: Step 6175 | silog: 0.5699 | l1: 0.5728 | edge: 0.2291 | smoothness: 0.0438 | planarity: 0.0204 | scale: 0.4122 | total: 1.7733 | irer_gate: 1.0000
2026-09-07 19:52:44,985 INFO __main__: Step 6225 | silog: 0.5552 | l1: 0.5303 | edge: 0.2163 | smoothness: 0.0336 | planarity: 0.0168 | scale: 0.3540 | total: 1.6285 | irer_gate: 1.0000
2026-09-07 19:53:04,876 INFO __main__: Step 6275 | silog: 0.5386 | l1: 0.5240 | edge: 0.2314 | smoothness: 0.0474 | planarity: 0.0190 | scale: 0.3626 | total: 1.6440 | irer_gate: 1.0000
2026-09-07 19:53:24,662 INFO __main__: Step 6325 | silog: 0.5564 | l1: 0.5389 | edge: 0.2414 | smoothness: 0.0351 | planarity: 0.0183 | scale: 0.3417 | total: 1.6522 | irer_gate: 1.0000
2026-09-07 19:53:44,625 INFO __main__: Step 6375 | silog: 0.5421 | l1: 0.5255 | edge: 0.2269 | smoothness: 0.0434 | planarity: 0.0168 | scale: 0.3501 | total: 1.6229 | irer_gate: 1.0000
2026-09-07 19:54:04,460 INFO __main__: Step 6425 | silog: 0.5696 | l1: 0.5759 | edge: 0.2200 | smoothness: 0.0366 | planarity: 0.0182 | scale: 0.4186 | total: 1.7574 | irer_gate: 1.0000
2026-09-07 19:54:24,244 INFO __main__: Step 6475 | silog: 0.5162 | l1: 0.5240 | edge: 0.2170 | smoothness: 0.0408 | planarity: 0.0180 | scale: 0.3879 | total: 1.6185 | irer_gate: 1.0000
2026-09-07 19:54:43,921 INFO __main__: Step 6525 | silog: 0.5570 | l1: 0.5320 | edge: 0.2379 | smoothness: 0.0437 | planarity: 0.0176 | scale: 0.3450 | total: 1.6485 | irer_gate: 1.0000
2026-09-07 19:55:03,687 INFO __main__: Step 6575 | silog: 0.5654 | l1: 0.5366 | edge: 0.2214 | smoothness: 0.0348 | planarity: 0.0179 | scale: 0.3702 | total: 1.6599 | irer_gate: 1.0000
2026-09-07 19:55:23,425 INFO __main__: Step 6625 | silog: 0.5339 | l1: 0.5347 | edge: 0.2289 | smoothness: 0.0418 | planarity: 0.0168 | scale: 0.3471 | total: 1.6146 | irer_gate: 1.0000
2026-09-07 19:55:43,183 INFO __main__: Step 6675 | silog: 0.5753 | l1: 0.5439 | edge: 0.2290 | smoothness: 0.0357 | planarity: 0.0174 | scale: 0.3616 | total: 1.6742 | irer_gate: 1.0000
2026-09-07 19:56:03,249 INFO __main__: Step 6725 | silog: 0.5545 | l1: 0.5441 | edge: 0.2246 | smoothness: 0.0362 | planarity: 0.0184 | scale: 0.3525 | total: 1.6397 | irer_gate: 1.0000
2026-09-07 19:56:23,382 INFO __main__: Step 6775 | silog: 0.5520 | l1: 0.5457 | edge: 0.2230 | smoothness: 0.0341 | planarity: 0.0149 | scale: 0.3670 | total: 1.6443 | irer_gate: 1.0000
2026-09-07 19:56:43,189 INFO __main__: Step 6825 | silog: 0.5545 | l1: 0.5368 | edge: 0.2271 | smoothness: 0.0421 | planarity: 0.0167 | scale: 0.3490 | total: 1.6326 | irer_gate: 1.0000
2026-09-07 19:57:02,920 INFO __main__: Step 6875 | silog: 0.5554 | l1: 0.5696 | edge: 0.2279 | smoothness: 0.0417 | planarity: 0.0183 | scale: 0.4099 | total: 1.7283 | irer_gate: 1.0000
2026-09-07 19:58:01,281 INFO __main__: Epoch 4/24 | Loss: 1.6723 | Metric AbsRel: 1.1018 (RMSE: 7.02m, d1: 20.2%) | Aligned AbsRel: 0.4245 (RMSE: 6.56m, d1: 39.8%) | IRER gate: 1.000 | Time: 594.6s
2026-09-07 19:58:01,853 INFO __main__: Checkpoint saved: /kaggle/working/outputs_2d_vit/checkpoint.pt (epoch=5)
2026-09-07 19:58:10,733 INFO __main__: Step 6925 | silog: 0.5736 | l1: 0.5871 | edge: 0.2290 | smoothness: 0.0401 | planarity: 0.0233 | scale: 0.4333 | total: 1.7919 | irer_gate: 1.0000
2026-09-07 19:58:30,128 INFO __main__: Step 6975 | silog: 0.5752 | l1: 0.5733 | edge: 0.2397 | smoothness: 0.0367 | planarity: 0.0208 | scale: 0.3873 | total: 1.7371 | irer_gate: 1.0000
2026-09-07 19:58:49,781 INFO __main__: Step 7025 | silog: 0.5571 | l1: 0.5373 | edge: 0.2311 | smoothness: 0.0497 | planarity: 0.0192 | scale: 0.3659 | total: 1.6615 | irer_gate: 1.0000
2026-09-07 19:59:09,291 INFO __main__: Step 7075 | silog: 0.5413 | l1: 0.5197 | edge: 0.2324 | smoothness: 0.0396 | planarity: 0.0170 | scale: 0.3380 | total: 1.5864 | irer_gate: 1.0000
2026-09-07 19:59:29,017 INFO __main__: Step 7125 | silog: 0.5508 | l1: 0.5406 | edge: 0.2201 | smoothness: 0.0391 | planarity: 0.0156 | scale: 0.3979 | total: 1.6614 | irer_gate: 1.0000
2026-09-07 19:59:48,572 INFO __main__: Step 7175 | silog: 0.5632 | l1: 0.5623 | edge: 0.2175 | smoothness: 0.0356 | planarity: 0.0178 | scale: 0.3900 | total: 1.6829 | irer_gate: 1.0000
2026-09-07 20:00:08,222 INFO __main__: Step 7225 | silog: 0.5470 | l1: 0.5382 | edge: 0.2232 | smoothness: 0.0428 | planarity: 0.0162 | scale: 0.3732 | total: 1.6345 | irer_gate: 1.0000
2026-09-07 20:00:27,997 INFO __main__: Step 7275 | silog: 0.5613 | l1: 0.5529 | edge: 0.2146 | smoothness: 0.0291 | planarity: 0.0153 | scale: 0.3794 | total: 1.6450 | irer_gate: 1.0000
2026-09-07 20:00:47,459 INFO __main__: Step 7325 | silog: 0.5497 | l1: 0.5484 | edge: 0.2128 | smoothness: 0.0377 | planarity: 0.0158 | scale: 0.3820 | total: 1.6370 | irer_gate: 1.0000
2026-09-07 20:01:07,172 INFO __main__: Step 7375 | silog: 0.5176 | l1: 0.5035 | edge: 0.2183 | smoothness: 0.0388 | planarity: 0.0158 | scale: 0.3332 | total: 1.5140 | irer_gate: 1.0000
2026-09-07 20:01:26,938 INFO __main__: Step 7425 | silog: 0.5502 | l1: 0.5378 | edge: 0.2283 | smoothness: 0.0451 | planarity: 0.0169 | scale: 0.3888 | total: 1.6550 | irer_gate: 1.0000
2026-09-07 20:01:46,708 INFO __main__: Step 7475 | silog: 0.5494 | l1: 0.5291 | edge: 0.2150 | smoothness: 0.0330 | planarity: 0.0141 | scale: 0.3458 | total: 1.5711 | irer_gate: 1.0000
2026-09-07 20:02:06,511 INFO __main__: Step 7525 | silog: 0.5366 | l1: 0.5162 | edge: 0.2297 | smoothness: 0.0423 | planarity: 0.0172 | scale: 0.3365 | total: 1.5614 | irer_gate: 1.0000
2026-09-07 20:02:26,051 INFO __main__: Step 7575 | silog: 0.5387 | l1: 0.5334 | edge: 0.2260 | smoothness: 0.0466 | planarity: 0.0167 | scale: 0.3817 | total: 1.6247 | irer_gate: 1.0000
2026-09-07 20:02:45,827 INFO __main__: Step 7625 | silog: 0.5490 | l1: 0.5573 | edge: 0.2273 | smoothness: 0.0426 | planarity: 0.0191 | scale: 0.4012 | total: 1.6774 | irer_gate: 1.0000
2026-09-07 20:03:05,645 INFO __main__: Step 7675 | silog: 0.5350 | l1: 0.5307 | edge: 0.2303 | smoothness: 0.0512 | planarity: 0.0218 | scale: 0.3669 | total: 1.6142 | irer_gate: 1.0000
2026-09-07 20:03:25,314 INFO __main__: Step 7725 | silog: 0.5449 | l1: 0.5201 | edge: 0.2127 | smoothness: 0.0355 | planarity: 0.0152 | scale: 0.3382 | total: 1.5419 | irer_gate: 1.0000
2026-09-07 20:03:44,937 INFO __main__: Step 7775 | silog: 0.5476 | l1: 0.5339 | edge: 0.2286 | smoothness: 0.0433 | planarity: 0.0162 | scale: 0.3504 | total: 1.5949 | irer_gate: 1.0000
2026-09-07 20:04:04,575 INFO __main__: Step 7825 | silog: 0.5273 | l1: 0.5176 | edge: 0.2230 | smoothness: 0.0472 | planarity: 0.0168 | scale: 0.3675 | total: 1.5707 | irer_gate: 1.0000
2026-09-07 20:04:24,280 INFO __main__: Step 7875 | silog: 0.5432 | l1: 0.5275 | edge: 0.2358 | smoothness: 0.0418 | planarity: 0.0188 | scale: 0.3603 | total: 1.5981 | irer_gate: 1.0000
2026-09-07 20:04:44,001 INFO __main__: Step 7925 | silog: 0.5526 | l1: 0.5255 | edge: 0.2319 | smoothness: 0.0443 | planarity: 0.0192 | scale: 0.3497 | total: 1.5925 | irer_gate: 1.0000
2026-09-07 20:05:03,723 INFO __main__: Step 7975 | silog: 0.5556 | l1: 0.5337 | edge: 0.2186 | smoothness: 0.0431 | planarity: 0.0176 | scale: 0.3520 | total: 1.5876 | irer_gate: 1.0000
2026-09-07 20:05:23,749 INFO __main__: Step 8025 | silog: 0.5148 | l1: 0.5076 | edge: 0.2271 | smoothness: 0.0442 | planarity: 0.0169 | scale: 0.3483 | total: 1.5212 | irer_gate: 1.0000
2026-09-07 20:05:43,528 INFO __main__: Step 8075 | silog: 0.5202 | l1: 0.4987 | edge: 0.2201 | smoothness: 0.0348 | planarity: 0.0156 | scale: 0.3216 | total: 1.4704 | irer_gate: 1.0000
2026-09-07 20:06:03,268 INFO __main__: Step 8125 | silog: 0.5630 | l1: 0.5536 | edge: 0.2408 | smoothness: 0.0534 | planarity: 0.0180 | scale: 0.3716 | total: 1.6633 | irer_gate: 1.0000
2026-09-07 20:06:23,391 INFO __main__: Step 8175 | silog: 0.5329 | l1: 0.5133 | edge: 0.2214 | smoothness: 0.0419 | planarity: 0.0164 | scale: 0.3327 | total: 1.5153 | irer_gate: 1.0000
2026-09-07 20:06:43,173 INFO __main__: Step 8225 | silog: 0.5370 | l1: 0.5311 | edge: 0.2346 | smoothness: 0.0462 | planarity: 0.0191 | scale: 0.3559 | total: 1.5801 | irer_gate: 1.0000
2026-09-07 20:07:02,857 INFO __main__: Step 8275 | silog: 0.5682 | l1: 0.5461 | edge: 0.2285 | smoothness: 0.0338 | planarity: 0.0192 | scale: 0.3541 | total: 1.6054 | irer_gate: 1.0000
2026-09-07 20:07:06,513 INFO __main__: Epoch 5/24 | Loss: 1.6051 | Metric AbsRel: 1.1018 (RMSE: 7.02m, d1: 20.2%) | Aligned AbsRel: 0.4245 (RMSE: 6.56m, d1: 39.8%) | IRER gate: 1.000 | Time: 544.7s
2026-09-07 20:07:07,088 INFO __main__: Checkpoint saved: /kaggle/working/outputs_2d_vit/checkpoint.pt (epoch=6)
2026-09-07 20:07:23,236 INFO __main__: Step 8325 | silog: 0.5460 | l1: 0.5544 | edge: 0.2219 | smoothness: 0.0406 | planarity: 0.0183 | scale: 0.3901 | total: 1.6239 | irer_gate: 1.0000
2026-09-07 20:07:42,705 INFO __main__: Step 8375 | silog: 0.5638 | l1: 0.5534 | edge: 0.2231 | smoothness: 0.0399 | planarity: 0.0181 | scale: 0.3770 | total: 1.6270 | irer_gate: 1.0000
2026-09-07 20:08:02,382 INFO __main__: Step 8425 | silog: 0.5363 | l1: 0.4967 | edge: 0.2243 | smoothness: 0.0466 | planarity: 0.0172 | scale: 0.3173 | total: 1.4848 | irer_gate: 1.0000
2026-09-07 20:08:22,248 INFO __main__: Step 8475 | silog: 0.5357 | l1: 0.5122 | edge: 0.2300 | smoothness: 0.0452 | planarity: 0.0165 | scale: 0.3414 | total: 1.5264 | irer_gate: 1.0000
2026-09-07 20:08:41,899 INFO __main__: Step 8525 | silog: 0.5306 | l1: 0.5310 | edge: 0.2150 | smoothness: 0.0393 | planarity: 0.0166 | scale: 0.3685 | total: 1.5437 | irer_gate: 1.0000
2026-09-07 20:09:01,770 INFO __main__: Step 8575 | silog: 0.5135 | l1: 0.5080 | edge: 0.2224 | smoothness: 0.0431 | planarity: 0.0144 | scale: 0.3553 | total: 1.4960 | irer_gate: 1.0000
2026-09-07 20:09:21,856 INFO __main__: Step 8625 | silog: 0.5122 | l1: 0.4908 | edge: 0.2177 | smoothness: 0.0408 | planarity: 0.0165 | scale: 0.3308 | total: 1.4451 | irer_gate: 1.0000
2026-09-07 20:09:42,167 INFO __main__: Step 8675 | silog: 0.5502 | l1: 0.5381 | edge: 0.2257 | smoothness: 0.0452 | planarity: 0.0166 | scale: 0.3639 | total: 1.5788 | irer_gate: 1.0000
2026-09-07 20:10:02,038 INFO __main__: Step 8725 | silog: 0.5323 | l1: 0.5058 | edge: 0.2124 | smoothness: 0.0315 | planarity: 0.0143 | scale: 0.3074 | total: 1.4369 | irer_gate: 1.0000
2026-09-07 20:10:22,164 INFO __main__: Step 8775 | silog: 0.5436 | l1: 0.5335 | edge: 0.2353 | smoothness: 0.0460 | planarity: 0.0168 | scale: 0.3568 | total: 1.5668 | irer_gate: 1.0000
2026-09-07 20:10:42,348 INFO __main__: Step 8825 | silog: 0.5203 | l1: 0.4996 | edge: 0.2231 | smoothness: 0.0416 | planarity: 0.0168 | scale: 0.3169 | total: 1.4470 | irer_gate: 1.0000
2026-09-07 20:11:02,774 INFO __main__: Step 8875 | silog: 0.5635 | l1: 0.5619 | edge: 0.2325 | smoothness: 0.0456 | planarity: 0.0180 | scale: 0.3875 | total: 1.6413 | irer_gate: 1.0000
2026-09-07 20:11:23,243 INFO __main__: Step 8925 | silog: 0.5679 | l1: 0.5492 | edge: 0.2245 | smoothness: 0.0291 | planarity: 0.0155 | scale: 0.3704 | total: 1.5853 | irer_gate: 1.0000
2026-09-07 20:11:43,352 INFO __main__: Step 8975 | silog: 0.5375 | l1: 0.5078 | edge: 0.2213 | smoothness: 0.0407 | planarity: 0.0175 | scale: 0.3302 | total: 1.4782 | irer_gate: 1.0000
2026-09-07 20:12:03,510 INFO __main__: Step 9025 | silog: 0.5442 | l1: 0.5137 | edge: 0.2227 | smoothness: 0.0410 | planarity: 0.0188 | scale: 0.3292 | total: 1.4911 | irer_gate: 1.0000
2026-09-07 20:12:23,844 INFO __main__: Step 9075 | silog: 0.5206 | l1: 0.5186 | edge: 0.2102 | smoothness: 0.0350 | planarity: 0.0162 | scale: 0.3552 | total: 1.4728 | irer_gate: 1.0000
2026-09-07 20:12:43,727 INFO __main__: Step 9125 | silog: 0.5281 | l1: 0.5120 | edge: 0.2231 | smoothness: 0.0369 | planarity: 0.0164 | scale: 0.3401 | total: 1.4722 | irer_gate: 1.0000
2026-09-07 20:13:03,894 INFO __main__: Step 9175 | silog: 0.5314 | l1: 0.5078 | edge: 0.2196 | smoothness: 0.0444 | planarity: 0.0159 | scale: 0.3378 | total: 1.4699 | irer_gate: 1.0000
2026-09-07 20:13:24,101 INFO __main__: Step 9225 | silog: 0.5514 | l1: 0.5109 | edge: 0.2331 | smoothness: 0.0412 | planarity: 0.0177 | scale: 0.3252 | total: 1.4918 | irer_gate: 1.0000
2026-09-07 20:13:44,331 INFO __main__: Step 9275 | silog: 0.5552 | l1: 0.5104 | edge: 0.2139 | smoothness: 0.0405 | planarity: 0.0159 | scale: 0.3244 | total: 1.4691 | irer_gate: 1.0000
2026-09-07 20:14:04,755 INFO __main__: Step 9325 | silog: 0.5404 | l1: 0.5089 | edge: 0.2272 | smoothness: 0.0450 | planarity: 0.0171 | scale: 0.3249 | total: 1.4699 | irer_gate: 1.0000
2026-09-07 20:14:24,697 INFO __main__: Step 9375 | silog: 0.5256 | l1: 0.5167 | edge: 0.2309 | smoothness: 0.0445 | planarity: 0.0192 | scale: 0.3524 | total: 1.4934 | irer_gate: 1.0000
2026-09-07 20:14:45,033 INFO __main__: Step 9425 | silog: 0.5303 | l1: 0.5303 | edge: 0.2265 | smoothness: 0.0470 | planarity: 0.0216 | scale: 0.3748 | total: 1.5338 | irer_gate: 1.0000
2026-09-07 20:15:05,236 INFO __main__: Step 9475 | silog: 0.5334 | l1: 0.5154 | edge: 0.2183 | smoothness: 0.0401 | planarity: 0.0197 | scale: 0.3575 | total: 1.4845 | irer_gate: 1.0000
2026-09-07 20:15:25,453 INFO __main__: Step 9525 | silog: 0.5507 | l1: 0.5318 | edge: 0.2183 | smoothness: 0.0389 | planarity: 0.0148 | scale: 0.3496 | total: 1.5040 | irer_gate: 1.0000
2026-09-07 20:15:45,748 INFO __main__: Step 9575 | silog: 0.5377 | l1: 0.5155 | edge: 0.2218 | smoothness: 0.0397 | planarity: 0.0167 | scale: 0.3430 | total: 1.4710 | irer_gate: 1.0000
2026-09-07 20:16:06,082 INFO __main__: Step 9625 | silog: 0.5169 | l1: 0.5026 | edge: 0.2186 | smoothness: 0.0482 | planarity: 0.0168 | scale: 0.3501 | total: 1.4460 | irer_gate: 1.0000
2026-09-07 20:17:12,228 INFO __main__: Epoch 6/24 | Loss: 1.5061 | Metric AbsRel: 1.1049 (RMSE: 6.96m, d1: 20.5%) | Aligned AbsRel: 0.3581 (RMSE: 6.19m, d1: 46.8%) | IRER gate: 1.000 | Time: 605.1s
2026-09-07 20:17:12,820 INFO __main__: Checkpoint saved: /kaggle/working/outputs_2d_vit/checkpoint.pt (epoch=7)
2026-09-07 20:17:16,995 INFO __main__: Step 9675 | silog: 0.5258 | l1: 0.4995 | edge: 0.2150 | smoothness: 0.0358 | planarity: 0.0170 | scale: 0.3253 | total: 1.4088 | irer_gate: 1.0000
2026-09-07 20:17:36,970 INFO __main__: Step 9725 | silog: 0.5354 | l1: 0.5054 | edge: 0.2180 | smoothness: 0.0488 | planarity: 0.0171 | scale: 0.3247 | total: 1.4394 | irer_gate: 1.0000
2026-09-07 20:17:57,010 INFO __main__: Step 9775 | silog: 0.5224 | l1: 0.4902 | edge: 0.2245 | smoothness: 0.0449 | planarity: 0.0166 | scale: 0.3187 | total: 1.4029 | irer_gate: 1.0000
2026-09-07 20:18:17,059 INFO __main__: Step 9825 | silog: 0.5214 | l1: 0.5014 | edge: 0.2081 | smoothness: 0.0404 | planarity: 0.0141 | scale: 0.3384 | total: 1.4057 | irer_gate: 1.0000
2026-09-07 20:18:37,321 INFO __main__: Step 9875 | silog: 0.5336 | l1: 0.5020 | edge: 0.2332 | smoothness: 0.0448 | planarity: 0.0156 | scale: 0.3251 | total: 1.4366 | irer_gate: 1.0000
2026-09-07 20:18:57,132 INFO __main__: Step 9925 | silog: 0.5066 | l1: 0.4708 | edge: 0.2181 | smoothness: 0.0447 | planarity: 0.0154 | scale: 0.2996 | total: 1.3302 | irer_gate: 1.0000
2026-09-07 20:19:16,917 INFO __main__: Step 9975 | silog: 0.5255 | l1: 0.5140 | edge: 0.2399 | smoothness: 0.0496 | planarity: 0.0186 | scale: 0.3298 | total: 1.4556 | irer_gate: 1.0000
2026-09-07 20:19:36,974 INFO __main__: Step 10025 | silog: 0.5433 | l1: 0.5194 | edge: 0.2206 | smoothness: 0.0397 | planarity: 0.0173 | scale: 0.3454 | total: 1.4613 | irer_gate: 1.0000
2026-09-07 20:19:56,820 INFO __main__: Step 10075 | silog: 0.5235 | l1: 0.4998 | edge: 0.2267 | smoothness: 0.0409 | planarity: 0.0163 | scale: 0.3200 | total: 1.3981 | irer_gate: 1.0000
2026-09-07 20:20:16,929 INFO __main__: Step 10125 | silog: 0.5331 | l1: 0.5111 | edge: 0.2287 | smoothness: 0.0475 | planarity: 0.0158 | scale: 0.3451 | total: 1.4518 | irer_gate: 1.0000
2026-09-07 20:20:36,850 INFO __main__: Step 10175 | silog: 0.5383 | l1: 0.5126 | edge: 0.2218 | smoothness: 0.0421 | planarity: 0.0172 | scale: 0.3174 | total: 1.4173 | irer_gate: 1.0000
2026-09-07 20:20:56,704 INFO __main__: Step 10225 | silog: 0.5354 | l1: 0.5078 | edge: 0.2224 | smoothness: 0.0380 | planarity: 0.0143 | scale: 0.3256 | total: 1.4079 | irer_gate: 1.0000
2026-09-07 20:21:16,825 INFO __main__: Step 10275 | silog: 0.5279 | l1: 0.4964 | edge: 0.2229 | smoothness: 0.0392 | planarity: 0.0165 | scale: 0.3195 | total: 1.3834 | irer_gate: 1.0000
2026-09-07 20:21:36,742 INFO __main__: Step 10325 | silog: 0.5374 | l1: 0.5098 | edge: 0.2336 | smoothness: 0.0468 | planarity: 0.0185 | scale: 0.3250 | total: 1.4329 | irer_gate: 1.0000
2026-09-07 20:21:57,105 INFO __main__: Step 10375 | silog: 0.5127 | l1: 0.4739 | edge: 0.2166 | smoothness: 0.0383 | planarity: 0.0160 | scale: 0.2994 | total: 1.3099 | irer_gate: 1.0000
2026-09-07 20:22:17,288 INFO __main__: Step 10425 | silog: 0.5043 | l1: 0.4874 | edge: 0.2306 | smoothness: 0.0511 | planarity: 0.0165 | scale: 0.3191 | total: 1.3611 | irer_gate: 1.0000
2026-09-07 20:22:37,456 INFO __main__: Step 10475 | silog: 0.5323 | l1: 0.4959 | edge: 0.2174 | smoothness: 0.0441 | planarity: 0.0157 | scale: 0.3096 | total: 1.3660 | irer_gate: 1.0000
2026-09-07 20:22:57,909 INFO __main__: Step 10525 | silog: 0.5486 | l1: 0.5156 | edge: 0.2280 | smoothness: 0.0421 | planarity: 0.0164 | scale: 0.3160 | total: 1.4183 | irer_gate: 1.0000
2026-09-07 20:23:18,401 INFO __main__: Step 10575 | silog: 0.4847 | l1: 0.4566 | edge: 0.2142 | smoothness: 0.0470 | planarity: 0.0158 | scale: 0.2861 | total: 1.2432 | irer_gate: 1.0000
2026-09-07 20:23:38,517 INFO __main__: Step 10625 | silog: 0.5162 | l1: 0.4841 | edge: 0.2248 | smoothness: 0.0516 | planarity: 0.0161 | scale: 0.3105 | total: 1.3450 | irer_gate: 1.0000
2026-09-07 20:23:58,913 INFO __main__: Step 10675 | silog: 0.4971 | l1: 0.4655 | edge: 0.2144 | smoothness: 0.0406 | planarity: 0.0152 | scale: 0.2846 | total: 1.2515 | irer_gate: 1.0000
2026-09-07 20:24:18,973 INFO __main__: Step 10725 | silog: 0.5408 | l1: 0.4939 | edge: 0.2224 | smoothness: 0.0476 | planarity: 0.0159 | scale: 0.3165 | total: 1.3751 | irer_gate: 1.0000
2026-09-07 20:24:39,401 INFO __main__: Step 10775 | silog: 0.4969 | l1: 0.4534 | edge: 0.2100 | smoothness: 0.0387 | planarity: 0.0141 | scale: 0.2794 | total: 1.2193 | irer_gate: 1.0000
2026-09-07 20:24:59,674 INFO __main__: Step 10825 | silog: 0.5068 | l1: 0.4793 | edge: 0.2319 | smoothness: 0.0510 | planarity: 0.0172 | scale: 0.3178 | total: 1.3331 | irer_gate: 1.0000
2026-09-07 20:25:20,037 INFO __main__: Step 10875 | silog: 0.5273 | l1: 0.5016 | edge: 0.2271 | smoothness: 0.0449 | planarity: 0.0167 | scale: 0.3241 | total: 1.3706 | irer_gate: 1.0000
2026-09-07 20:25:40,715 INFO __main__: Step 10925 | silog: 0.5055 | l1: 0.4634 | edge: 0.2114 | smoothness: 0.0431 | planarity: 0.0143 | scale: 0.2748 | total: 1.2321 | irer_gate: 1.0000
2026-09-07 20:26:01,057 INFO __main__: Step 10975 | silog: 0.5186 | l1: 0.4865 | edge: 0.2233 | smoothness: 0.0442 | planarity: 0.0176 | scale: 0.3085 | total: 1.3195 | irer_gate: 1.0000
2026-09-07 20:26:21,269 INFO __main__: Step 11025 | silog: 0.5256 | l1: 0.4961 | edge: 0.2183 | smoothness: 0.0390 | planarity: 0.0150 | scale: 0.3121 | total: 1.3250 | irer_gate: 1.0000
2026-09-07 20:26:29,558 INFO __main__: Epoch 7/24 | Loss: 1.3660 | Metric AbsRel: 1.1049 (RMSE: 6.96m, d1: 20.5%) | Aligned AbsRel: 0.3581 (RMSE: 6.19m, d1: 46.8%) | IRER gate: 1.000 | Time: 556.7s
2026-09-07 20:26:30,163 INFO __main__: Checkpoint saved: /kaggle/working/outputs_2d_vit/checkpoint.pt (epoch=8)
2026-09-07 20:26:41,881 INFO __main__: Step 11075 | silog: 0.5285 | l1: 0.4761 | edge: 0.2282 | smoothness: 0.0490 | planarity: 0.0158 | scale: 0.3007 | total: 1.3147 | irer_gate: 1.0000
2026-09-07 20:27:02,021 INFO __main__: Step 11125 | silog: 0.5000 | l1: 0.4633 | edge: 0.2247 | smoothness: 0.0503 | planarity: 0.0165 | scale: 0.2967 | total: 1.2612 | irer_gate: 1.0000
2026-09-07 20:27:22,123 INFO __main__: Step 11175 | silog: 0.5135 | l1: 0.4928 | edge: 0.2112 | smoothness: 0.0394 | planarity: 0.0152 | scale: 0.3389 | total: 1.3199 | irer_gate: 1.0000
2026-09-07 20:27:41,871 INFO __main__: Step 11225 | silog: 0.5209 | l1: 0.4915 | edge: 0.2283 | smoothness: 0.0525 | planarity: 0.0166 | scale: 0.3293 | total: 1.3487 | irer_gate: 1.0000
2026-09-07 20:28:01,747 INFO __main__: Step 11275 | silog: 0.5123 | l1: 0.4981 | edge: 0.2169 | smoothness: 0.0483 | planarity: 0.0170 | scale: 0.3310 | total: 1.3293 | irer_gate: 1.0000
2026-09-07 20:28:21,875 INFO __main__: Step 11325 | silog: 0.5036 | l1: 0.4587 | edge: 0.2245 | smoothness: 0.0469 | planarity: 0.0163 | scale: 0.2678 | total: 1.2178 | irer_gate: 1.0000
2026-09-07 20:28:41,876 INFO __main__: Step 11375 | silog: 0.5345 | l1: 0.5006 | edge: 0.2176 | smoothness: 0.0414 | planarity: 0.0149 | scale: 0.3283 | total: 1.3401 | irer_gate: 1.0000
2026-09-07 20:29:01,733 INFO __main__: Step 11425 | silog: 0.4929 | l1: 0.4546 | edge: 0.2248 | smoothness: 0.0563 | planarity: 0.0174 | scale: 0.2878 | total: 1.2283 | irer_gate: 1.0000
2026-09-07 20:29:21,792 INFO __main__: Step 11475 | silog: 0.4972 | l1: 0.4663 | edge: 0.2118 | smoothness: 0.0446 | planarity: 0.0151 | scale: 0.2985 | total: 1.2248 | irer_gate: 1.0000
2026-09-07 20:29:41,869 INFO __main__: Step 11525 | silog: 0.5259 | l1: 0.5049 | edge: 0.2177 | smoothness: 0.0419 | planarity: 0.0158 | scale: 0.3397 | total: 1.3412 | irer_gate: 1.0000
2026-09-07 20:30:01,772 INFO __main__: Step 11575 | silog: 0.5193 | l1: 0.4962 | edge: 0.2383 | smoothness: 0.0565 | planarity: 0.0184 | scale: 0.3369 | total: 1.3608 | irer_gate: 1.0000
2026-09-07 20:30:21,807 INFO __main__: Step 11625 | silog: 0.5100 | l1: 0.4700 | edge: 0.2212 | smoothness: 0.0440 | planarity: 0.0167 | scale: 0.2918 | total: 1.2406 | irer_gate: 1.0000
2026-09-07 20:30:41,971 INFO __main__: Step 11675 | silog: 0.5154 | l1: 0.4821 | edge: 0.2370 | smoothness: 0.0537 | planarity: 0.0186 | scale: 0.3152 | total: 1.3103 | irer_gate: 1.0000
2026-09-07 20:31:02,231 INFO __main__: Step 11725 | silog: 0.5136 | l1: 0.4823 | edge: 0.2229 | smoothness: 0.0454 | planarity: 0.0167 | scale: 0.3046 | total: 1.2687 | irer_gate: 1.0000
2026-09-07 20:31:22,456 INFO __main__: Step 11775 | silog: 0.5291 | l1: 0.4925 | edge: 0.2208 | smoothness: 0.0464 | planarity: 0.0163 | scale: 0.3166 | total: 1.3043 | irer_gate: 1.0000
2026-09-07 20:31:43,343 INFO __main__: Step 11825 | silog: 0.5134 | l1: 0.4792 | edge: 0.2199 | smoothness: 0.0418 | planarity: 0.0173 | scale: 0.3044 | total: 1.2525 | irer_gate: 1.0000
2026-09-07 20:32:04,018 INFO __main__: Step 11875 | silog: 0.4948 | l1: 0.4626 | edge: 0.2211 | smoothness: 0.0496 | planarity: 0.0163 | scale: 0.2991 | total: 1.2146 | irer_gate: 1.0000
2026-09-07 20:32:24,465 INFO __main__: Step 11925 | silog: 0.5026 | l1: 0.4672 | edge: 0.2273 | smoothness: 0.0487 | planarity: 0.0172 | scale: 0.3010 | total: 1.2339 | irer_gate: 1.0000
2026-09-07 20:32:44,734 INFO __main__: Step 11975 | silog: 0.5183 | l1: 0.4679 | edge: 0.2149 | smoothness: 0.0421 | planarity: 0.0157 | scale: 0.2798 | total: 1.2054 | irer_gate: 1.0000
2026-09-07 20:33:04,862 INFO __main__: Step 12025 | silog: 0.5206 | l1: 0.4829 | edge: 0.2267 | smoothness: 0.0507 | planarity: 0.0161 | scale: 0.3118 | total: 1.2766 | irer_gate: 1.0000
2026-09-07 20:33:24,884 INFO __main__: Step 12075 | silog: 0.5234 | l1: 0.4930 | edge: 0.2325 | smoothness: 0.0481 | planarity: 0.0190 | scale: 0.2962 | total: 1.2794 | irer_gate: 1.0000
2026-09-07 20:33:45,097 INFO __main__: Step 12125 | silog: 0.5091 | l1: 0.4730 | edge: 0.2173 | smoothness: 0.0468 | planarity: 0.0163 | scale: 0.3171 | total: 1.2389 | irer_gate: 1.0000
2026-09-07 20:34:05,131 INFO __main__: Step 12175 | silog: 0.5130 | l1: 0.4875 | edge: 0.2220 | smoothness: 0.0443 | planarity: 0.0172 | scale: 0.3095 | total: 1.2521 | irer_gate: 1.0000
2026-09-07 20:34:25,741 INFO __main__: Step 12225 | silog: 0.5162 | l1: 0.4825 | edge: 0.2265 | smoothness: 0.0491 | planarity: 0.0184 | scale: 0.3080 | total: 1.2575 | irer_gate: 1.0000
2026-09-07 20:34:45,760 INFO __main__: Step 12275 | silog: 0.5039 | l1: 0.4726 | edge: 0.2205 | smoothness: 0.0549 | planarity: 0.0165 | scale: 0.3130 | total: 1.2331 | irer_gate: 1.0000
2026-09-07 20:35:05,805 INFO __main__: Step 12325 | silog: 0.4707 | l1: 0.4457 | edge: 0.2139 | smoothness: 0.0466 | planarity: 0.0153 | scale: 0.2909 | total: 1.1248 | irer_gate: 1.0000
2026-09-07 20:35:26,103 INFO __main__: Step 12375 | silog: 0.5097 | l1: 0.4824 | edge: 0.2237 | smoothness: 0.0442 | planarity: 0.0162 | scale: 0.3119 | total: 1.2358 | irer_gate: 1.0000
2026-09-07 20:35:45,423 INFO __main__: Step 12425 | silog: 0.5053 | l1: 0.4689 | edge: 0.2237 | smoothness: 0.0513 | planarity: 0.0158 | scale: 0.3161 | total: 1.2251 | irer_gate: 1.0000
2026-09-07 20:36:35,767 INFO __main__: Epoch 8/24 | Loss: 1.2641 | Metric AbsRel: 0.7319 (RMSE: 5.81m, d1: 31.1%) | Aligned AbsRel: 0.3380 (RMSE: 5.88m, d1: 50.2%) | IRER gate: 1.000 | Time: 605.6s
2026-09-07 20:36:36,352 INFO __main__: Checkpoint saved: /kaggle/working/outputs_2d_vit/checkpoint.pt (epoch=9)
2026-09-07 20:36:55,785 INFO __main__: Step 12475 | silog: 0.5068 | l1: 0.4669 | edge: 0.2313 | smoothness: 0.0497 | planarity: 0.0163 | scale: 0.2887 | total: 1.2014 | irer_gate: 1.0000
2026-09-07 20:37:15,759 INFO __main__: Step 12525 | silog: 0.5011 | l1: 0.4567 | edge: 0.2165 | smoothness: 0.0467 | planarity: 0.0154 | scale: 0.2800 | total: 1.1517 | irer_gate: 1.0000
2026-09-07 20:37:35,961 INFO __main__: Step 12575 | silog: 0.5140 | l1: 0.4734 | edge: 0.2251 | smoothness: 0.0514 | planarity: 0.0164 | scale: 0.2924 | total: 1.2096 | irer_gate: 1.0000
2026-09-07 20:37:55,980 INFO __main__: Step 12625 | silog: 0.5039 | l1: 0.4701 | edge: 0.2025 | smoothness: 0.0428 | planarity: 0.0146 | scale: 0.2916 | total: 1.1544 | irer_gate: 1.0000
2026-09-07 20:38:16,168 INFO __main__: Step 12675 | silog: 0.4954 | l1: 0.4543 | edge: 0.2203 | smoothness: 0.0452 | planarity: 0.0145 | scale: 0.2728 | total: 1.1277 | irer_gate: 1.0000
2026-09-07 20:38:36,172 INFO __main__: Step 12725 | silog: 0.5043 | l1: 0.4555 | edge: 0.2222 | smoothness: 0.0511 | planarity: 0.0150 | scale: 0.2786 | total: 1.1509 | irer_gate: 1.0000
2026-09-07 20:38:56,178 INFO __main__: Step 12775 | silog: 0.4890 | l1: 0.4487 | edge: 0.2164 | smoothness: 0.0507 | planarity: 0.0142 | scale: 0.2766 | total: 1.1133 | irer_gate: 1.0000
2026-09-07 20:39:16,258 INFO __main__: Step 12825 | silog: 0.5078 | l1: 0.4736 | edge: 0.2303 | smoothness: 0.0514 | planarity: 0.0163 | scale: 0.2983 | total: 1.1994 | irer_gate: 1.0000
2026-09-07 20:39:36,340 INFO __main__: Step 12875 | silog: 0.5030 | l1: 0.4772 | edge: 0.2151 | smoothness: 0.0408 | planarity: 0.0147 | scale: 0.3084 | total: 1.1748 | irer_gate: 1.0000
2026-09-07 20:39:56,412 INFO __main__: Step 12925 | silog: 0.4957 | l1: 0.4557 | edge: 0.2238 | smoothness: 0.0499 | planarity: 0.0161 | scale: 0.2846 | total: 1.1378 | irer_gate: 1.0000
2026-09-07 20:40:16,258 INFO __main__: Step 12975 | silog: 0.4934 | l1: 0.4577 | edge: 0.2130 | smoothness: 0.0502 | planarity: 0.0165 | scale: 0.2928 | total: 1.1315 | irer_gate: 1.0000
2026-09-07 20:40:36,271 INFO __main__: Step 13025 | silog: 0.5026 | l1: 0.4709 | edge: 0.2279 | smoothness: 0.0453 | planarity: 0.0169 | scale: 0.3018 | total: 1.1745 | irer_gate: 1.0000
2026-09-07 20:40:56,377 INFO __main__: Step 13075 | silog: 0.5159 | l1: 0.4843 | edge: 0.2239 | smoothness: 0.0476 | planarity: 0.0163 | scale: 0.3084 | total: 1.2060 | irer_gate: 1.0000
2026-09-07 20:41:16,515 INFO __main__: Step 13125 | silog: 0.5042 | l1: 0.4642 | edge: 0.2173 | smoothness: 0.0393 | planarity: 0.0171 | scale: 0.2881 | total: 1.1320 | irer_gate: 1.0000
2026-09-07 20:41:36,793 INFO __main__: Step 13175 | silog: 0.4796 | l1: 0.4519 | edge: 0.2151 | smoothness: 0.0486 | planarity: 0.0166 | scale: 0.2898 | total: 1.0968 | irer_gate: 1.0000
2026-09-07 20:41:57,020 INFO __main__: Step 13225 | silog: 0.5092 | l1: 0.4801 | edge: 0.2137 | smoothness: 0.0429 | planarity: 0.0150 | scale: 0.3146 | total: 1.1744 | irer_gate: 1.0000
2026-09-07 20:42:17,109 INFO __main__: Step 13275 | silog: 0.4962 | l1: 0.4573 | edge: 0.2109 | smoothness: 0.0488 | planarity: 0.0163 | scale: 0.3001 | total: 1.1222 | irer_gate: 1.0000
2026-09-07 20:42:37,125 INFO __main__: Step 13325 | silog: 0.4913 | l1: 0.4544 | edge: 0.2267 | smoothness: 0.0543 | planarity: 0.0169 | scale: 0.2794 | total: 1.1147 | irer_gate: 1.0000
2026-09-07 20:42:57,419 INFO __main__: Step 13375 | silog: 0.4971 | l1: 0.4529 | edge: 0.2185 | smoothness: 0.0462 | planarity: 0.0160 | scale: 0.2726 | total: 1.0910 | irer_gate: 1.0000
2026-09-07 20:43:17,547 INFO __main__: Step 13425 | silog: 0.4991 | l1: 0.4682 | edge: 0.2312 | smoothness: 0.0523 | planarity: 0.0161 | scale: 0.3034 | total: 1.1595 | irer_gate: 1.0000
2026-09-07 20:43:37,598 INFO __main__: Step 13475 | silog: 0.4934 | l1: 0.4694 | edge: 0.2149 | smoothness: 0.0402 | planarity: 0.0145 | scale: 0.3035 | total: 1.1187 | irer_gate: 1.0000
2026-09-07 20:43:57,775 INFO __main__: Step 13525 | silog: 0.5095 | l1: 0.4537 | edge: 0.2257 | smoothness: 0.0514 | planarity: 0.0149 | scale: 0.2792 | total: 1.1178 | irer_gate: 1.0000
2026-09-07 20:44:18,098 INFO __main__: Step 13575 | silog: 0.5071 | l1: 0.4744 | edge: 0.2333 | smoothness: 0.0503 | planarity: 0.0170 | scale: 0.2922 | total: 1.1579 | irer_gate: 1.0000
2026-09-07 20:44:38,305 INFO __main__: Step 13625 | silog: 0.4940 | l1: 0.4717 | edge: 0.2288 | smoothness: 0.0523 | planarity: 0.0158 | scale: 0.3235 | total: 1.1643 | irer_gate: 1.0000
2026-09-07 20:44:58,551 INFO __main__: Step 13675 | silog: 0.5031 | l1: 0.4713 | edge: 0.2213 | smoothness: 0.0460 | planarity: 0.0176 | scale: 0.3230 | total: 1.1583 | irer_gate: 1.0000
2026-09-07 20:45:18,711 INFO __main__: Step 13725 | silog: 0.4906 | l1: 0.4464 | edge: 0.2235 | smoothness: 0.0529 | planarity: 0.0172 | scale: 0.2692 | total: 1.0696 | irer_gate: 1.0000
2026-09-07 20:45:39,065 INFO __main__: Step 13775 | silog: 0.4960 | l1: 0.4537 | edge: 0.2237 | smoothness: 0.0494 | planarity: 0.0162 | scale: 0.2895 | total: 1.0970 | irer_gate: 1.0000
2026-09-07 20:45:52,382 INFO __main__: Epoch 9/24 | Loss: 1.1425 | Metric AbsRel: 0.7319 (RMSE: 5.81m, d1: 31.1%) | Aligned AbsRel: 0.3380 (RMSE: 5.88m, d1: 50.2%) | IRER gate: 1.000 | Time: 556.0s
2026-09-07 20:45:53,000 INFO __main__: Checkpoint saved: /kaggle/working/outputs_2d_vit/checkpoint.pt (epoch=10)
2026-09-07 20:46:00,168 INFO __main__: Step 13825 | silog: 0.5003 | l1: 0.4637 | edge: 0.2136 | smoothness: 0.0469 | planarity: 0.0153 | scale: 0.2929 | total: 1.0989 | irer_gate: 1.0000
2026-09-07 20:46:20,163 INFO __main__: Step 13875 | silog: 0.4825 | l1: 0.4480 | edge: 0.2323 | smoothness: 0.0526 | planarity: 0.0175 | scale: 0.2783 | total: 1.0731 | irer_gate: 1.0000
2026-09-07 20:46:39,991 INFO __main__: Step 13925 | silog: 0.5108 | l1: 0.4697 | edge: 0.2208 | smoothness: 0.0494 | planarity: 0.0165 | scale: 0.2927 | total: 1.1241 | irer_gate: 1.0000
2026-09-07 20:46:59,981 INFO __main__: Step 13975 | silog: 0.4849 | l1: 0.4411 | edge: 0.2157 | smoothness: 0.0468 | planarity: 0.0151 | scale: 0.2833 | total: 1.0402 | irer_gate: 1.0000
2026-09-07 20:47:20,081 INFO __main__: Step 14025 | silog: 0.4918 | l1: 0.4591 | edge: 0.2225 | smoothness: 0.0539 | planarity: 0.0166 | scale: 0.3089 | total: 1.1088 | irer_gate: 1.0000
2026-09-07 20:47:40,242 INFO __main__: Step 14075 | silog: 0.4580 | l1: 0.4302 | edge: 0.2075 | smoothness: 0.0502 | planarity: 0.0145 | scale: 0.2757 | total: 0.9783 | irer_gate: 1.0000
2026-09-07 20:48:00,642 INFO __main__: Step 14125 | silog: 0.5235 | l1: 0.4823 | edge: 0.2259 | smoothness: 0.0476 | planarity: 0.0158 | scale: 0.2979 | total: 1.1511 | irer_gate: 1.0000
2026-09-07 20:48:20,607 INFO __main__: Step 14175 | silog: 0.4848 | l1: 0.4354 | edge: 0.2206 | smoothness: 0.0473 | planarity: 0.0155 | scale: 0.2558 | total: 1.0023 | irer_gate: 1.0000
2026-09-07 20:48:40,526 INFO __main__: Step 14225 | silog: 0.4965 | l1: 0.4640 | edge: 0.2224 | smoothness: 0.0456 | planarity: 0.0159 | scale: 0.2893 | total: 1.0794 | irer_gate: 1.0000
2026-09-07 20:49:00,516 INFO __main__: Step 14275 | silog: 0.5008 | l1: 0.4724 | edge: 0.2160 | smoothness: 0.0527 | planarity: 0.0156 | scale: 0.3137 | total: 1.1162 | irer_gate: 1.0000
2026-09-07 20:49:20,521 INFO __main__: Step 14325 | silog: 0.5132 | l1: 0.5023 | edge: 0.2278 | smoothness: 0.0469 | planarity: 0.0167 | scale: 0.3437 | total: 1.2001 | irer_gate: 1.0000
2026-09-07 20:49:40,522 INFO __main__: Step 14375 | silog: 0.5045 | l1: 0.4813 | edge: 0.2302 | smoothness: 0.0468 | planarity: 0.0159 | scale: 0.3167 | total: 1.1389 | irer_gate: 1.0000
2026-09-07 20:50:00,442 INFO __main__: Step 14425 | silog: 0.4979 | l1: 0.4770 | edge: 0.2197 | smoothness: 0.0503 | planarity: 0.0158 | scale: 0.3019 | total: 1.1017 | irer_gate: 1.0000
2026-09-07 20:50:20,447 INFO __main__: Step 14475 | silog: 0.5244 | l1: 0.4816 | edge: 0.2155 | smoothness: 0.0433 | planarity: 0.0144 | scale: 0.2928 | total: 1.1124 | irer_gate: 1.0000
2026-09-07 20:50:40,499 INFO __main__: Step 14525 | silog: 0.4980 | l1: 0.4669 | edge: 0.2181 | smoothness: 0.0451 | planarity: 0.0163 | scale: 0.3015 | total: 1.0789 | irer_gate: 1.0000
2026-09-07 20:51:00,653 INFO __main__: Step 14575 | silog: 0.5042 | l1: 0.4614 | edge: 0.2311 | smoothness: 0.0528 | planarity: 0.0154 | scale: 0.2805 | total: 1.0788 | irer_gate: 1.0000
2026-09-07 20:51:20,864 INFO __main__: Step 14625 | silog: 0.4867 | l1: 0.4479 | edge: 0.2045 | smoothness: 0.0487 | planarity: 0.0142 | scale: 0.2793 | total: 1.0031 | irer_gate: 1.0000
2026-09-07 20:51:40,907 INFO __main__: Step 14675 | silog: 0.5130 | l1: 0.4635 | edge: 0.2283 | smoothness: 0.0519 | planarity: 0.0169 | scale: 0.2943 | total: 1.0971 | irer_gate: 1.0000
2026-09-07 20:52:01,137 INFO __main__: Step 14725 | silog: 0.5068 | l1: 0.4821 | edge: 0.2182 | smoothness: 0.0470 | planarity: 0.0180 | scale: 0.3297 | total: 1.1284 | irer_gate: 1.0000
2026-09-07 20:52:22,140 INFO __main__: Step 14775 | silog: 0.5060 | l1: 0.4764 | edge: 0.2323 | smoothness: 0.0552 | planarity: 0.0178 | scale: 0.3181 | total: 1.1322 | irer_gate: 1.0000
2026-09-07 20:52:43,772 INFO __main__: Step 14825 | silog: 0.4954 | l1: 0.4770 | edge: 0.2253 | smoothness: 0.0549 | planarity: 0.0176 | scale: 0.3181 | total: 1.1097 | irer_gate: 1.0000
2026-09-07 20:53:05,538 INFO __main__: Step 14875 | silog: 0.4922 | l1: 0.4471 | edge: 0.2220 | smoothness: 0.0473 | planarity: 0.0162 | scale: 0.2750 | total: 1.0127 | irer_gate: 1.0000
2026-09-07 20:53:26,688 INFO __main__: Step 14925 | silog: 0.4884 | l1: 0.4493 | edge: 0.2182 | smoothness: 0.0545 | planarity: 0.0147 | scale: 0.2897 | total: 1.0250 | irer_gate: 1.0000
2026-09-07 20:53:47,921 INFO __main__: Step 14975 | silog: 0.4931 | l1: 0.4427 | edge: 0.2095 | smoothness: 0.0463 | planarity: 0.0155 | scale: 0.2645 | total: 0.9768 | irer_gate: 1.0000
2026-09-07 20:54:08,268 INFO __main__: Step 15025 | silog: 0.4765 | l1: 0.4439 | edge: 0.2196 | smoothness: 0.0527 | planarity: 0.0168 | scale: 0.2767 | total: 0.9884 | irer_gate: 1.0000
2026-09-07 20:54:28,677 INFO __main__: Step 15075 | silog: 0.4933 | l1: 0.4575 | edge: 0.2265 | smoothness: 0.0528 | planarity: 0.0175 | scale: 0.2911 | total: 1.0439 | irer_gate: 1.0000
2026-09-07 20:54:49,268 INFO __main__: Step 15125 | silog: 0.4913 | l1: 0.4541 | edge: 0.2169 | smoothness: 0.0483 | planarity: 0.0164 | scale: 0.2835 | total: 1.0101 | irer_gate: 1.0000
2026-09-07 20:55:09,735 INFO __main__: Step 15175 | silog: 0.4766 | l1: 0.4348 | edge: 0.2238 | smoothness: 0.0534 | planarity: 0.0160 | scale: 0.2761 | total: 0.9740 | irer_gate: 1.0000
2026-09-07 20:56:04,844 INFO __main__: Epoch 10/24 | Loss: 1.0701 | Metric AbsRel: 0.9980 (RMSE: 7.09m, d1: 18.6%) | Aligned AbsRel: 0.3461 (RMSE: 6.08m, d1: 48.1%) | IRER gate: 1.000 | Time: 611.8s
2026-09-07 20:56:05,439 INFO __main__: Checkpoint saved: /kaggle/working/outputs_2d_vit/checkpoint.pt (epoch=11)
2026-09-07 20:56:05,447 INFO __main__: Curriculum: epoch 11 requested 'medium' → using 'Hard' (TartanAir standard levels: 'Easy' and 'Hard') (7414 samples)
2026-09-07 20:56:23,446 INFO __main__: Step 15225 | silog: 0.5764 | l1: 0.5536 | edge: 0.2221 | smoothness: 0.0464 | planarity: 0.0151 | scale: 0.3534 | total: 1.2903 | irer_gate: 1.0000
2026-09-07 20:56:44,702 INFO __main__: Step 15275 | silog: 0.6299 | l1: 0.5899 | edge: 0.2301 | smoothness: 0.0380 | planarity: 0.0139 | scale: 0.3726 | total: 1.4095 | irer_gate: 1.0000
2026-09-07 20:57:06,921 INFO __main__: Step 15325 | silog: 0.5746 | l1: 0.5485 | edge: 0.2270 | smoothness: 0.0464 | planarity: 0.0161 | scale: 0.3540 | total: 1.2856 | irer_gate: 1.0000
2026-09-07 20:57:28,105 INFO __main__: Step 15375 | silog: 0.5811 | l1: 0.5441 | edge: 0.2298 | smoothness: 0.0465 | planarity: 0.0166 | scale: 0.3453 | total: 1.2820 | irer_gate: 1.0000
2026-09-07 20:57:49,431 INFO __main__: Step 15425 | silog: 0.5919 | l1: 0.5376 | edge: 0.2274 | smoothness: 0.0430 | planarity: 0.0160 | scale: 0.3332 | total: 1.2658 | irer_gate: 1.0000
2026-09-07 20:58:10,279 INFO __main__: Step 15475 | silog: 0.5655 | l1: 0.5127 | edge: 0.2245 | smoothness: 0.0517 | planarity: 0.0161 | scale: 0.3163 | total: 1.1944 | irer_gate: 1.0000
2026-09-07 20:58:31,007 INFO __main__: Step 15525 | silog: 0.5706 | l1: 0.5396 | edge: 0.2250 | smoothness: 0.0419 | planarity: 0.0168 | scale: 0.3562 | total: 1.2597 | irer_gate: 1.0000
2026-09-07 20:58:51,752 INFO __main__: Step 15575 | silog: 0.5703 | l1: 0.5087 | edge: 0.2203 | smoothness: 0.0429 | planarity: 0.0155 | scale: 0.3239 | total: 1.1845 | irer_gate: 1.0000
2026-09-07 20:59:12,161 INFO __main__: Step 15625 | silog: 0.5809 | l1: 0.5266 | edge: 0.2423 | smoothness: 0.0549 | planarity: 0.0176 | scale: 0.3133 | total: 1.2465 | irer_gate: 1.0000
2026-09-07 20:59:32,583 INFO __main__: Step 15675 | silog: 0.5842 | l1: 0.5262 | edge: 0.2317 | smoothness: 0.0513 | planarity: 0.0163 | scale: 0.3097 | total: 1.2267 | irer_gate: 1.0000
2026-09-07 20:59:53,299 INFO __main__: Step 15725 | silog: 0.5511 | l1: 0.5194 | edge: 0.2309 | smoothness: 0.0527 | planarity: 0.0168 | scale: 0.3471 | total: 1.2173 | irer_gate: 1.0000
2026-09-07 21:00:13,837 INFO __main__: Step 15775 | silog: 0.5615 | l1: 0.5100 | edge: 0.2336 | smoothness: 0.0592 | planarity: 0.0172 | scale: 0.3107 | total: 1.1919 | irer_gate: 1.0000
2026-09-07 21:00:34,670 INFO __main__: Step 15825 | silog: 0.5651 | l1: 0.5090 | edge: 0.2287 | smoothness: 0.0457 | planarity: 0.0157 | scale: 0.2900 | total: 1.1500 | irer_gate: 1.0000
2026-09-07 21:00:54,923 INFO __main__: Step 15875 | silog: 0.5586 | l1: 0.4954 | edge: 0.2328 | smoothness: 0.0611 | planarity: 0.0180 | scale: 0.2972 | total: 1.1574 | irer_gate: 1.0000
2026-09-07 21:01:15,015 INFO __main__: Step 15925 | silog: 0.5897 | l1: 0.5111 | edge: 0.2266 | smoothness: 0.0504 | planarity: 0.0159 | scale: 0.2950 | total: 1.1863 | irer_gate: 1.0000
2026-09-07 21:01:35,551 INFO __main__: Step 15975 | silog: 0.5764 | l1: 0.5274 | edge: 0.2262 | smoothness: 0.0540 | planarity: 0.0165 | scale: 0.3344 | total: 1.2312 | irer_gate: 1.0000
2026-09-07 21:01:56,864 INFO __main__: Step 16025 | silog: 0.5625 | l1: 0.4936 | edge: 0.2197 | smoothness: 0.0494 | planarity: 0.0156 | scale: 0.2894 | total: 1.1154 | irer_gate: 1.0000
2026-09-07 21:02:17,582 INFO __main__: Step 16075 | silog: 0.5739 | l1: 0.5038 | edge: 0.2324 | smoothness: 0.0574 | planarity: 0.0173 | scale: 0.2872 | total: 1.1625 | irer_gate: 1.0000
2026-09-07 21:02:33,922 INFO __main__: Epoch 11/24 | Loss: 1.2226 | Metric AbsRel: 0.9980 (RMSE: 7.09m, d1: 18.6%) | Aligned AbsRel: 0.3461 (RMSE: 6.08m, d1: 48.1%) | IRER gate: 1.000 | Time: 388.4s
2026-09-07 21:02:34,557 INFO __main__: Checkpoint saved: /kaggle/working/outputs_2d_vit/checkpoint.pt (epoch=12)
2026-09-07 21:02:35,119 INFO __main__: Curriculum: epoch 12 → difficulty 'easy' (11050 samples)
2026-09-07 21:02:41,347 INFO __main__: Step 16125 | silog: 0.5258 | l1: 0.4645 | edge: 0.2273 | smoothness: 0.0594 | planarity: 0.0169 | scale: 0.2879 | total: 1.0554 | irer_gate: 1.0000
2026-09-07 21:03:01,846 INFO __main__: Step 16175 | silog: 0.5256 | l1: 0.4845 | edge: 0.2316 | smoothness: 0.0480 | planarity: 0.0161 | scale: 0.3059 | total: 1.0848 | irer_gate: 1.0000
2026-09-07 21:03:23,020 INFO __main__: Step 16225 | silog: 0.5015 | l1: 0.4646 | edge: 0.2345 | smoothness: 0.0525 | planarity: 0.0163 | scale: 0.2840 | total: 1.0177 | irer_gate: 1.0000
2026-09-07 21:03:44,864 INFO __main__: Step 16275 | silog: 0.4911 | l1: 0.4641 | edge: 0.2182 | smoothness: 0.0447 | planarity: 0.0147 | scale: 0.3066 | total: 0.9952 | irer_gate: 1.0000
2026-09-07 21:04:05,243 INFO __main__: Step 16325 | silog: 0.4831 | l1: 0.4361 | edge: 0.2103 | smoothness: 0.0456 | planarity: 0.0140 | scale: 0.2684 | total: 0.9035 | irer_gate: 1.0000
2026-09-07 21:04:25,316 INFO __main__: Step 16375 | silog: 0.4740 | l1: 0.4449 | edge: 0.2096 | smoothness: 0.0473 | planarity: 0.0145 | scale: 0.2779 | total: 0.9106 | irer_gate: 1.0000
2026-09-07 21:04:45,624 INFO __main__: Step 16425 | silog: 0.4835 | l1: 0.4392 | edge: 0.2174 | smoothness: 0.0546 | planarity: 0.0163 | scale: 0.2807 | total: 0.9342 | irer_gate: 1.0000
2026-09-07 21:05:06,663 INFO __main__: Step 16475 | silog: 0.5002 | l1: 0.4606 | edge: 0.2244 | smoothness: 0.0466 | planarity: 0.0175 | scale: 0.2838 | total: 0.9787 | irer_gate: 1.0000
2026-09-07 21:05:27,676 INFO __main__: Step 16525 | silog: 0.4942 | l1: 0.4574 | edge: 0.2192 | smoothness: 0.0521 | planarity: 0.0158 | scale: 0.2852 | total: 0.9649 | irer_gate: 1.0000
2026-09-07 21:05:49,303 INFO __main__: Step 16575 | silog: 0.5163 | l1: 0.4778 | edge: 0.2193 | smoothness: 0.0450 | planarity: 0.0163 | scale: 0.3080 | total: 1.0271 | irer_gate: 1.0000
2026-09-07 21:06:10,507 INFO __main__: Step 16625 | silog: 0.4794 | l1: 0.4290 | edge: 0.2203 | smoothness: 0.0522 | planarity: 0.0150 | scale: 0.2460 | total: 0.8701 | irer_gate: 1.0000
2026-09-07 21:06:30,992 INFO __main__: Step 16675 | silog: 0.4977 | l1: 0.4436 | edge: 0.2135 | smoothness: 0.0490 | planarity: 0.0145 | scale: 0.2826 | total: 0.9304 | irer_gate: 1.0000
2026-09-07 21:06:52,774 INFO __main__: Step 16725 | silog: 0.4922 | l1: 0.4572 | edge: 0.2147 | smoothness: 0.0514 | planarity: 0.0164 | scale: 0.2941 | total: 0.9549 | irer_gate: 1.0000
2026-09-07 21:07:13,634 INFO __main__: Step 16775 | silog: 0.4808 | l1: 0.4381 | edge: 0.2168 | smoothness: 0.0474 | planarity: 0.0169 | scale: 0.2762 | total: 0.8967 | irer_gate: 1.0000
2026-09-07 21:07:33,926 INFO __main__: Step 16825 | silog: 0.4981 | l1: 0.4548 | edge: 0.2219 | smoothness: 0.0536 | planarity: 0.0191 | scale: 0.2896 | total: 0.9635 | irer_gate: 1.0000
2026-09-07 21:07:54,408 INFO __main__: Step 16875 | silog: 0.5136 | l1: 0.4688 | edge: 0.2277 | smoothness: 0.0502 | planarity: 0.0183 | scale: 0.3025 | total: 1.0104 | irer_gate: 1.0000
2026-09-07 21:08:14,890 INFO __main__: Step 16925 | silog: 0.4574 | l1: 0.4210 | edge: 0.2290 | smoothness: 0.0562 | planarity: 0.0178 | scale: 0.2690 | total: 0.8595 | irer_gate: 1.0000
2026-09-07 21:08:35,432 INFO __main__: Step 16975 | silog: 0.4999 | l1: 0.4575 | edge: 0.2275 | smoothness: 0.0496 | planarity: 0.0166 | scale: 0.2857 | total: 0.9560 | irer_gate: 1.0000
2026-09-07 21:08:56,084 INFO __main__: Step 17025 | silog: 0.4972 | l1: 0.4491 | edge: 0.2225 | smoothness: 0.0580 | planarity: 0.0161 | scale: 0.2715 | total: 0.9296 | irer_gate: 1.0000
2026-09-07 21:09:16,639 INFO __main__: Step 17075 | silog: 0.4595 | l1: 0.4358 | edge: 0.2113 | smoothness: 0.0494 | planarity: 0.0147 | scale: 0.2859 | total: 0.8562 | irer_gate: 1.0000
2026-09-07 21:09:37,550 INFO __main__: Step 17125 | silog: 0.4719 | l1: 0.4251 | edge: 0.2172 | smoothness: 0.0545 | planarity: 0.0173 | scale: 0.2578 | total: 0.8435 | irer_gate: 1.0000
2026-09-07 21:09:58,355 INFO __main__: Step 17175 | silog: 0.4823 | l1: 0.4196 | edge: 0.2118 | smoothness: 0.0499 | planarity: 0.0160 | scale: 0.2547 | total: 0.8301 | irer_gate: 1.0000
2026-09-07 21:10:18,884 INFO __main__: Step 17225 | silog: 0.4757 | l1: 0.4300 | edge: 0.2184 | smoothness: 0.0520 | planarity: 0.0148 | scale: 0.2796 | total: 0.8650 | irer_gate: 1.0000
2026-09-07 21:10:39,725 INFO __main__: Step 17275 | silog: 0.4834 | l1: 0.4368 | edge: 0.2168 | smoothness: 0.0525 | planarity: 0.0158 | scale: 0.2904 | total: 0.8902 | irer_gate: 1.0000
2026-09-07 21:11:00,237 INFO __main__: Step 17325 | silog: 0.4856 | l1: 0.4347 | edge: 0.2127 | smoothness: 0.0501 | planarity: 0.0152 | scale: 0.2732 | total: 0.8620 | irer_gate: 1.0000
2026-09-07 21:11:20,969 INFO __main__: Step 17375 | silog: 0.4874 | l1: 0.4435 | edge: 0.2128 | smoothness: 0.0514 | planarity: 0.0155 | scale: 0.2837 | total: 0.8843 | irer_gate: 1.0000
2026-09-07 21:11:41,860 INFO __main__: Step 17425 | silog: 0.4762 | l1: 0.4398 | edge: 0.2124 | smoothness: 0.0511 | planarity: 0.0159 | scale: 0.2717 | total: 0.8515 | irer_gate: 1.0000
2026-09-07 21:12:02,580 INFO __main__: Step 17475 | silog: 0.4649 | l1: 0.4232 | edge: 0.2150 | smoothness: 0.0497 | planarity: 0.0150 | scale: 0.2598 | total: 0.8041 | irer_gate: 1.0000
2026-09-07 21:13:00,346 INFO __main__: Epoch 12/24 | Loss: 0.9178 | Metric AbsRel: 0.8495 (RMSE: 6.47m, d1: 22.9%) | Aligned AbsRel: 0.3756 (RMSE: 6.22m, d1: 44.9%) | IRER gate: 1.000 | Time: 625.2s
2026-09-07 21:13:00,927 INFO __main__: Checkpoint saved: /kaggle/working/outputs_2d_vit/checkpoint.pt (epoch=13)
2026-09-07 21:13:12,761 INFO __main__: Step 17525 | silog: 0.4672 | l1: 0.4211 | edge: 0.2124 | smoothness: 0.0466 | planarity: 0.0151 | scale: 0.2461 | total: 0.7809 | irer_gate: 1.0000
2026-09-07 21:13:33,044 INFO __main__: Step 17575 | silog: 0.4752 | l1: 0.4534 | edge: 0.2162 | smoothness: 0.0503 | planarity: 0.0157 | scale: 0.2992 | total: 0.8883 | irer_gate: 1.0000
2026-09-07 21:13:53,512 INFO __main__: Step 17625 | silog: 0.4930 | l1: 0.4431 | edge: 0.2252 | smoothness: 0.0479 | planarity: 0.0191 | scale: 0.2728 | total: 0.8806 | irer_gate: 1.0000
2026-09-07 21:14:13,955 INFO __main__: Step 17675 | silog: 0.4818 | l1: 0.4456 | edge: 0.2217 | smoothness: 0.0533 | planarity: 0.0159 | scale: 0.2863 | total: 0.8795 | irer_gate: 1.0000
2026-09-07 21:14:34,713 INFO __main__: Step 17725 | silog: 0.4744 | l1: 0.4279 | edge: 0.2103 | smoothness: 0.0459 | planarity: 0.0162 | scale: 0.2676 | total: 0.8065 | irer_gate: 1.0000
2026-09-07 21:14:55,203 INFO __main__: Step 17775 | silog: 0.4926 | l1: 0.4636 | edge: 0.2242 | smoothness: 0.0528 | planarity: 0.0177 | scale: 0.2921 | total: 0.9189 | irer_gate: 1.0000
2026-09-07 21:15:15,781 INFO __main__: Step 17825 | silog: 0.4629 | l1: 0.4361 | edge: 0.2244 | smoothness: 0.0563 | planarity: 0.0164 | scale: 0.2859 | total: 0.8449 | irer_gate: 1.0000
2026-09-07 21:15:36,418 INFO __main__: Step 17875 | silog: 0.4886 | l1: 0.4408 | edge: 0.2168 | smoothness: 0.0503 | planarity: 0.0155 | scale: 0.2734 | total: 0.8496 | irer_gate: 1.0000
2026-09-07 21:15:56,832 INFO __main__: Step 17925 | silog: 0.4398 | l1: 0.4089 | edge: 0.2085 | smoothness: 0.0527 | planarity: 0.0151 | scale: 0.2583 | total: 0.7279 | irer_gate: 1.0000
2026-09-07 21:16:17,404 INFO __main__: Step 17975 | silog: 0.4841 | l1: 0.4380 | edge: 0.2135 | smoothness: 0.0534 | planarity: 0.0168 | scale: 0.2818 | total: 0.8463 | irer_gate: 1.0000
2026-09-07 21:16:37,896 INFO __main__: Step 18025 | silog: 0.4833 | l1: 0.4344 | edge: 0.2180 | smoothness: 0.0553 | planarity: 0.0160 | scale: 0.2743 | total: 0.8380 | irer_gate: 1.0000
2026-09-07 21:16:58,226 INFO __main__: Step 18075 | silog: 0.4776 | l1: 0.4273 | edge: 0.2255 | smoothness: 0.0565 | planarity: 0.0167 | scale: 0.2639 | total: 0.8210 | irer_gate: 1.0000
2026-09-07 21:17:18,862 INFO __main__: Step 18125 | silog: 0.4698 | l1: 0.4186 | edge: 0.2140 | smoothness: 0.0538 | planarity: 0.0156 | scale: 0.2478 | total: 0.7645 | irer_gate: 1.0000
2026-09-07 21:17:39,457 INFO __main__: Step 18175 | silog: 0.4717 | l1: 0.4228 | edge: 0.2197 | smoothness: 0.0538 | planarity: 0.0159 | scale: 0.2690 | total: 0.7973 | irer_gate: 1.0000
2026-09-07 21:18:00,367 INFO __main__: Step 18225 | silog: 0.4813 | l1: 0.4311 | edge: 0.2160 | smoothness: 0.0500 | planarity: 0.0148 | scale: 0.2546 | total: 0.7915 | irer_gate: 1.0000
2026-09-07 21:18:21,239 INFO __main__: Step 18275 | silog: 0.4565 | l1: 0.4197 | edge: 0.2196 | smoothness: 0.0543 | planarity: 0.0157 | scale: 0.2582 | total: 0.7590 | irer_gate: 1.0000
2026-09-07 21:18:41,928 INFO __main__: Step 18325 | silog: 0.4687 | l1: 0.4188 | edge: 0.2156 | smoothness: 0.0488 | planarity: 0.0155 | scale: 0.2627 | total: 0.7632 | irer_gate: 1.0000
2026-09-07 21:19:02,715 INFO __main__: Step 18375 | silog: 0.4762 | l1: 0.4304 | edge: 0.2123 | smoothness: 0.0531 | planarity: 0.0149 | scale: 0.2701 | total: 0.7912 | irer_gate: 1.0000
2026-09-07 21:19:23,219 INFO __main__: Step 18425 | silog: 0.4860 | l1: 0.4382 | edge: 0.2215 | smoothness: 0.0522 | planarity: 0.0174 | scale: 0.2755 | total: 0.8286 | irer_gate: 1.0000
2026-09-07 21:19:44,245 INFO __main__: Step 18475 | silog: 0.4827 | l1: 0.4314 | edge: 0.2289 | smoothness: 0.0560 | planarity: 0.0175 | scale: 0.2463 | total: 0.7984 | irer_gate: 1.0000
2026-09-07 21:20:05,147 INFO __main__: Step 18525 | silog: 0.4833 | l1: 0.4349 | edge: 0.2225 | smoothness: 0.0533 | planarity: 0.0164 | scale: 0.2503 | total: 0.7927 | irer_gate: 1.0000
2026-09-07 21:20:26,483 INFO __main__: Step 18575 | silog: 0.4620 | l1: 0.4190 | edge: 0.2081 | smoothness: 0.0505 | planarity: 0.0161 | scale: 0.2667 | total: 0.7409 | irer_gate: 1.0000
2026-09-07 21:20:47,344 INFO __main__: Step 18625 | silog: 0.4787 | l1: 0.4264 | edge: 0.2248 | smoothness: 0.0521 | planarity: 0.0162 | scale: 0.2502 | total: 0.7732 | irer_gate: 1.0000
2026-09-07 21:21:09,105 INFO __main__: Step 18675 | silog: 0.4679 | l1: 0.4254 | edge: 0.2167 | smoothness: 0.0555 | planarity: 0.0151 | scale: 0.2704 | total: 0.7695 | irer_gate: 1.0000
2026-09-07 21:21:29,729 INFO __main__: Step 18725 | silog: 0.4944 | l1: 0.4541 | edge: 0.2234 | smoothness: 0.0495 | planarity: 0.0159 | scale: 0.2835 | total: 0.8488 | irer_gate: 1.0000
2026-09-07 21:21:50,953 INFO __main__: Step 18775 | silog: 0.4560 | l1: 0.4033 | edge: 0.2161 | smoothness: 0.0560 | planarity: 0.0160 | scale: 0.2474 | total: 0.7008 | irer_gate: 1.0000
2026-09-07 21:22:12,249 INFO __main__: Step 18825 | silog: 0.4926 | l1: 0.4380 | edge: 0.2087 | smoothness: 0.0479 | planarity: 0.0150 | scale: 0.2577 | total: 0.7747 | irer_gate: 1.0000
2026-09-07 21:22:31,598 INFO __main__: Step 18875 | silog: 0.4714 | l1: 0.4402 | edge: 0.2305 | smoothness: 0.0550 | planarity: 0.0161 | scale: 0.2768 | total: 0.8037 | irer_gate: 1.0000
2026-09-07 21:22:32,945 INFO __main__: Epoch 13/24 | Loss: 0.8083 | Metric AbsRel: 0.8495 (RMSE: 6.47m, d1: 22.9%) | Aligned AbsRel: 0.3756 (RMSE: 6.22m, d1: 44.9%) | IRER gate: 1.000 | Time: 572.0s
2026-09-07 21:22:33,560 INFO __main__: Checkpoint saved: /kaggle/working/outputs_2d_vit/checkpoint.pt (epoch=14)
2026-09-07 21:22:33,567 INFO __main__: Curriculum: epoch 14 requested 'medium' → using 'Hard' (TartanAir standard levels: 'Easy' and 'Hard') (7414 samples)
2026-09-07 21:22:56,282 INFO __main__: Step 18925 | silog: 0.5854 | l1: 0.5625 | edge: 0.2239 | smoothness: 0.0425 | planarity: 0.0164 | scale: 0.3555 | total: 1.1445 | irer_gate: 1.0000
2026-09-07 21:23:17,203 INFO __main__: Step 18975 | silog: 0.6000 | l1: 0.5833 | edge: 0.2392 | smoothness: 0.0527 | planarity: 0.0163 | scale: 0.3982 | total: 1.2593 | irer_gate: 1.0000
2026-09-07 21:23:37,931 INFO __main__: Step 19025 | silog: 0.5788 | l1: 0.5330 | edge: 0.2346 | smoothness: 0.0519 | planarity: 0.0171 | scale: 0.3279 | total: 1.0953 | irer_gate: 1.0000
2026-09-07 21:23:58,583 INFO __main__: Step 19075 | silog: 0.5566 | l1: 0.5132 | edge: 0.2252 | smoothness: 0.0495 | planarity: 0.0165 | scale: 0.3300 | total: 1.0299 | irer_gate: 1.0000
2026-09-07 21:24:19,359 INFO __main__: Step 19125 | silog: 0.5574 | l1: 0.4982 | edge: 0.2435 | smoothness: 0.0569 | planarity: 0.0170 | scale: 0.3037 | total: 1.0164 | irer_gate: 1.0000
2026-09-07 21:24:39,990 INFO __main__: Step 19175 | silog: 0.5701 | l1: 0.5045 | edge: 0.2262 | smoothness: 0.0492 | planarity: 0.0154 | scale: 0.2989 | total: 1.0010 | irer_gate: 1.0000
2026-09-07 21:25:00,514 INFO __main__: Step 19225 | silog: 0.5301 | l1: 0.4624 | edge: 0.2260 | smoothness: 0.0562 | planarity: 0.0164 | scale: 0.2811 | total: 0.8909 | irer_gate: 1.0000
2026-09-07 21:25:21,188 INFO __main__: Step 19275 | silog: 0.5752 | l1: 0.5147 | edge: 0.2318 | smoothness: 0.0543 | planarity: 0.0154 | scale: 0.3042 | total: 1.0343 | irer_gate: 1.0000
2026-09-07 21:25:41,705 INFO __main__: Step 19325 | silog: 0.5475 | l1: 0.4867 | edge: 0.2420 | smoothness: 0.0677 | planarity: 0.0173 | scale: 0.3029 | total: 0.9943 | irer_gate: 1.0000
2026-09-07 21:26:02,399 INFO __main__: Step 19375 | silog: 0.5543 | l1: 0.5018 | edge: 0.2054 | smoothness: 0.0428 | planarity: 0.0142 | scale: 0.2993 | total: 0.9376 | irer_gate: 1.0000
2026-09-07 21:26:22,801 INFO __main__: Step 19425 | silog: 0.5346 | l1: 0.4852 | edge: 0.2303 | smoothness: 0.0581 | planarity: 0.0165 | scale: 0.3093 | total: 0.9529 | irer_gate: 1.0000
2026-09-07 21:26:43,480 INFO __main__: Step 19475 | silog: 0.5510 | l1: 0.4933 | edge: 0.2231 | smoothness: 0.0481 | planarity: 0.0169 | scale: 0.2946 | total: 0.9459 | irer_gate: 1.0000
2026-09-07 21:27:04,055 INFO __main__: Step 19525 | silog: 0.5519 | l1: 0.4874 | edge: 0.2175 | smoothness: 0.0485 | planarity: 0.0147 | scale: 0.3023 | total: 0.9372 | irer_gate: 1.0000
2026-09-07 21:27:24,609 INFO __main__: Step 19575 | silog: 0.5647 | l1: 0.5122 | edge: 0.2297 | smoothness: 0.0577 | planarity: 0.0163 | scale: 0.3196 | total: 1.0267 | irer_gate: 1.0000
2026-09-07 21:27:45,125 INFO __main__: Step 19625 | silog: 0.5425 | l1: 0.4658 | edge: 0.2249 | smoothness: 0.0528 | planarity: 0.0154 | scale: 0.2665 | total: 0.8757 | irer_gate: 1.0000
2026-09-07 21:28:05,442 INFO __main__: Step 19675 | silog: 0.5443 | l1: 0.4921 | edge: 0.2279 | smoothness: 0.0589 | planarity: 0.0171 | scale: 0.2950 | total: 0.9499 | irer_gate: 1.0000
2026-09-07 21:28:25,917 INFO __main__: Step 19725 | silog: 0.5495 | l1: 0.4801 | edge: 0.2273 | smoothness: 0.0552 | planarity: 0.0160 | scale: 0.2951 | total: 0.9335 | irer_gate: 1.0000
2026-09-07 21:28:46,300 INFO __main__: Step 19775 | silog: 0.5487 | l1: 0.4806 | edge: 0.2269 | smoothness: 0.0579 | planarity: 0.0162 | scale: 0.2860 | total: 0.9253 | irer_gate: 1.0000
2026-09-07 21:29:46,921 INFO __main__: Epoch 14/24 | Loss: 0.9950 | Metric AbsRel: 0.9692 (RMSE: 7.35m, d1: 18.9%) | Aligned AbsRel: 0.3029 (RMSE: 5.94m, d1: 53.6%) | IRER gate: 1.000 | Time: 432.8s
2026-09-07 21:29:47,505 INFO __main__: Checkpoint saved: /kaggle/working/outputs_2d_vit/checkpoint.pt (epoch=15)
2026-09-07 21:29:56,620 INFO __main__: Step 19825 | silog: 0.5302 | l1: 0.4663 | edge: 0.2316 | smoothness: 0.0607 | planarity: 0.0185 | scale: 0.2804 | total: 0.8895 | irer_gate: 1.0000
2026-09-07 21:30:17,076 INFO __main__: Step 19875 | silog: 0.5136 | l1: 0.4450 | edge: 0.2349 | smoothness: 0.0620 | planarity: 0.0170 | scale: 0.2469 | total: 0.8114 | irer_gate: 1.0000
2026-09-07 21:30:37,497 INFO __main__: Step 19925 | silog: 0.5209 | l1: 0.4609 | edge: 0.2269 | smoothness: 0.0617 | planarity: 0.0163 | scale: 0.2750 | total: 0.8552 | irer_gate: 1.0000
2026-09-07 21:30:58,057 INFO __main__: Step 19975 | silog: 0.5304 | l1: 0.4454 | edge: 0.2367 | smoothness: 0.0644 | planarity: 0.0176 | scale: 0.2513 | total: 0.8392 | irer_gate: 1.0000
2026-09-07 21:31:18,698 INFO __main__: Step 20025 | silog: 0.5203 | l1: 0.4552 | edge: 0.2250 | smoothness: 0.0669 | planarity: 0.0164 | scale: 0.2690 | total: 0.8420 | irer_gate: 1.0000
2026-09-07 21:31:39,615 INFO __main__: Step 20075 | silog: 0.5122 | l1: 0.4516 | edge: 0.2223 | smoothness: 0.0596 | planarity: 0.0155 | scale: 0.2797 | total: 0.8233 | irer_gate: 1.0000
2026-09-07 21:32:00,390 INFO __main__: Step 20125 | silog: 0.5106 | l1: 0.4399 | edge: 0.2248 | smoothness: 0.0616 | planarity: 0.0149 | scale: 0.2597 | total: 0.7900 | irer_gate: 1.0000
2026-09-07 21:32:20,779 INFO __main__: Step 20175 | silog: 0.5145 | l1: 0.4630 | edge: 0.2062 | smoothness: 0.0528 | planarity: 0.0142 | scale: 0.2872 | total: 0.8145 | irer_gate: 1.0000
2026-09-07 21:32:41,187 INFO __main__: Step 20225 | silog: 0.5068 | l1: 0.4659 | edge: 0.2189 | smoothness: 0.0564 | planarity: 0.0165 | scale: 0.2869 | total: 0.8291 | irer_gate: 1.0000
2026-09-07 21:33:01,425 INFO __main__: Step 20275 | silog: 0.5262 | l1: 0.4679 | edge: 0.2246 | smoothness: 0.0623 | planarity: 0.0172 | scale: 0.2693 | total: 0.8516 | irer_gate: 1.0000
2026-09-07 21:33:21,728 INFO __main__: Step 20325 | silog: 0.5341 | l1: 0.4552 | edge: 0.2253 | smoothness: 0.0599 | planarity: 0.0162 | scale: 0.2674 | total: 0.8389 | irer_gate: 1.0000
2026-09-07 21:33:42,295 INFO __main__: Step 20375 | silog: 0.5467 | l1: 0.4775 | edge: 0.2208 | smoothness: 0.0614 | planarity: 0.0163 | scale: 0.2722 | total: 0.8816 | irer_gate: 1.0000
2026-09-07 21:34:02,519 INFO __main__: Step 20425 | silog: 0.5305 | l1: 0.4646 | edge: 0.2348 | smoothness: 0.0574 | planarity: 0.0178 | scale: 0.2912 | total: 0.8771 | irer_gate: 1.0000
2026-09-07 21:34:23,127 INFO __main__: Step 20475 | silog: 0.5406 | l1: 0.4988 | edge: 0.2298 | smoothness: 0.0622 | planarity: 0.0185 | scale: 0.3435 | total: 0.9828 | irer_gate: 1.0000
2026-09-07 21:34:43,883 INFO __main__: Step 20525 | silog: 0.5514 | l1: 0.4934 | edge: 0.2283 | smoothness: 0.0592 | planarity: 0.0164 | scale: 0.3137 | total: 0.9505 | irer_gate: 1.0000
2026-09-07 21:35:04,229 INFO __main__: Step 20575 | silog: 0.5423 | l1: 0.4856 | edge: 0.2311 | smoothness: 0.0665 | planarity: 0.0168 | scale: 0.3004 | total: 0.9278 | irer_gate: 1.0000
2026-09-07 21:35:24,525 INFO __main__: Step 20625 | silog: 0.5099 | l1: 0.4401 | edge: 0.2257 | smoothness: 0.0576 | planarity: 0.0153 | scale: 0.2463 | total: 0.7569 | irer_gate: 1.0000
2026-09-07 21:35:45,024 INFO __main__: Step 20675 | silog: 0.5109 | l1: 0.4569 | edge: 0.2308 | smoothness: 0.0700 | planarity: 0.0178 | scale: 0.2919 | total: 0.8469 | irer_gate: 1.0000
2026-09-07 21:36:04,923 INFO __main__: Step 20725 | silog: 0.5091 | l1: 0.4381 | edge: 0.2134 | smoothness: 0.0619 | planarity: 0.0157 | scale: 0.2511 | total: 0.7452 | irer_gate: 1.0000
2026-09-07 21:36:06,981 INFO __main__: Epoch 15/24 | Loss: 0.8468 | Metric AbsRel: 0.9692 (RMSE: 7.35m, d1: 18.9%) | Aligned AbsRel: 0.3029 (RMSE: 5.94m, d1: 53.6%) | IRER gate: 1.000 | Time: 379.5s
2026-09-07 21:36:07,580 INFO __main__: Checkpoint saved: /kaggle/working/outputs_2d_vit/checkpoint.pt (epoch=16)
2026-09-07 21:36:08,280 INFO __main__: Curriculum: epoch 16 → difficulty 'easy' (11050 samples)
2026-09-07 21:36:29,564 INFO __main__: Step 20775 | silog: 0.4947 | l1: 0.4615 | edge: 0.2167 | smoothness: 0.0531 | planarity: 0.0158 | scale: 0.3113 | total: 0.8074 | irer_gate: 1.0000
2026-09-07 21:36:50,186 INFO __main__: Step 20825 | silog: 0.5083 | l1: 0.4554 | edge: 0.2155 | smoothness: 0.0497 | planarity: 0.0147 | scale: 0.2848 | total: 0.7816 | irer_gate: 1.0000
2026-09-07 21:37:10,897 INFO __main__: Step 20875 | silog: 0.4954 | l1: 0.4504 | edge: 0.2092 | smoothness: 0.0407 | planarity: 0.0149 | scale: 0.2781 | total: 0.7324 | irer_gate: 1.0000
2026-09-07 21:37:31,424 INFO __main__: Step 20925 | silog: 0.4676 | l1: 0.4302 | edge: 0.2211 | smoothness: 0.0566 | planarity: 0.0171 | scale: 0.2856 | total: 0.7148 | irer_gate: 1.0000
2026-09-07 21:37:51,991 INFO __main__: Step 20975 | silog: 0.4923 | l1: 0.4600 | edge: 0.2105 | smoothness: 0.0469 | planarity: 0.0155 | scale: 0.2837 | total: 0.7512 | irer_gate: 1.0000
2026-09-07 21:38:12,852 INFO __main__: Step 21025 | silog: 0.4691 | l1: 0.4402 | edge: 0.2333 | smoothness: 0.0574 | planarity: 0.0158 | scale: 0.2919 | total: 0.7452 | irer_gate: 1.0000
2026-09-07 21:38:33,359 INFO __main__: Step 21075 | silog: 0.4773 | l1: 0.4452 | edge: 0.2178 | smoothness: 0.0489 | planarity: 0.0185 | scale: 0.2903 | total: 0.7315 | irer_gate: 1.0000
2026-09-07 21:38:54,217 INFO __main__: Step 21125 | silog: 0.4592 | l1: 0.4120 | edge: 0.2167 | smoothness: 0.0601 | planarity: 0.0161 | scale: 0.2551 | total: 0.6399 | irer_gate: 1.0000
2026-09-07 21:39:14,648 INFO __main__: Step 21175 | silog: 0.4667 | l1: 0.4497 | edge: 0.2150 | smoothness: 0.0564 | planarity: 0.0166 | scale: 0.3157 | total: 0.7477 | irer_gate: 1.0000
2026-09-07 21:39:35,309 INFO __main__: Step 21225 | silog: 0.4856 | l1: 0.4558 | edge: 0.2236 | smoothness: 0.0536 | planarity: 0.0177 | scale: 0.3098 | total: 0.7791 | irer_gate: 1.0000
2026-09-07 21:39:55,993 INFO __main__: Step 21275 | silog: 0.4972 | l1: 0.4548 | edge: 0.2190 | smoothness: 0.0484 | planarity: 0.0168 | scale: 0.2733 | total: 0.7409 | irer_gate: 1.0000
2026-09-07 21:40:16,596 INFO __main__: Step 21325 | silog: 0.4426 | l1: 0.3994 | edge: 0.2166 | smoothness: 0.0573 | planarity: 0.0169 | scale: 0.2401 | total: 0.5767 | irer_gate: 1.0000
2026-09-07 21:40:37,306 INFO __main__: Step 21375 | silog: 0.4705 | l1: 0.4172 | edge: 0.2191 | smoothness: 0.0509 | planarity: 0.0167 | scale: 0.2721 | total: 0.6579 | irer_gate: 1.0000
2026-09-07 21:40:57,949 INFO __main__: Step 21425 | silog: 0.4730 | l1: 0.4229 | edge: 0.2161 | smoothness: 0.0493 | planarity: 0.0155 | scale: 0.2523 | total: 0.6383 | irer_gate: 1.0000
2026-09-07 21:41:18,480 INFO __main__: Step 21475 | silog: 0.4642 | l1: 0.4057 | edge: 0.2295 | smoothness: 0.0607 | planarity: 0.0170 | scale: 0.2365 | total: 0.6201 | irer_gate: 1.0000
2026-09-07 21:41:39,005 INFO __main__: Step 21525 | silog: 0.4619 | l1: 0.4244 | edge: 0.2150 | smoothness: 0.0512 | planarity: 0.0166 | scale: 0.2735 | total: 0.6445 | irer_gate: 1.0000
2026-09-07 21:41:59,805 INFO __main__: Step 21575 | silog: 0.4551 | l1: 0.4177 | edge: 0.2112 | smoothness: 0.0529 | planarity: 0.0151 | scale: 0.2682 | total: 0.6156 | irer_gate: 1.0000
2026-09-07 21:42:20,328 INFO __main__: Step 21625 | silog: 0.4618 | l1: 0.4102 | edge: 0.2116 | smoothness: 0.0547 | planarity: 0.0157 | scale: 0.2492 | total: 0.5961 | irer_gate: 1.0000
2026-09-07 21:42:41,100 INFO __main__: Step 21675 | silog: 0.4502 | l1: 0.4135 | edge: 0.2086 | smoothness: 0.0541 | planarity: 0.0167 | scale: 0.2677 | total: 0.5981 | irer_gate: 1.0000
2026-09-07 21:43:01,903 INFO __main__: Step 21725 | silog: 0.4700 | l1: 0.4297 | edge: 0.2212 | smoothness: 0.0552 | planarity: 0.0177 | scale: 0.2757 | total: 0.6669 | irer_gate: 1.0000
2026-09-07 21:43:22,646 INFO __main__: Step 21775 | silog: 0.4659 | l1: 0.4269 | edge: 0.2073 | smoothness: 0.0531 | planarity: 0.0159 | scale: 0.2709 | total: 0.6284 | irer_gate: 1.0000
2026-09-07 21:43:43,210 INFO __main__: Step 21825 | silog: 0.4589 | l1: 0.4211 | edge: 0.2053 | smoothness: 0.0519 | planarity: 0.0154 | scale: 0.2614 | total: 0.5956 | irer_gate: 1.0000
2026-09-07 21:44:03,815 INFO __main__: Step 21875 | silog: 0.4862 | l1: 0.4543 | edge: 0.2365 | smoothness: 0.0594 | planarity: 0.0196 | scale: 0.3085 | total: 0.7689 | irer_gate: 1.0000
2026-09-07 21:44:24,865 INFO __main__: Step 21925 | silog: 0.4626 | l1: 0.4238 | edge: 0.2295 | smoothness: 0.0584 | planarity: 0.0167 | scale: 0.2780 | total: 0.6548 | irer_gate: 1.0000
2026-09-07 21:44:45,469 INFO __main__: Step 21975 | silog: 0.4610 | l1: 0.4178 | edge: 0.2109 | smoothness: 0.0513 | planarity: 0.0158 | scale: 0.2562 | total: 0.5879 | irer_gate: 1.0000
2026-09-07 21:45:06,629 INFO __main__: Step 22025 | silog: 0.4634 | l1: 0.4149 | edge: 0.2167 | smoothness: 0.0539 | planarity: 0.0157 | scale: 0.2630 | total: 0.6015 | irer_gate: 1.0000
2026-09-07 21:45:27,311 INFO __main__: Step 22075 | silog: 0.4636 | l1: 0.4173 | edge: 0.2129 | smoothness: 0.0508 | planarity: 0.0145 | scale: 0.2587 | total: 0.5876 | irer_gate: 1.0000
2026-09-07 21:46:31,721 INFO __main__: Epoch 16/24 | Loss: 0.6729 | Metric AbsRel: 0.7963 (RMSE: 6.70m, d1: 21.2%) | Aligned AbsRel: 0.3256 (RMSE: 6.04m, d1: 50.7%) | IRER gate: 1.000 | Time: 623.4s
2026-09-07 21:46:32,310 INFO __main__: Checkpoint saved: /kaggle/working/outputs_2d_vit/checkpoint.pt (epoch=17)
2026-09-07 21:46:32,319 INFO __main__: Curriculum: epoch 17 requested 'medium' → using 'Hard' (TartanAir standard levels: 'Easy' and 'Hard') (7414 samples)
2026-09-07 21:46:42,020 INFO __main__: Step 22125 | silog: 0.4946 | l1: 0.4546 | edge: 0.2180 | smoothness: 0.0592 | planarity: 0.0157 | scale: 0.3003 | total: 0.7306 | irer_gate: 1.0000
2026-09-07 21:47:02,584 INFO __main__: Step 22175 | silog: 0.5445 | l1: 0.4884 | edge: 0.2299 | smoothness: 0.0554 | planarity: 0.0148 | scale: 0.2875 | total: 0.8299 | irer_gate: 1.0000
2026-09-07 21:47:23,353 INFO __main__: Step 22225 | silog: 0.5287 | l1: 0.4598 | edge: 0.2313 | smoothness: 0.0611 | planarity: 0.0161 | scale: 0.2521 | total: 0.7474 | irer_gate: 1.0000
2026-09-07 21:47:44,075 INFO __main__: Step 22275 | silog: 0.5248 | l1: 0.4609 | edge: 0.2266 | smoothness: 0.0630 | planarity: 0.0158 | scale: 0.2732 | total: 0.7595 | irer_gate: 1.0000
2026-09-07 21:48:04,740 INFO __main__: Step 22325 | silog: 0.5314 | l1: 0.4557 | edge: 0.2189 | smoothness: 0.0565 | planarity: 0.0149 | scale: 0.2527 | total: 0.7202 | irer_gate: 1.0000
2026-09-07 21:48:25,496 INFO __main__: Step 22375 | silog: 0.5502 | l1: 0.4916 | edge: 0.2305 | smoothness: 0.0656 | planarity: 0.0167 | scale: 0.3072 | total: 0.8702 | irer_gate: 1.0000
2026-09-07 21:48:46,137 INFO __main__: Step 22425 | silog: 0.5045 | l1: 0.4486 | edge: 0.2195 | smoothness: 0.0606 | planarity: 0.0161 | scale: 0.2952 | total: 0.7239 | irer_gate: 1.0000
2026-09-07 21:49:06,780 INFO __main__: Step 22475 | silog: 0.5323 | l1: 0.4622 | edge: 0.2307 | smoothness: 0.0659 | planarity: 0.0170 | scale: 0.2700 | total: 0.7712 | irer_gate: 1.0000
2026-09-07 21:49:27,413 INFO __main__: Step 22525 | silog: 0.5374 | l1: 0.4844 | edge: 0.2310 | smoothness: 0.0629 | planarity: 0.0181 | scale: 0.2886 | total: 0.8202 | irer_gate: 1.0000
2026-09-07 21:49:48,082 INFO __main__: Step 22575 | silog: 0.5229 | l1: 0.4722 | edge: 0.2267 | smoothness: 0.0617 | planarity: 0.0158 | scale: 0.2932 | total: 0.7792 | irer_gate: 1.0000
2026-09-07 21:50:09,046 INFO __main__: Step 22625 | silog: 0.5060 | l1: 0.4351 | edge: 0.2175 | smoothness: 0.0621 | planarity: 0.0145 | scale: 0.2475 | total: 0.6508 | irer_gate: 1.0000
2026-09-07 21:50:29,683 INFO __main__: Step 22675 | silog: 0.5273 | l1: 0.4497 | edge: 0.2285 | smoothness: 0.0639 | planarity: 0.0158 | scale: 0.2490 | total: 0.7135 | irer_gate: 1.0000
2026-09-07 21:50:50,244 INFO __main__: Step 22725 | silog: 0.5259 | l1: 0.4480 | edge: 0.2219 | smoothness: 0.0622 | planarity: 0.0165 | scale: 0.2446 | total: 0.6934 | irer_gate: 1.0000
2026-09-07 21:51:10,927 INFO __main__: Step 22775 | silog: 0.4988 | l1: 0.4468 | edge: 0.2190 | smoothness: 0.0593 | planarity: 0.0158 | scale: 0.2793 | total: 0.6817 | irer_gate: 1.0000
2026-09-07 21:51:32,147 INFO __main__: Step 22825 | silog: 0.5083 | l1: 0.4402 | edge: 0.2262 | smoothness: 0.0638 | planarity: 0.0166 | scale: 0.2602 | total: 0.6805 | irer_gate: 1.0000
2026-09-07 21:51:53,502 INFO __main__: Step 22875 | silog: 0.5045 | l1: 0.4363 | edge: 0.2239 | smoothness: 0.0641 | planarity: 0.0175 | scale: 0.2596 | total: 0.6670 | irer_gate: 1.0000
2026-09-07 21:52:15,809 INFO __main__: Step 22925 | silog: 0.5272 | l1: 0.4620 | edge: 0.2237 | smoothness: 0.0626 | planarity: 0.0179 | scale: 0.2840 | total: 0.7494 | irer_gate: 1.0000
2026-09-07 21:52:36,872 INFO __main__: Step 22975 | silog: 0.5176 | l1: 0.4440 | edge: 0.2263 | smoothness: 0.0602 | planarity: 0.0165 | scale: 0.2597 | total: 0.6869 | irer_gate: 1.0000
2026-09-07 21:52:57,086 INFO __main__: Step 23025 | silog: 0.5106 | l1: 0.4580 | edge: 0.2234 | smoothness: 0.0635 | planarity: 0.0170 | scale: 0.2821 | total: 0.7173 | irer_gate: 1.0000
2026-09-07 21:53:01,541 INFO __main__: Epoch 17/24 | Loss: 0.7417 | Metric AbsRel: 0.7963 (RMSE: 6.70m, d1: 21.2%) | Aligned AbsRel: 0.3256 (RMSE: 6.04m, d1: 50.7%) | IRER gate: 1.000 | Time: 388.4s
2026-09-07 21:53:02,138 INFO __main__: Checkpoint saved: /kaggle/working/outputs_2d_vit/checkpoint.pt (epoch=18)
2026-09-07 21:53:18,628 INFO __main__: Step 23075 | silog: 0.4853 | l1: 0.4376 | edge: 0.2141 | smoothness: 0.0623 | planarity: 0.0180 | scale: 0.2803 | total: 0.6436 | irer_gate: 1.0000
2026-09-07 21:53:39,367 INFO __main__: Step 23125 | silog: 0.5046 | l1: 0.4400 | edge: 0.2208 | smoothness: 0.0643 | planarity: 0.0160 | scale: 0.2595 | total: 0.6575 | irer_gate: 1.0000
2026-09-07 21:54:01,004 INFO __main__: Step 23175 | silog: 0.5221 | l1: 0.4336 | edge: 0.2282 | smoothness: 0.0674 | planarity: 0.0175 | scale: 0.2348 | total: 0.6607 | irer_gate: 1.0000
2026-09-07 21:54:21,390 INFO __main__: Step 23225 | silog: 0.4929 | l1: 0.4345 | edge: 0.2197 | smoothness: 0.0610 | planarity: 0.0155 | scale: 0.2711 | total: 0.6376 | irer_gate: 1.0000
2026-09-07 21:54:41,603 INFO __main__: Step 23275 | silog: 0.4956 | l1: 0.4364 | edge: 0.2218 | smoothness: 0.0650 | planarity: 0.0164 | scale: 0.2598 | total: 0.6391 | irer_gate: 1.0000
2026-09-07 21:55:04,658 INFO __main__: Step 23325 | silog: 0.4834 | l1: 0.4239 | edge: 0.2117 | smoothness: 0.0584 | planarity: 0.0152 | scale: 0.2510 | total: 0.5745 | irer_gate: 1.0000
2026-09-07 21:55:26,829 INFO __main__: Step 23375 | silog: 0.4931 | l1: 0.4145 | edge: 0.2262 | smoothness: 0.0702 | planarity: 0.0176 | scale: 0.2375 | total: 0.5962 | irer_gate: 1.0000
2026-09-07 21:55:47,899 INFO __main__: Step 23425 | silog: 0.5122 | l1: 0.4291 | edge: 0.2331 | smoothness: 0.0710 | planarity: 0.0184 | scale: 0.2184 | total: 0.6292 | irer_gate: 1.0000
2026-09-07 21:56:09,163 INFO __main__: Step 23475 | silog: 0.5197 | l1: 0.4545 | edge: 0.2189 | smoothness: 0.0592 | planarity: 0.0163 | scale: 0.2891 | total: 0.7043 | irer_gate: 1.0000
2026-09-07 21:56:30,319 INFO __main__: Step 23525 | silog: 0.4893 | l1: 0.4361 | edge: 0.2236 | smoothness: 0.0617 | planarity: 0.0166 | scale: 0.2710 | total: 0.6313 | irer_gate: 1.0000
2026-09-07 21:56:51,355 INFO __main__: Step 23575 | silog: 0.5141 | l1: 0.4297 | edge: 0.2195 | smoothness: 0.0663 | planarity: 0.0154 | scale: 0.2294 | total: 0.6109 | irer_gate: 1.0000
2026-09-07 21:57:12,848 INFO __main__: Step 23625 | silog: 0.4895 | l1: 0.4229 | edge: 0.2259 | smoothness: 0.0647 | planarity: 0.0168 | scale: 0.2437 | total: 0.5906 | irer_gate: 1.0000
2026-09-07 21:57:34,162 INFO __main__: Step 23675 | silog: 0.5166 | l1: 0.4267 | edge: 0.2164 | smoothness: 0.0606 | planarity: 0.0171 | scale: 0.2345 | total: 0.6019 | irer_gate: 1.0000
2026-09-07 21:57:55,730 INFO __main__: Step 23725 | silog: 0.5034 | l1: 0.4507 | edge: 0.2321 | smoothness: 0.0727 | planarity: 0.0182 | scale: 0.2843 | total: 0.6997 | irer_gate: 1.0000
2026-09-07 21:58:17,917 INFO __main__: Step 23775 | silog: 0.5238 | l1: 0.4475 | edge: 0.2247 | smoothness: 0.0662 | planarity: 0.0182 | scale: 0.2594 | total: 0.6777 | irer_gate: 1.0000
2026-09-07 21:58:39,905 INFO __main__: Step 23825 | silog: 0.4912 | l1: 0.4307 | edge: 0.2281 | smoothness: 0.0712 | planarity: 0.0174 | scale: 0.2566 | total: 0.6193 | irer_gate: 1.0000
2026-09-07 21:59:01,451 INFO __main__: Step 23875 | silog: 0.5241 | l1: 0.4720 | edge: 0.2208 | smoothness: 0.0564 | planarity: 0.0164 | scale: 0.3036 | total: 0.7302 | irer_gate: 1.0000
2026-09-07 21:59:21,761 INFO __main__: Step 23925 | silog: 0.5096 | l1: 0.4313 | edge: 0.2308 | smoothness: 0.0693 | planarity: 0.0166 | scale: 0.2323 | total: 0.6164 | irer_gate: 1.0000
2026-09-07 22:00:26,109 INFO __main__: Epoch 18/24 | Loss: 0.6368 | Metric AbsRel: 0.6691 (RMSE: 5.83m, d1: 29.5%) | Aligned AbsRel: 0.2947 (RMSE: 5.72m, d1: 54.1%) | IRER gate: 1.000 | Time: 444.0s
2026-09-07 22:00:26,685 INFO __main__: Checkpoint saved: /kaggle/working/outputs_2d_vit/checkpoint.pt (epoch=19)
2026-09-07 22:00:27,415 INFO __main__: Curriculum: epoch 19 → difficulty 'easy' (11050 samples)
2026-09-07 22:00:35,012 INFO __main__: Step 23975 | silog: 0.5019 | l1: 0.4462 | edge: 0.2242 | smoothness: 0.0612 | planarity: 0.0155 | scale: 0.2661 | total: 0.6377 | irer_gate: 1.0000
2026-09-07 22:00:55,609 INFO __main__: Step 24025 | silog: 0.4859 | l1: 0.4352 | edge: 0.2080 | smoothness: 0.0462 | planarity: 0.0139 | scale: 0.2682 | total: 0.5612 | irer_gate: 1.0000
2026-09-07 22:01:16,142 INFO __main__: Step 24075 | silog: 0.4674 | l1: 0.4228 | edge: 0.2187 | smoothness: 0.0520 | planarity: 0.0146 | scale: 0.2747 | total: 0.5476 | irer_gate: 1.0000
2026-09-07 22:01:36,522 INFO __main__: Step 24125 | silog: 0.4827 | l1: 0.4396 | edge: 0.2184 | smoothness: 0.0548 | planarity: 0.0147 | scale: 0.2804 | total: 0.5955 | irer_gate: 1.0000
2026-09-07 22:01:56,940 INFO __main__: Step 24175 | silog: 0.4595 | l1: 0.4498 | edge: 0.2213 | smoothness: 0.0519 | planarity: 0.0159 | scale: 0.3153 | total: 0.6124 | irer_gate: 1.0000
2026-09-07 22:02:17,424 INFO __main__: Step 24225 | silog: 0.4988 | l1: 0.4535 | edge: 0.2383 | smoothness: 0.0597 | planarity: 0.0200 | scale: 0.2815 | total: 0.6687 | irer_gate: 1.0000
2026-09-07 22:02:37,949 INFO __main__: Step 24275 | silog: 0.4603 | l1: 0.4250 | edge: 0.2071 | smoothness: 0.0497 | planarity: 0.0158 | scale: 0.2596 | total: 0.5000 | irer_gate: 1.0000
2026-09-07 22:02:58,491 INFO __main__: Step 24325 | silog: 0.4655 | l1: 0.4387 | edge: 0.2132 | smoothness: 0.0556 | planarity: 0.0183 | scale: 0.2866 | total: 0.5673 | irer_gate: 1.0000
2026-09-07 22:03:18,795 INFO __main__: Step 24375 | silog: 0.4687 | l1: 0.4273 | edge: 0.2104 | smoothness: 0.0557 | planarity: 0.0162 | scale: 0.2728 | total: 0.5344 | irer_gate: 1.0000
2026-09-07 22:03:39,387 INFO __main__: Step 24425 | silog: 0.4684 | l1: 0.4236 | edge: 0.2246 | smoothness: 0.0585 | planarity: 0.0173 | scale: 0.2657 | total: 0.5427 | irer_gate: 1.0000
2026-09-07 22:03:59,778 INFO __main__: Step 24475 | silog: 0.4691 | l1: 0.4490 | edge: 0.2037 | smoothness: 0.0485 | planarity: 0.0159 | scale: 0.3054 | total: 0.5722 | irer_gate: 1.0000
2026-09-07 22:04:20,159 INFO __main__: Step 24525 | silog: 0.4499 | l1: 0.4057 | edge: 0.2150 | smoothness: 0.0560 | planarity: 0.0159 | scale: 0.2635 | total: 0.4717 | irer_gate: 1.0000
2026-09-07 22:04:40,621 INFO __main__: Step 24575 | silog: 0.4537 | l1: 0.4314 | edge: 0.2086 | smoothness: 0.0517 | planarity: 0.0150 | scale: 0.2673 | total: 0.4962 | irer_gate: 1.0000
2026-09-07 22:05:00,853 INFO __main__: Step 24625 | silog: 0.4607 | l1: 0.4212 | edge: 0.2084 | smoothness: 0.0571 | planarity: 0.0147 | scale: 0.2705 | total: 0.4995 | irer_gate: 1.0000
2026-09-07 22:05:21,226 INFO __main__: Step 24675 | silog: 0.4629 | l1: 0.4149 | edge: 0.2225 | smoothness: 0.0565 | planarity: 0.0153 | scale: 0.2505 | total: 0.4899 | irer_gate: 1.0000
2026-09-07 22:05:41,764 INFO __main__: Step 24725 | silog: 0.4556 | l1: 0.4055 | edge: 0.2144 | smoothness: 0.0489 | planarity: 0.0152 | scale: 0.2430 | total: 0.4379 | irer_gate: 1.0000
2026-09-07 22:06:02,357 INFO __main__: Step 24775 | silog: 0.4590 | l1: 0.4106 | edge: 0.2061 | smoothness: 0.0469 | planarity: 0.0148 | scale: 0.2538 | total: 0.4429 | irer_gate: 1.0000
2026-09-07 22:06:22,830 INFO __main__: Step 24825 | silog: 0.4776 | l1: 0.4148 | edge: 0.2246 | smoothness: 0.0619 | planarity: 0.0158 | scale: 0.2384 | total: 0.4990 | irer_gate: 1.0000
2026-09-07 22:06:43,163 INFO __main__: Step 24875 | silog: 0.4668 | l1: 0.4158 | edge: 0.2244 | smoothness: 0.0636 | planarity: 0.0154 | scale: 0.2537 | total: 0.5003 | irer_gate: 1.0000
2026-09-07 22:07:03,434 INFO __main__: Step 24925 | silog: 0.4691 | l1: 0.4126 | edge: 0.2129 | smoothness: 0.0529 | planarity: 0.0162 | scale: 0.2554 | total: 0.4708 | irer_gate: 1.0000
2026-09-07 22:07:23,941 INFO __main__: Step 24975 | silog: 0.4543 | l1: 0.4127 | edge: 0.2141 | smoothness: 0.0597 | planarity: 0.0163 | scale: 0.2433 | total: 0.4473 | irer_gate: 1.0000
2026-09-07 22:07:44,123 INFO __main__: Step 25025 | silog: 0.4382 | l1: 0.3908 | edge: 0.2063 | smoothness: 0.0566 | planarity: 0.0153 | scale: 0.2308 | total: 0.3677 | irer_gate: 1.0000
2026-09-07 22:08:04,664 INFO __main__: Step 25075 | silog: 0.4462 | l1: 0.3973 | edge: 0.2137 | smoothness: 0.0572 | planarity: 0.0164 | scale: 0.2508 | total: 0.4162 | irer_gate: 1.0000
2026-09-07 22:08:25,020 INFO __main__: Step 25125 | silog: 0.4539 | l1: 0.4072 | edge: 0.2248 | smoothness: 0.0569 | planarity: 0.0158 | scale: 0.2307 | total: 0.4297 | irer_gate: 1.0000
2026-09-07 22:08:45,248 INFO __main__: Step 25175 | silog: 0.4662 | l1: 0.4059 | edge: 0.2197 | smoothness: 0.0526 | planarity: 0.0164 | scale: 0.2450 | total: 0.4444 | irer_gate: 1.0000
2026-09-07 22:09:05,765 INFO __main__: Step 25225 | silog: 0.4514 | l1: 0.4021 | edge: 0.2127 | smoothness: 0.0593 | planarity: 0.0160 | scale: 0.2509 | total: 0.4225 | irer_gate: 1.0000
2026-09-07 22:09:26,080 INFO __main__: Step 25275 | silog: 0.4692 | l1: 0.4203 | edge: 0.2092 | smoothness: 0.0539 | planarity: 0.0149 | scale: 0.2538 | total: 0.4568 | irer_gate: 1.0000
2026-09-07 22:09:46,435 INFO __main__: Step 25325 | silog: 0.4410 | l1: 0.3974 | edge: 0.2281 | smoothness: 0.0621 | planarity: 0.0165 | scale: 0.2498 | total: 0.4207 | irer_gate: 1.0000
2026-09-07 22:09:53,466 INFO __main__: Epoch 19/24 | Loss: 0.4977 | Metric AbsRel: 0.6691 (RMSE: 5.83m, d1: 29.5%) | Aligned AbsRel: 0.2947 (RMSE: 5.72m, d1: 54.1%) | IRER gate: 1.000 | Time: 566.1s
2026-09-07 22:09:54,082 INFO __main__: Checkpoint saved: /kaggle/working/outputs_2d_vit/checkpoint.pt (epoch=20)
2026-09-07 22:09:54,886 INFO __main__: Curriculum: epoch 20 → difficulty 'hard' (7414 samples)
2026-09-07 22:10:10,677 INFO __main__: Step 25375 | silog: 0.5003 | l1: 0.4728 | edge: 0.2232 | smoothness: 0.0502 | planarity: 0.0172 | scale: 0.2825 | total: 0.6061 | irer_gate: 1.0000
2026-09-07 22:10:31,152 INFO __main__: Step 25425 | silog: 0.5377 | l1: 0.4751 | edge: 0.2379 | smoothness: 0.0646 | planarity: 0.0172 | scale: 0.2757 | total: 0.6871 | irer_gate: 1.0000
2026-09-07 22:10:51,912 INFO __main__: Step 25475 | silog: 0.5086 | l1: 0.4454 | edge: 0.2187 | smoothness: 0.0619 | planarity: 0.0153 | scale: 0.2734 | total: 0.5750 | irer_gate: 1.0000
2026-09-07 22:11:12,325 INFO __main__: Step 25525 | silog: 0.5105 | l1: 0.4492 | edge: 0.2220 | smoothness: 0.0650 | planarity: 0.0163 | scale: 0.2666 | total: 0.5835 | irer_gate: 1.0000
2026-09-07 22:11:32,703 INFO __main__: Step 25575 | silog: 0.5097 | l1: 0.4439 | edge: 0.2098 | smoothness: 0.0562 | planarity: 0.0155 | scale: 0.2637 | total: 0.5426 | irer_gate: 1.0000
2026-09-07 22:11:53,095 INFO __main__: Step 25625 | silog: 0.5147 | l1: 0.4605 | edge: 0.2293 | smoothness: 0.0701 | planarity: 0.0194 | scale: 0.2854 | total: 0.6394 | irer_gate: 1.0000
2026-09-07 22:12:13,230 INFO __main__: Step 25675 | silog: 0.5104 | l1: 0.4496 | edge: 0.2237 | smoothness: 0.0588 | planarity: 0.0174 | scale: 0.2581 | total: 0.5662 | irer_gate: 1.0000
2026-09-07 22:12:33,595 INFO __main__: Step 25725 | silog: 0.5195 | l1: 0.4458 | edge: 0.2329 | smoothness: 0.0701 | planarity: 0.0171 | scale: 0.2803 | total: 0.6204 | irer_gate: 1.0000
2026-09-07 22:12:53,810 INFO __main__: Step 25775 | silog: 0.5240 | l1: 0.4526 | edge: 0.2239 | smoothness: 0.0622 | planarity: 0.0167 | scale: 0.2666 | total: 0.5976 | irer_gate: 1.0000
2026-09-07 22:13:14,365 INFO __main__: Step 25825 | silog: 0.4971 | l1: 0.4347 | edge: 0.2190 | smoothness: 0.0629 | planarity: 0.0163 | scale: 0.2501 | total: 0.5148 | irer_gate: 1.0000
2026-09-07 22:13:34,763 INFO __main__: Step 25875 | silog: 0.4625 | l1: 0.4039 | edge: 0.2089 | smoothness: 0.0681 | planarity: 0.0163 | scale: 0.2558 | total: 0.4265 | irer_gate: 1.0000
2026-09-07 22:13:55,153 INFO __main__: Step 25925 | silog: 0.5000 | l1: 0.4387 | edge: 0.2177 | smoothness: 0.0667 | planarity: 0.0162 | scale: 0.2571 | total: 0.5311 | irer_gate: 1.0000
2026-09-07 22:14:15,568 INFO __main__: Step 25975 | silog: 0.5058 | l1: 0.4277 | edge: 0.2278 | smoothness: 0.0657 | planarity: 0.0159 | scale: 0.2367 | total: 0.5138 | irer_gate: 1.0000
2026-09-07 22:14:35,855 INFO __main__: Step 26025 | silog: 0.4791 | l1: 0.4138 | edge: 0.2169 | smoothness: 0.0619 | planarity: 0.0163 | scale: 0.2211 | total: 0.4241 | irer_gate: 1.0000
2026-09-07 22:14:56,233 INFO __main__: Step 26075 | silog: 0.4946 | l1: 0.4306 | edge: 0.2308 | smoothness: 0.0695 | planarity: 0.0188 | scale: 0.2460 | total: 0.5208 | irer_gate: 1.0000
2026-09-07 22:15:16,460 INFO __main__: Step 26125 | silog: 0.4869 | l1: 0.4163 | edge: 0.2273 | smoothness: 0.0703 | planarity: 0.0188 | scale: 0.2428 | total: 0.4834 | irer_gate: 1.0000
2026-09-07 22:15:36,792 INFO __main__: Step 26175 | silog: 0.5067 | l1: 0.4324 | edge: 0.2208 | smoothness: 0.0651 | planarity: 0.0171 | scale: 0.2415 | total: 0.5103 | irer_gate: 1.0000
2026-09-07 22:15:57,472 INFO __main__: Step 26225 | silog: 0.5151 | l1: 0.4407 | edge: 0.2220 | smoothness: 0.0681 | planarity: 0.0174 | scale: 0.2617 | total: 0.5566 | irer_gate: 1.0000
2026-09-07 22:17:03,684 INFO __main__: Epoch 20/24 | Loss: 0.5567 | Metric AbsRel: 0.7630 (RMSE: 6.59m, d1: 23.2%) | Aligned AbsRel: 0.2832 (RMSE: 5.71m, d1: 54.3%) | IRER gate: 1.000 | Time: 428.8s
2026-09-07 22:17:04,252 INFO __main__: Checkpoint saved: /kaggle/working/outputs_2d_vit/checkpoint.pt (epoch=21)
2026-09-07 22:17:06,984 INFO __main__: Step 26275 | silog: 0.5191 | l1: 0.4550 | edge: 0.2242 | smoothness: 0.0744 | planarity: 0.0181 | scale: 0.2931 | total: 0.6222 | irer_gate: 1.0000
2026-09-07 22:17:27,079 INFO __main__: Step 26325 | silog: 0.5144 | l1: 0.4332 | edge: 0.2159 | smoothness: 0.0599 | planarity: 0.0157 | scale: 0.2570 | total: 0.5168 | irer_gate: 1.0000
2026-09-07 22:17:47,481 INFO __main__: Step 26375 | silog: 0.4905 | l1: 0.4263 | edge: 0.2279 | smoothness: 0.0646 | planarity: 0.0165 | scale: 0.2502 | total: 0.4906 | irer_gate: 1.0000
2026-09-07 22:18:07,844 INFO __main__: Step 26425 | silog: 0.4831 | l1: 0.4050 | edge: 0.2206 | smoothness: 0.0689 | planarity: 0.0169 | scale: 0.2251 | total: 0.4228 | irer_gate: 1.0000
2026-09-07 22:18:28,014 INFO __main__: Step 26475 | silog: 0.5165 | l1: 0.4573 | edge: 0.2183 | smoothness: 0.0657 | planarity: 0.0171 | scale: 0.2719 | total: 0.5740 | irer_gate: 1.0000
2026-09-07 22:18:48,337 INFO __main__: Step 26525 | silog: 0.5118 | l1: 0.4364 | edge: 0.2284 | smoothness: 0.0687 | planarity: 0.0187 | scale: 0.2783 | total: 0.5646 | irer_gate: 1.0000
2026-09-07 22:19:08,509 INFO __main__: Step 26575 | silog: 0.5093 | l1: 0.4269 | edge: 0.2371 | smoothness: 0.0756 | planarity: 0.0196 | scale: 0.2353 | total: 0.5258 | irer_gate: 1.0000
2026-09-07 22:19:28,663 INFO __main__: Step 26625 | silog: 0.4673 | l1: 0.3950 | edge: 0.2224 | smoothness: 0.0705 | planarity: 0.0197 | scale: 0.2336 | total: 0.3987 | irer_gate: 1.0000
2026-09-07 22:19:48,836 INFO __main__: Step 26675 | silog: 0.4739 | l1: 0.4111 | edge: 0.2041 | smoothness: 0.0644 | planarity: 0.0191 | scale: 0.2388 | total: 0.3990 | irer_gate: 1.0000
2026-09-07 22:20:09,131 INFO __main__: Step 26725 | silog: 0.4764 | l1: 0.4104 | edge: 0.2242 | smoothness: 0.0678 | planarity: 0.0190 | scale: 0.2450 | total: 0.4365 | irer_gate: 1.0000
2026-09-07 22:20:29,197 INFO __main__: Step 26775 | silog: 0.4994 | l1: 0.4260 | edge: 0.2176 | smoothness: 0.0644 | planarity: 0.0156 | scale: 0.2436 | total: 0.4669 | irer_gate: 1.0000
2026-09-07 22:20:49,435 INFO __main__: Step 26825 | silog: 0.4964 | l1: 0.4159 | edge: 0.2257 | smoothness: 0.0659 | planarity: 0.0163 | scale: 0.2247 | total: 0.4423 | irer_gate: 1.0000
2026-09-07 22:21:09,787 INFO __main__: Step 26875 | silog: 0.4889 | l1: 0.4103 | edge: 0.2081 | smoothness: 0.0662 | planarity: 0.0162 | scale: 0.2319 | total: 0.4071 | irer_gate: 1.0000
2026-09-07 22:21:29,913 INFO __main__: Step 26925 | silog: 0.5256 | l1: 0.4317 | edge: 0.2233 | smoothness: 0.0691 | planarity: 0.0154 | scale: 0.2451 | total: 0.5184 | irer_gate: 1.0000
2026-09-07 22:21:50,296 INFO __main__: Step 26975 | silog: 0.4539 | l1: 0.3943 | edge: 0.2194 | smoothness: 0.0660 | planarity: 0.0174 | scale: 0.2376 | total: 0.3570 | irer_gate: 1.0000
2026-09-07 22:22:10,537 INFO __main__: Step 27025 | silog: 0.4974 | l1: 0.4236 | edge: 0.2165 | smoothness: 0.0681 | planarity: 0.0173 | scale: 0.2503 | total: 0.4637 | irer_gate: 1.0000
2026-09-07 22:22:30,765 INFO __main__: Step 27075 | silog: 0.4864 | l1: 0.4013 | edge: 0.2131 | smoothness: 0.0674 | planarity: 0.0163 | scale: 0.2343 | total: 0.3950 | irer_gate: 1.0000
2026-09-07 22:22:51,031 INFO __main__: Step 27125 | silog: 0.5087 | l1: 0.4223 | edge: 0.2184 | smoothness: 0.0624 | planarity: 0.0151 | scale: 0.2391 | total: 0.4540 | irer_gate: 1.0000
2026-09-07 22:23:11,172 INFO __main__: Step 27175 | silog: 0.4845 | l1: 0.4113 | edge: 0.2209 | smoothness: 0.0711 | planarity: 0.0164 | scale: 0.2449 | total: 0.4274 | irer_gate: 1.0000
2026-09-07 22:23:19,075 INFO __main__: Epoch 21/24 | Loss: 0.4607 | Metric AbsRel: 0.7630 (RMSE: 6.59m, d1: 23.2%) | Aligned AbsRel: 0.2832 (RMSE: 5.71m, d1: 54.3%) | IRER gate: 1.000 | Time: 374.8s
2026-09-07 22:23:19,665 INFO __main__: Checkpoint saved: /kaggle/working/outputs_2d_vit/checkpoint.pt (epoch=22)
2026-09-07 22:23:19,671 INFO __main__: Curriculum: epoch 22 requested 'medium' → using 'Hard' (TartanAir standard levels: 'Easy' and 'Hard') (7414 samples)
2026-09-07 22:23:35,383 INFO __main__: Step 27225 | silog: 0.4983 | l1: 0.4132 | edge: 0.2283 | smoothness: 0.0705 | planarity: 0.0163 | scale: 0.2268 | total: 0.4370 | irer_gate: 1.0000
2026-09-07 22:23:55,673 INFO __main__: Step 27275 | silog: 0.4751 | l1: 0.3960 | edge: 0.2150 | smoothness: 0.0708 | planarity: 0.0166 | scale: 0.2184 | total: 0.3556 | irer_gate: 1.0000
2026-09-07 22:24:15,816 INFO __main__: Step 27325 | silog: 0.4791 | l1: 0.3968 | edge: 0.2129 | smoothness: 0.0684 | planarity: 0.0167 | scale: 0.2233 | total: 0.3590 | irer_gate: 1.0000
2026-09-07 22:24:36,262 INFO __main__: Step 27375 | silog: 0.4898 | l1: 0.4328 | edge: 0.2232 | smoothness: 0.0694 | planarity: 0.0172 | scale: 0.2538 | total: 0.4651 | irer_gate: 1.0000
2026-09-07 22:24:56,499 INFO __main__: Step 27425 | silog: 0.4823 | l1: 0.4058 | edge: 0.2164 | smoothness: 0.0647 | planarity: 0.0157 | scale: 0.2228 | total: 0.3692 | irer_gate: 1.0000
2026-09-07 22:25:16,858 INFO __main__: Step 27475 | silog: 0.4891 | l1: 0.4071 | edge: 0.2202 | smoothness: 0.0712 | planarity: 0.0199 | scale: 0.2396 | total: 0.4146 | irer_gate: 1.0000
2026-09-07 22:25:36,984 INFO __main__: Step 27525 | silog: 0.4992 | l1: 0.4164 | edge: 0.2278 | smoothness: 0.0751 | planarity: 0.0184 | scale: 0.2521 | total: 0.4644 | irer_gate: 1.0000
2026-09-07 22:25:59,606 INFO __main__: Step 27575 | silog: 0.4734 | l1: 0.3971 | edge: 0.2103 | smoothness: 0.0630 | planarity: 0.0163 | scale: 0.2223 | total: 0.3304 | irer_gate: 1.0000
2026-09-07 22:26:22,264 INFO __main__: Step 27625 | silog: 0.4814 | l1: 0.4182 | edge: 0.2153 | smoothness: 0.0695 | planarity: 0.0167 | scale: 0.2545 | total: 0.4153 | irer_gate: 1.0000
2026-09-07 22:26:43,170 INFO __main__: Step 27675 | silog: 0.5019 | l1: 0.4388 | edge: 0.2209 | smoothness: 0.0634 | planarity: 0.0179 | scale: 0.2720 | total: 0.4868 | irer_gate: 1.0000
2026-09-07 22:27:04,200 INFO __main__: Step 27725 | silog: 0.4913 | l1: 0.4147 | edge: 0.2266 | smoothness: 0.0742 | planarity: 0.0178 | scale: 0.2466 | total: 0.4353 | irer_gate: 1.0000
2026-09-07 22:27:25,106 INFO __main__: Step 27775 | silog: 0.4800 | l1: 0.4002 | edge: 0.2213 | smoothness: 0.0686 | planarity: 0.0174 | scale: 0.2144 | total: 0.3518 | irer_gate: 1.0000
2026-09-07 22:27:46,247 INFO __main__: Step 27825 | silog: 0.4966 | l1: 0.4188 | edge: 0.2228 | smoothness: 0.0605 | planarity: 0.0157 | scale: 0.2274 | total: 0.3994 | irer_gate: 1.0000
2026-09-07 22:28:07,543 INFO __main__: Step 27875 | silog: 0.4942 | l1: 0.3996 | edge: 0.2232 | smoothness: 0.0775 | planarity: 0.0184 | scale: 0.2124 | total: 0.3808 | irer_gate: 1.0000
2026-09-07 22:28:28,414 INFO __main__: Step 27925 | silog: 0.4720 | l1: 0.3907 | edge: 0.2143 | smoothness: 0.0615 | planarity: 0.0160 | scale: 0.2236 | total: 0.3121 | irer_gate: 1.0000
2026-09-07 22:28:49,948 INFO __main__: Step 27975 | silog: 0.4845 | l1: 0.4020 | edge: 0.2060 | smoothness: 0.0676 | planarity: 0.0162 | scale: 0.2370 | total: 0.3528 | irer_gate: 1.0000
2026-09-07 22:29:10,758 INFO __main__: Step 28025 | silog: 0.4897 | l1: 0.4110 | edge: 0.2253 | smoothness: 0.0697 | planarity: 0.0168 | scale: 0.2281 | total: 0.3903 | irer_gate: 1.0000
2026-09-07 22:29:31,085 INFO __main__: Step 28075 | silog: 0.4690 | l1: 0.3854 | edge: 0.2177 | smoothness: 0.0700 | planarity: 0.0170 | scale: 0.2192 | total: 0.3076 | irer_gate: 1.0000
2026-09-07 22:30:38,509 INFO __main__: Epoch 22/24 | Loss: 0.3888 | Metric AbsRel: 0.8656 (RMSE: 6.82m, d1: 21.3%) | Aligned AbsRel: 0.2945 (RMSE: 5.80m, d1: 52.5%) | IRER gate: 1.000 | Time: 438.0s
2026-09-07 22:30:39,096 INFO __main__: Checkpoint saved: /kaggle/working/outputs_2d_vit/checkpoint.pt (epoch=23)
2026-09-07 22:30:39,825 INFO __main__: Curriculum: epoch 23 → difficulty 'easy' (11050 samples)
2026-09-07 22:30:43,796 INFO __main__: Step 28125 | silog: 0.4916 | l1: 0.4093 | edge: 0.2224 | smoothness: 0.0693 | planarity: 0.0178 | scale: 0.2395 | total: 0.3950 | irer_gate: 1.0000
2026-09-07 22:31:07,072 INFO __main__: Step 28175 | silog: 0.4809 | l1: 0.4416 | edge: 0.2162 | smoothness: 0.0541 | planarity: 0.0152 | scale: 0.2777 | total: 0.4274 | irer_gate: 1.0000
2026-09-07 22:31:29,503 INFO __main__: Step 28225 | silog: 0.4731 | l1: 0.4214 | edge: 0.2078 | smoothness: 0.0519 | planarity: 0.0141 | scale: 0.2593 | total: 0.3538 | irer_gate: 1.0000
2026-09-07 22:31:50,689 INFO __main__: Step 28275 | silog: 0.4569 | l1: 0.4200 | edge: 0.2251 | smoothness: 0.0582 | planarity: 0.0161 | scale: 0.2650 | total: 0.3674 | irer_gate: 1.0000
2026-09-07 22:32:11,951 INFO __main__: Step 28325 | silog: 0.4703 | l1: 0.4428 | edge: 0.2148 | smoothness: 0.0488 | planarity: 0.0157 | scale: 0.2894 | total: 0.4112 | irer_gate: 1.0000
2026-09-07 22:32:33,059 INFO __main__: Step 28375 | silog: 0.4525 | l1: 0.4126 | edge: 0.2068 | smoothness: 0.0511 | planarity: 0.0141 | scale: 0.2620 | total: 0.3071 | irer_gate: 1.0000
2026-09-07 22:32:54,288 INFO __main__: Step 28425 | silog: 0.4563 | l1: 0.4294 | edge: 0.2188 | smoothness: 0.0603 | planarity: 0.0162 | scale: 0.2887 | total: 0.3906 | irer_gate: 1.0000
2026-09-07 22:33:15,832 INFO __main__: Step 28475 | silog: 0.4670 | l1: 0.4106 | edge: 0.2167 | smoothness: 0.0546 | planarity: 0.0152 | scale: 0.2414 | total: 0.3188 | irer_gate: 1.0000
2026-09-07 22:33:36,580 INFO __main__: Step 28525 | silog: 0.4635 | l1: 0.4103 | edge: 0.2161 | smoothness: 0.0558 | planarity: 0.0153 | scale: 0.2417 | total: 0.3125 | irer_gate: 1.0000
2026-09-07 22:33:57,811 INFO __main__: Step 28575 | silog: 0.4644 | l1: 0.4058 | edge: 0.2160 | smoothness: 0.0613 | planarity: 0.0161 | scale: 0.2362 | total: 0.3083 | irer_gate: 1.0000
2026-09-07 22:34:18,816 INFO __main__: Step 28625 | silog: 0.4737 | l1: 0.4150 | edge: 0.2150 | smoothness: 0.0536 | planarity: 0.0165 | scale: 0.2379 | total: 0.3217 | irer_gate: 1.0000
2026-09-07 22:34:40,896 INFO __main__: Step 28675 | silog: 0.4538 | l1: 0.4045 | edge: 0.2207 | smoothness: 0.0588 | planarity: 0.0158 | scale: 0.2485 | total: 0.3023 | irer_gate: 1.0000
2026-09-07 22:35:02,959 INFO __main__: Step 28725 | silog: 0.4272 | l1: 0.3993 | edge: 0.2073 | smoothness: 0.0544 | planarity: 0.0152 | scale: 0.2489 | total: 0.2320 | irer_gate: 1.0000
2026-09-07 22:35:24,928 INFO __main__: Step 28775 | silog: 0.4270 | l1: 0.3860 | edge: 0.2098 | smoothness: 0.0548 | planarity: 0.0148 | scale: 0.2452 | total: 0.2110 | irer_gate: 1.0000
2026-09-07 22:35:46,362 INFO __main__: Step 28825 | silog: 0.4480 | l1: 0.4078 | edge: 0.2072 | smoothness: 0.0569 | planarity: 0.0149 | scale: 0.2523 | total: 0.2729 | irer_gate: 1.0000
2026-09-07 22:36:06,888 INFO __main__: Step 28875 | silog: 0.4549 | l1: 0.4042 | edge: 0.2114 | smoothness: 0.0559 | planarity: 0.0149 | scale: 0.2386 | total: 0.2654 | irer_gate: 1.0000
2026-09-07 22:36:27,676 INFO __main__: Step 28925 | silog: 0.4578 | l1: 0.4284 | edge: 0.2190 | smoothness: 0.0549 | planarity: 0.0159 | scale: 0.2909 | total: 0.3621 | irer_gate: 1.0000
2026-09-07 22:36:48,805 INFO __main__: Step 28975 | silog: 0.4466 | l1: 0.4094 | edge: 0.2113 | smoothness: 0.0547 | planarity: 0.0166 | scale: 0.2654 | total: 0.2838 | irer_gate: 1.0000
2026-09-07 22:37:09,624 INFO __main__: Step 29025 | silog: 0.4376 | l1: 0.4206 | edge: 0.2164 | smoothness: 0.0569 | planarity: 0.0176 | scale: 0.2898 | total: 0.3205 | irer_gate: 1.0000
2026-09-07 22:37:30,186 INFO __main__: Step 29075 | silog: 0.4651 | l1: 0.4240 | edge: 0.2163 | smoothness: 0.0570 | planarity: 0.0164 | scale: 0.2844 | total: 0.3539 | irer_gate: 1.0000
2026-09-07 22:37:50,976 INFO __main__: Step 29125 | silog: 0.4619 | l1: 0.4161 | edge: 0.2196 | smoothness: 0.0587 | planarity: 0.0198 | scale: 0.2570 | total: 0.3209 | irer_gate: 1.0000
2026-09-07 22:38:12,115 INFO __main__: Step 29175 | silog: 0.4421 | l1: 0.3813 | edge: 0.2143 | smoothness: 0.0575 | planarity: 0.0160 | scale: 0.2191 | total: 0.1928 | irer_gate: 1.0000
2026-09-07 22:38:34,236 INFO __main__: Step 29225 | silog: 0.4482 | l1: 0.4013 | edge: 0.2210 | smoothness: 0.0659 | planarity: 0.0154 | scale: 0.2563 | total: 0.2826 | irer_gate: 1.0000
2026-09-07 22:38:56,042 INFO __main__: Step 29275 | silog: 0.4459 | l1: 0.4093 | edge: 0.2171 | smoothness: 0.0552 | planarity: 0.0169 | scale: 0.2662 | total: 0.2805 | irer_gate: 1.0000
2026-09-07 22:39:17,910 INFO __main__: Step 29325 | silog: 0.4414 | l1: 0.3964 | edge: 0.2048 | smoothness: 0.0543 | planarity: 0.0155 | scale: 0.2426 | total: 0.2111 | irer_gate: 1.0000
2026-09-07 22:39:38,984 INFO __main__: Step 29375 | silog: 0.4498 | l1: 0.4096 | edge: 0.2155 | smoothness: 0.0596 | planarity: 0.0171 | scale: 0.2653 | total: 0.2854 | irer_gate: 1.0000
2026-09-07 22:39:59,859 INFO __main__: Step 29425 | silog: 0.4578 | l1: 0.4210 | edge: 0.2043 | smoothness: 0.0531 | planarity: 0.0156 | scale: 0.2677 | total: 0.2861 | irer_gate: 1.0000
2026-09-07 22:40:20,754 INFO __main__: Step 29475 | silog: 0.4580 | l1: 0.3974 | edge: 0.2174 | smoothness: 0.0577 | planarity: 0.0158 | scale: 0.2361 | total: 0.2454 | irer_gate: 1.0000
2026-09-07 22:40:31,739 INFO __main__: Epoch 23/24 | Loss: 0.3017 | Metric AbsRel: 0.8656 (RMSE: 6.82m, d1: 21.3%) | Aligned AbsRel: 0.2945 (RMSE: 5.80m, d1: 52.5%) | IRER gate: 1.000 | Time: 591.9s
2026-09-07 22:40:32,436 INFO __main__: Checkpoint saved: /kaggle/working/outputs_2d_vit/checkpoint.pt (epoch=24)
2026-09-07 22:40:32,437 INFO __main__: Training complete. Best val abs_rel: 0.2832
